canonical_keyword,keyword_set_mode,keyword,title,url,published_at,description,originallink,source,term,term_type,term_weight,collected_at,views,likes,comments,engagements,author,snippet,raw_payload
왁뿌볼,preset,왁뿌볼,"‘6월 결혼’ 문채원, ‘영크크’ 열풍 따라 동묘 나들이..MZ 따라하다 ...",https://m.entertain.naver.com/article/112/0003798399,"Fri, 12 Jun 2026 14:23:00 +0900",말랑이랑 <b>왁뿌볼</b>을 (사 와달라는) 부탁을 받았다”고 말했다. 폭신하며 말랑거리는 촉감을 가진 ‘말랑이’ 장난감은 MZ세대의 인기 촉감 완구이다. 문채원은 계속해서 만져보면서 감탄했다. 이어 그는 빵 냄새가 나는... ,https://www.heraldmuse.com/article/10770604?ref=naver,naver_news,왁뿌볼,canonical,1.0,2026-06-13T16:13:40.833603+00:00,0,0,0,0,,말랑이랑 <b>왁뿌볼</b>을 (사 와달라는) 부탁을 받았다”고 말했다. 폭신하며 말랑거리는 촉감을 가진 ‘말랑이’ 장난감은 MZ세대의 인기 촉감 완구이다. 문채원은 계속해서 만져보면서 감탄했다. 이어 그는 빵 냄새가 나는... ,"{""title"": ""‘6월 결혼’ 문채원, ‘영크크’ 열풍 따라 동묘 나들이..MZ 따라하다 ..."", ""originallink"": ""https://www.heraldmuse.com/article/10770604?ref=naver"", ""link"": ""https://m.entertain.naver.com/article/112/0003798399"", ""description"": ""말랑이랑 <b>왁뿌볼</b>을 (사 와달라는) 부탁을 받았다”고 말했다. 폭신하며 말랑거리는 촉감을 가진 ‘말랑이’ 장난감은 MZ세대의 인기 촉감 완구이다. 문채원은 계속해서 만져보면서 감탄했다. 이어 그는 빵 냄새가 나는... "", ""pubDate"": ""Fri, 12 Jun 2026 14:23:00 +0900""}"
왁뿌볼,preset,왁뿌볼,"결혼 앞둔 문채원, 코르티스 찐팬이었다…옷가게 한복판서 춤까지",https://m.entertain.naver.com/article/144/0001120445,"Fri, 12 Jun 2026 11:56:00 +0900","빈티지 쇼핑, <b>왁뿌볼</b>, 말랑이까지 동묘 100% 즐기기’라는 제목의 영상이 공개됐다. 이날 문채원은 동묘를 찾은 이유에 대해 “제가 어느 정도로 영향을 받았냐면 코르티스의 ‘패션’ 노래에 ‘동묘에서 만난다’ 이런... ",https://sports.khan.co.kr/article/202606121155013?pt=nv,naver_news,왁뿌볼,canonical,1.0,2026-06-13T16:13:40.833603+00:00,0,0,0,0,,"빈티지 쇼핑, <b>왁뿌볼</b>, 말랑이까지 동묘 100% 즐기기’라는 제목의 영상이 공개됐다. 이날 문채원은 동묘를 찾은 이유에 대해 “제가 어느 정도로 영향을 받았냐면 코르티스의 ‘패션’ 노래에 ‘동묘에서 만난다’ 이런... ","{""title"": ""결혼 앞둔 문채원, 코르티스 찐팬이었다…옷가게 한복판서 춤까지"", ""originallink"": ""https://sports.khan.co.kr/article/202606121155013?pt=nv"", ""link"": ""https://m.entertain.naver.com/article/144/0001120445"", ""description"": ""빈티지 쇼핑, <b>왁뿌볼</b>, 말랑이까지 동묘 100% 즐기기’라는 제목의 영상이 공개됐다. 이날 문채원은 동묘를 찾은 이유에 대해 “제가 어느 정도로 영향을 받았냐면 코르티스의 ‘패션’ 노래에 ‘동묘에서 만난다’ 이런... "", ""pubDate"": ""Fri, 12 Jun 2026 11:56:00 +0900""}"
왁뿌볼,preset,왁뿌볼,[금주의 안성시] 안성문화로 74번길 체험형 팝업 '취향대로 즐기는 요즘...,https://www.joongboo.com/news/articleView.html?idxno=363728449,"Fri, 12 Jun 2026 11:26:00 +0900","▶안성시, 안성문화로 74번길 체험형 팝업 '취향대로 즐기는 요즘 공예' 연다…<b>왁뿌볼</b>·달고나·솜사탕부터... 행사 기간 방문객들은 별도 예약 없이 ▶<b>왁뿌볼</b> 만들기 ▶솜사탕 만들기 ▶달고나 만들기 같은 자율 체험... ",https://www.joongboo.com/news/articleView.html?idxno=363728449,naver_news,왁뿌볼,canonical,1.0,2026-06-13T16:13:40.833603+00:00,0,0,0,0,,"▶안성시, 안성문화로 74번길 체험형 팝업 '취향대로 즐기는 요즘 공예' 연다…<b>왁뿌볼</b>·달고나·솜사탕부터... 행사 기간 방문객들은 별도 예약 없이 ▶<b>왁뿌볼</b> 만들기 ▶솜사탕 만들기 ▶달고나 만들기 같은 자율 체험... ","{""title"": ""[금주의 안성시] 안성문화로 74번길 체험형 팝업 '취향대로 즐기는 요즘..."", ""originallink"": ""https://www.joongboo.com/news/articleView.html?idxno=363728449"", ""link"": ""https://www.joongboo.com/news/articleView.html?idxno=363728449"", ""description"": ""▶안성시, 안성문화로 74번길 체험형 팝업 '취향대로 즐기는 요즘 공예' 연다…<b>왁뿌볼</b>·달고나·솜사탕부터... 행사 기간 방문객들은 별도 예약 없이 ▶<b>왁뿌볼</b> 만들기 ▶솜사탕 만들기 ▶달고나 만들기 같은 자율 체험... "", ""pubDate"": ""Fri, 12 Jun 2026 11:26:00 +0900""}"
왁뿌볼,preset,왁뿌볼,"'비연예인♥' 문채원, 결혼식 앞두고 남모를 고충 털어놨다…&quot;자제가 안...",https://m.entertain.naver.com/article/213/0001390337,"Fri, 12 Jun 2026 11:07:00 +0900","빈티지 쇼핑, <b>왁뿌볼</b>, 말랑이까지 동묘 100% 즐기기'라는 제목의 영상을 게시했다. 이날 영상에서는 문채원이 동묘에서 쇼핑하는 모습이 담겼다. 제작진에게 쇼핑비 47,600원을 건네받은 문채원은 주어진 예산 내에서... ",https://www.tvreport.co.kr/entertainment/article/1053088/,naver_news,왁뿌볼,canonical,1.0,2026-06-13T16:13:40.833603+00:00,0,0,0,0,,"빈티지 쇼핑, <b>왁뿌볼</b>, 말랑이까지 동묘 100% 즐기기'라는 제목의 영상을 게시했다. 이날 영상에서는 문채원이 동묘에서 쇼핑하는 모습이 담겼다. 제작진에게 쇼핑비 47,600원을 건네받은 문채원은 주어진 예산 내에서... ","{""title"": ""'비연예인♥' 문채원, 결혼식 앞두고 남모를 고충 털어놨다…&quot;자제가 안..."", ""originallink"": ""https://www.tvreport.co.kr/entertainment/article/1053088/"", ""link"": ""https://m.entertain.naver.com/article/213/0001390337"", ""description"": ""빈티지 쇼핑, <b>왁뿌볼</b>, 말랑이까지 동묘 100% 즐기기'라는 제목의 영상을 게시했다. 이날 영상에서는 문채원이 동묘에서 쇼핑하는 모습이 담겼다. 제작진에게 쇼핑비 47,600원을 건네받은 문채원은 주어진 예산 내에서... "", ""pubDate"": ""Fri, 12 Jun 2026 11:07:00 +0900""}"
왁뿌볼,preset,왁뿌볼,"'비연예인♥' 문채원, 웨딩화보=보정 &quot;6월 결혼인데 입 터졌다&quot; [마데핫...",https://m.entertain.naver.com/article/117/0004073856,"Thu, 11 Jun 2026 20:01:00 +0900","빈티지 쇼핑, <b>왁뿌볼</b>, 말랑이까지?? 동묘 100% 즐기기' 영상이 공개됐다. 이날 문채원은 동묘를 찾아 빈티지 의류 쇼핑에 나섰고, 제한된 예산 안에서 직접 옷을 고르며 평소와 다른 스타일에도 도전했다. 이후 완구시장을... ",https://www.mydaily.co.kr/page/view/2026061118453748825,naver_news,왁뿌볼,canonical,1.0,2026-06-13T16:13:40.833603+00:00,0,0,0,0,,"빈티지 쇼핑, <b>왁뿌볼</b>, 말랑이까지?? 동묘 100% 즐기기' 영상이 공개됐다. 이날 문채원은 동묘를 찾아 빈티지 의류 쇼핑에 나섰고, 제한된 예산 안에서 직접 옷을 고르며 평소와 다른 스타일에도 도전했다. 이후 완구시장을... ","{""title"": ""'비연예인♥' 문채원, 웨딩화보=보정 &quot;6월 결혼인데 입 터졌다&quot; [마데핫..."", ""originallink"": ""https://www.mydaily.co.kr/page/view/2026061118453748825"", ""link"": ""https://m.entertain.naver.com/article/117/0004073856"", ""description"": ""빈티지 쇼핑, <b>왁뿌볼</b>, 말랑이까지?? 동묘 100% 즐기기' 영상이 공개됐다. 이날 문채원은 동묘를 찾아 빈티지 의류 쇼핑에 나섰고, 제한된 예산 안에서 직접 옷을 고르며 평소와 다른 스타일에도 도전했다. 이후 완구시장을... "", ""pubDate"": ""Thu, 11 Jun 2026 20:01:00 +0900""}"
왁뿌볼,preset,왁뿌볼,"&quot;화보는 보정됐는데..&quot; '6월 결혼' 문채원, 본식 앞두고 먹방..몸매 관리...",https://m.entertain.naver.com/article/076/0004414361,"Thu, 11 Jun 2026 19:32:00 +0900","빈티지 쇼핑, <b>왁뿌볼</b>, 말랑이까지?? 동묘 100% 즐기기'라는 제목의 영상이 올라왔다. 이날 문채원이 동묘 쇼핑에 나선 모습이 그려졌다. 문채원은 주어진 예산 4만7600원으로 직접 옷을 고르며 색다른 패션 도전에 나섰다.... ",https://www.sportschosun.com/entertainment/2026-06-11/202606110100075660004678,naver_news,왁뿌볼,canonical,1.0,2026-06-13T16:13:40.833603+00:00,0,0,0,0,,"빈티지 쇼핑, <b>왁뿌볼</b>, 말랑이까지?? 동묘 100% 즐기기'라는 제목의 영상이 올라왔다. 이날 문채원이 동묘 쇼핑에 나선 모습이 그려졌다. 문채원은 주어진 예산 4만7600원으로 직접 옷을 고르며 색다른 패션 도전에 나섰다.... ","{""title"": ""&quot;화보는 보정됐는데..&quot; '6월 결혼' 문채원, 본식 앞두고 먹방..몸매 관리..."", ""originallink"": ""https://www.sportschosun.com/entertainment/2026-06-11/202606110100075660004678"", ""link"": ""https://m.entertain.naver.com/article/076/0004414361"", ""description"": ""빈티지 쇼핑, <b>왁뿌볼</b>, 말랑이까지?? 동묘 100% 즐기기'라는 제목의 영상이 올라왔다. 이날 문채원이 동묘 쇼핑에 나선 모습이 그려졌다. 문채원은 주어진 예산 4만7600원으로 직접 옷을 고르며 색다른 패션 도전에 나섰다.... "", ""pubDate"": ""Thu, 11 Jun 2026 19:32:00 +0900""}"
왁뿌볼,preset,왁뿌볼,"토이아이스, 복합형 무인 창업 모델 제시...캐릭터 소품 결합해 가맹사...",https://www.gosiweek.com/article/1065591004479532,"Thu, 11 Jun 2026 14:34:00 +0900","토이아이스는 기존 무인 아이스크림 할인점의 한계를 보완하기 위해 아이스크림 외에도 캐릭터 소품, 장난감, 말랑이, 스퀴시, <b>왁뿌볼</b> 등 학생들과 10~20대 소비자들에게 인기를 얻고 있는 상품군을 함께 구성한 복합형... ",https://www.gosiweek.com/article/1065591004479532,naver_news,왁뿌볼,canonical,1.0,2026-06-13T16:13:40.833603+00:00,0,0,0,0,,"토이아이스는 기존 무인 아이스크림 할인점의 한계를 보완하기 위해 아이스크림 외에도 캐릭터 소품, 장난감, 말랑이, 스퀴시, <b>왁뿌볼</b> 등 학생들과 10~20대 소비자들에게 인기를 얻고 있는 상품군을 함께 구성한 복합형... ","{""title"": ""토이아이스, 복합형 무인 창업 모델 제시...캐릭터 소품 결합해 가맹사..."", ""originallink"": ""https://www.gosiweek.com/article/1065591004479532"", ""link"": ""https://www.gosiweek.com/article/1065591004479532"", ""description"": ""토이아이스는 기존 무인 아이스크림 할인점의 한계를 보완하기 위해 아이스크림 외에도 캐릭터 소품, 장난감, 말랑이, 스퀴시, <b>왁뿌볼</b> 등 학생들과 10~20대 소비자들에게 인기를 얻고 있는 상품군을 함께 구성한 복합형... "", ""pubDate"": ""Thu, 11 Jun 2026 14:34:00 +0900""}"
왁뿌볼,preset,왁뿌볼,'조물조물 꾹꾹' 말랑이·키캡에 지갑 연 2030,https://www.idaegu.co.kr/news/articleView.html?idxno=550711,"Wed, 10 Jun 2026 21:34:00 +0900","<b>왁뿌볼</b> 등이 진열돼 있었다. 어린이뿐 아니라 20~30대로 보이는 손님들이 제품을 직접 눌러보거나 만져보며 구매하는 모습도 눈에 띄었다. 이날 완구거리 내 판매점 10곳을 확인한 결과 7곳이 말랑이와 슬라임, <b>왁뿌볼</b> 등... ",https://www.idaegu.co.kr/news/articleView.html?idxno=550711,naver_news,왁뿌볼,canonical,1.0,2026-06-13T16:13:40.833603+00:00,0,0,0,0,,"<b>왁뿌볼</b> 등이 진열돼 있었다. 어린이뿐 아니라 20~30대로 보이는 손님들이 제품을 직접 눌러보거나 만져보며 구매하는 모습도 눈에 띄었다. 이날 완구거리 내 판매점 10곳을 확인한 결과 7곳이 말랑이와 슬라임, <b>왁뿌볼</b> 등... ","{""title"": ""'조물조물 꾹꾹' 말랑이·키캡에 지갑 연 2030"", ""originallink"": ""https://www.idaegu.co.kr/news/articleView.html?idxno=550711"", ""link"": ""https://www.idaegu.co.kr/news/articleView.html?idxno=550711"", ""description"": ""<b>왁뿌볼</b> 등이 진열돼 있었다. 어린이뿐 아니라 20~30대로 보이는 손님들이 제품을 직접 눌러보거나 만져보며 구매하는 모습도 눈에 띄었다. 이날 완구거리 내 판매점 10곳을 확인한 결과 7곳이 말랑이와 슬라임, <b>왁뿌볼</b> 등... "", ""pubDate"": ""Wed, 10 Jun 2026 21:34:00 +0900""}"
왁뿌볼,preset,왁뿌볼,"안성문화로 74번길, 공예와 체험이 만나는 특별한 팝업 열린다",https://www.gukjenews.com/news/articleView.html?idxno=3605061,"Wed, 10 Jun 2026 18:50:00 +0900","행사 기간 동안 방문객들은 별도의 예약 없이 <b>왁뿌볼</b> 만들기, 솜사탕 만들기, 달고나 만들기 등 자율 체험 프로그램에 참여할 수 있다. 현장에는 포토존과 SNS 이벤트도 함께 마련되어 체험과 추억을 동시에 남길 수... ",https://www.gukjenews.com/news/articleView.html?idxno=3605061,naver_news,왁뿌볼,canonical,1.0,2026-06-13T16:13:40.833603+00:00,0,0,0,0,,"행사 기간 동안 방문객들은 별도의 예약 없이 <b>왁뿌볼</b> 만들기, 솜사탕 만들기, 달고나 만들기 등 자율 체험 프로그램에 참여할 수 있다. 현장에는 포토존과 SNS 이벤트도 함께 마련되어 체험과 추억을 동시에 남길 수... ","{""title"": ""안성문화로 74번길, 공예와 체험이 만나는 특별한 팝업 열린다"", ""originallink"": ""https://www.gukjenews.com/news/articleView.html?idxno=3605061"", ""link"": ""https://www.gukjenews.com/news/articleView.html?idxno=3605061"", ""description"": ""행사 기간 동안 방문객들은 별도의 예약 없이 <b>왁뿌볼</b> 만들기, 솜사탕 만들기, 달고나 만들기 등 자율 체험 프로그램에 참여할 수 있다. 현장에는 포토존과 SNS 이벤트도 함께 마련되어 체험과 추억을 동시에 남길 수... "", ""pubDate"": ""Wed, 10 Jun 2026 18:50:00 +0900""}"
왁뿌볼,preset,왁뿌볼,"숏폼이 만든 '왁뿌 소금빵' 열풍, 자영업자들만 더 지친다",https://www.jnilbo.com/news/articleView.html?idxno=90000041383,"Wed, 10 Jun 2026 16:04:00 +0900",최근 SNS 숏폼 콘텐츠를 중심으로 '<b>왁뿌볼</b>'이 큰 인기를 끌었다. <b>왁뿌볼</b>은 겉면의 단단한 왁스 코팅을 깨뜨릴 때 나는 경쾌한 파열음과 특유의 쫀득한 촉감을 즐기는 완구다. 이를 디저트에 접목한 것이 바로 '왁뿌 소금빵... ,https://www.jnilbo.com/news/articleView.html?idxno=90000041383,naver_news,왁뿌볼,canonical,1.0,2026-06-13T16:13:40.833603+00:00,0,0,0,0,,최근 SNS 숏폼 콘텐츠를 중심으로 '<b>왁뿌볼</b>'이 큰 인기를 끌었다. <b>왁뿌볼</b>은 겉면의 단단한 왁스 코팅을 깨뜨릴 때 나는 경쾌한 파열음과 특유의 쫀득한 촉감을 즐기는 완구다. 이를 디저트에 접목한 것이 바로 '왁뿌 소금빵... ,"{""title"": ""숏폼이 만든 '왁뿌 소금빵' 열풍, 자영업자들만 더 지친다"", ""originallink"": ""https://www.jnilbo.com/news/articleView.html?idxno=90000041383"", ""link"": ""https://www.jnilbo.com/news/articleView.html?idxno=90000041383"", ""description"": ""최근 SNS 숏폼 콘텐츠를 중심으로 '<b>왁뿌볼</b>'이 큰 인기를 끌었다. <b>왁뿌볼</b>은 겉면의 단단한 왁스 코팅을 깨뜨릴 때 나는 경쾌한 파열음과 특유의 쫀득한 촉감을 즐기는 완구다. 이를 디저트에 접목한 것이 바로 '왁뿌 소금빵... "", ""pubDate"": ""Wed, 10 Jun 2026 16:04:00 +0900""}"
왁뿌볼,preset,왁뿌볼,[브런치 경제] SNS 타고 뜬 ‘말랑이’ 열풍… 동대문 완구거리에 2030 여...,https://n.news.naver.com/mnews/article/310/0000137386?sid=101,"Wed, 10 Jun 2026 12:36:00 +0900","말랑이 외에도 말랑이와 슬라임을 합친 '슬랑이', 겉은 얇고 단단한 왁스층으로 쌓여 안에 말랑이나 슬라임이 담긴 '<b>왁뿌볼</b>'도 있다. <b>왁뿌볼</b>이란 '왁스 뿌시기 볼'의 줄임말로, 왁스를 손으로 뿌실 때의 쾌감이 매력인... ",https://www.womennews.co.kr/news/articleView.html?idxno=278525,naver_news,왁뿌볼,canonical,1.0,2026-06-13T16:13:40.833603+00:00,0,0,0,0,,"말랑이 외에도 말랑이와 슬라임을 합친 '슬랑이', 겉은 얇고 단단한 왁스층으로 쌓여 안에 말랑이나 슬라임이 담긴 '<b>왁뿌볼</b>'도 있다. <b>왁뿌볼</b>이란 '왁스 뿌시기 볼'의 줄임말로, 왁스를 손으로 뿌실 때의 쾌감이 매력인... ","{""title"": ""[브런치 경제] SNS 타고 뜬 ‘말랑이’ 열풍… 동대문 완구거리에 2030 여..."", ""originallink"": ""https://www.womennews.co.kr/news/articleView.html?idxno=278525"", ""link"": ""https://n.news.naver.com/mnews/article/310/0000137386?sid=101"", ""description"": ""말랑이 외에도 말랑이와 슬라임을 합친 '슬랑이', 겉은 얇고 단단한 왁스층으로 쌓여 안에 말랑이나 슬라임이 담긴 '<b>왁뿌볼</b>'도 있다. <b>왁뿌볼</b>이란 '왁스 뿌시기 볼'의 줄임말로, 왁스를 손으로 뿌실 때의 쾌감이 매력인... "", ""pubDate"": ""Wed, 10 Jun 2026 12:36:00 +0900""}"
왁뿌볼,preset,왁뿌볼,월드콘·메로나의 반격…장수 아이스크림이 올여름 잡는다,http://www.newsprime.co.kr/news/article.html?no=736203,"Wed, 10 Jun 2026 09:36:00 +0900","여기에 두바이 쫀득 쿠키, 버터떡, <b>왁뿌볼</b> 등 최근 식품업계 전반에서 확산한 '텍스처' 트렌드도 빙과 시장에 영향을 줄 것으로 전망했다. '작은 사치' 역시 주요 흐름이다. 고물가와 고환율 등으로 소비 심리가 위축된... ",http://www.newsprime.co.kr/news/article.html?no=736203,naver_news,왁뿌볼,canonical,1.0,2026-06-13T16:13:40.833603+00:00,0,0,0,0,,"여기에 두바이 쫀득 쿠키, 버터떡, <b>왁뿌볼</b> 등 최근 식품업계 전반에서 확산한 '텍스처' 트렌드도 빙과 시장에 영향을 줄 것으로 전망했다. '작은 사치' 역시 주요 흐름이다. 고물가와 고환율 등으로 소비 심리가 위축된... ","{""title"": ""월드콘·메로나의 반격…장수 아이스크림이 올여름 잡는다"", ""originallink"": ""http://www.newsprime.co.kr/news/article.html?no=736203"", ""link"": ""http://www.newsprime.co.kr/news/article.html?no=736203"", ""description"": ""여기에 두바이 쫀득 쿠키, 버터떡, <b>왁뿌볼</b> 등 최근 식품업계 전반에서 확산한 '텍스처' 트렌드도 빙과 시장에 영향을 줄 것으로 전망했다. '작은 사치' 역시 주요 흐름이다. 고물가와 고환율 등으로 소비 심리가 위축된... "", ""pubDate"": ""Wed, 10 Jun 2026 09:36:00 +0900""}"
왁뿌볼,preset,왁뿌볼,'와그작' 식감과 소리까지 먹는다…디저트로 확산된 '왁뿌' 유행,https://www.idomin.com/news/articleView.html?idxno=2007608,"Tue, 09 Jun 2026 19:22:00 +0900","손으로 깨부수는 촉감 놀이인 '<b>왁뿌볼</b>(왁스 뿌시기)' 유행이 디저트·베이커리로 번지면서, '왁뿌 소금빵'이 새로운 트렌드로 떠올랐다. '<b>왁뿌볼</b>'은 '왁스 뿌시기 볼'의 줄임말로, 슬라임이나 말랑이 겉면을 왁스로 코팅해... ",https://www.idomin.com/news/articleView.html?idxno=2007608,naver_news,왁뿌볼,canonical,1.0,2026-06-13T16:13:40.833603+00:00,0,0,0,0,,"손으로 깨부수는 촉감 놀이인 '<b>왁뿌볼</b>(왁스 뿌시기)' 유행이 디저트·베이커리로 번지면서, '왁뿌 소금빵'이 새로운 트렌드로 떠올랐다. '<b>왁뿌볼</b>'은 '왁스 뿌시기 볼'의 줄임말로, 슬라임이나 말랑이 겉면을 왁스로 코팅해... ","{""title"": ""'와그작' 식감과 소리까지 먹는다…디저트로 확산된 '왁뿌' 유행"", ""originallink"": ""https://www.idomin.com/news/articleView.html?idxno=2007608"", ""link"": ""https://www.idomin.com/news/articleView.html?idxno=2007608"", ""description"": ""손으로 깨부수는 촉감 놀이인 '<b>왁뿌볼</b>(왁스 뿌시기)' 유행이 디저트·베이커리로 번지면서, '왁뿌 소금빵'이 새로운 트렌드로 떠올랐다. '<b>왁뿌볼</b>'은 '왁스 뿌시기 볼'의 줄임말로, 슬라임이나 말랑이 겉면을 왁스로 코팅해... "", ""pubDate"": ""Tue, 09 Jun 2026 19:22:00 +0900""}"
왁뿌볼,preset,왁뿌볼,"말랑이, <b>왁뿌볼</b>, 키캡, 디지털 시대에 장난감 찾는 '어른이' : 2030 직장인...",https://www.huffingtonpost.kr/article/257776,"Mon, 08 Jun 2026 16:50:00 +0900","단단한 외피를 깨뜨릴 때 발생하는 소리를 즐기는 공 모양 완구인 ‘<b>왁뿌볼</b>’, 키보드의 일부 키를 분리해... 말랑이와 <b>왁뿌볼</b>, 키캡 역시 같은 범주에 속한다. 이 같은 현상은 현대 직장인들의 현실과도 무관하지 않다.... ",https://www.huffingtonpost.kr/article/257776,naver_news,왁뿌볼,canonical,1.0,2026-06-13T16:13:40.833603+00:00,0,0,0,0,,"단단한 외피를 깨뜨릴 때 발생하는 소리를 즐기는 공 모양 완구인 ‘<b>왁뿌볼</b>’, 키보드의 일부 키를 분리해... 말랑이와 <b>왁뿌볼</b>, 키캡 역시 같은 범주에 속한다. 이 같은 현상은 현대 직장인들의 현실과도 무관하지 않다.... ","{""title"": ""말랑이, <b>왁뿌볼</b>, 키캡, 디지털 시대에 장난감 찾는 '어른이' : 2030 직장인..."", ""originallink"": ""https://www.huffingtonpost.kr/article/257776"", ""link"": ""https://www.huffingtonpost.kr/article/257776"", ""description"": ""단단한 외피를 깨뜨릴 때 발생하는 소리를 즐기는 공 모양 완구인 ‘<b>왁뿌볼</b>’, 키보드의 일부 키를 분리해... 말랑이와 <b>왁뿌볼</b>, 키캡 역시 같은 범주에 속한다. 이 같은 현상은 현대 직장인들의 현실과도 무관하지 않다.... "", ""pubDate"": ""Mon, 08 Jun 2026 16:50:00 +0900""}"
왁뿌볼,preset,왁뿌볼,[MZ세대 트렌드 결산] 셋로그·불안 가방 인기... &quot;부담없는 관계·멘탈...,https://www.banronbodo.com/news/articleView.html?idxno=32414,"Mon, 08 Jun 2026 08:00:00 +0900","가방에 달고 다니며 딸깍거리는 키캡, 손 안에서 주무르는 말랑이, <b>왁뿌볼</b>, 피젯 토이, 휴대용 아로마 오일 같은 물건들이 MZ세대 사이에서 인기를 끌고 있다. 물론 이런 흐름을 마냥 긍정적으로만 볼 수는 없다. 촉감... ",https://www.banronbodo.com/news/articleView.html?idxno=32414,naver_news,왁뿌볼,canonical,1.0,2026-06-13T16:13:40.833603+00:00,0,0,0,0,,"가방에 달고 다니며 딸깍거리는 키캡, 손 안에서 주무르는 말랑이, <b>왁뿌볼</b>, 피젯 토이, 휴대용 아로마 오일 같은 물건들이 MZ세대 사이에서 인기를 끌고 있다. 물론 이런 흐름을 마냥 긍정적으로만 볼 수는 없다. 촉감... ","{""title"": ""[MZ세대 트렌드 결산] 셋로그·불안 가방 인기... &quot;부담없는 관계·멘탈..."", ""originallink"": ""https://www.banronbodo.com/news/articleView.html?idxno=32414"", ""link"": ""https://www.banronbodo.com/news/articleView.html?idxno=32414"", ""description"": ""가방에 달고 다니며 딸깍거리는 키캡, 손 안에서 주무르는 말랑이, <b>왁뿌볼</b>, 피젯 토이, 휴대용 아로마 오일 같은 물건들이 MZ세대 사이에서 인기를 끌고 있다. 물론 이런 흐름을 마냥 긍정적으로만 볼 수는 없다. 촉감... "", ""pubDate"": ""Mon, 08 Jun 2026 08:00:00 +0900""}"
왁뿌볼,preset,왁뿌볼,'말랑이'·'<b>왁뿌볼</b>'에 지갑 여는 2030…어른들이 장난감 매대로 몰린다,https://www.jnilbo.com/news/articleView.html?idxno=90000037302,"Sun, 07 Jun 2026 16:40:00 +0900","완구 '말랑이'와 '<b>왁뿌볼</b>'이 이제는 2030세대의 지갑을 여는 새로운 소비 트렌드로 떠오르고 있다. 스트레스 해소와 감각적 만족을 추구하는 젊은 소비자들이 늘면서, 어린이 장난감으로 인식되던 말랑이와 <b>왁뿌볼</b>이... ",https://www.jnilbo.com/news/articleView.html?idxno=90000037302,naver_news,왁뿌볼,canonical,1.0,2026-06-13T16:13:40.833603+00:00,0,0,0,0,,"완구 '말랑이'와 '<b>왁뿌볼</b>'이 이제는 2030세대의 지갑을 여는 새로운 소비 트렌드로 떠오르고 있다. 스트레스 해소와 감각적 만족을 추구하는 젊은 소비자들이 늘면서, 어린이 장난감으로 인식되던 말랑이와 <b>왁뿌볼</b>이... ","{""title"": ""'말랑이'·'<b>왁뿌볼</b>'에 지갑 여는 2030…어른들이 장난감 매대로 몰린다"", ""originallink"": ""https://www.jnilbo.com/news/articleView.html?idxno=90000037302"", ""link"": ""https://www.jnilbo.com/news/articleView.html?idxno=90000037302"", ""description"": ""완구 '말랑이'와 '<b>왁뿌볼</b>'이 이제는 2030세대의 지갑을 여는 새로운 소비 트렌드로 떠오르고 있다. 스트레스 해소와 감각적 만족을 추구하는 젊은 소비자들이 늘면서, 어린이 장난감으로 인식되던 말랑이와 <b>왁뿌볼</b>이... "", ""pubDate"": ""Sun, 07 Jun 2026 16:40:00 +0900""}"
왁뿌볼,preset,왁뿌볼,지갑 여는 키덜트들 &quot;스트레스 해소돼요&quot;…포켓몬 카드 이어 키캡·말랑...,https://n.news.naver.com/mnews/article/057/0001951951?sid=102,"Tue, 02 Jun 2026 13:09:00 +0900",유한솔 이혜원 트렌드코리아 소비트렌드분석센터 연구위원 박진아 아나운서 #MBN #프레스룸LIVE #프레스룸라이브 #어린이 #장난감 #어른이 #스트레스해소 #포켓몬카드 #키캡 #말랑이 #<b>왁뿌볼</b> #만득이 #키덜트 #촉감장난감... ,http://www.mbn.co.kr/pages/news/newsView.php?news_seq_no=5197376,naver_news,왁뿌볼,canonical,1.0,2026-06-13T16:13:40.833603+00:00,0,0,0,0,,유한솔 이혜원 트렌드코리아 소비트렌드분석센터 연구위원 박진아 아나운서 #MBN #프레스룸LIVE #프레스룸라이브 #어린이 #장난감 #어른이 #스트레스해소 #포켓몬카드 #키캡 #말랑이 #<b>왁뿌볼</b> #만득이 #키덜트 #촉감장난감... ,"{""title"": ""지갑 여는 키덜트들 &quot;스트레스 해소돼요&quot;…포켓몬 카드 이어 키캡·말랑..."", ""originallink"": ""http://www.mbn.co.kr/pages/news/newsView.php?news_seq_no=5197376"", ""link"": ""https://n.news.naver.com/mnews/article/057/0001951951?sid=102"", ""description"": ""유한솔 이혜원 트렌드코리아 소비트렌드분석센터 연구위원 박진아 아나운서 #MBN #프레스룸LIVE #프레스룸라이브 #어린이 #장난감 #어른이 #스트레스해소 #포켓몬카드 #키캡 #말랑이 #<b>왁뿌볼</b> #만득이 #키덜트 #촉감장난감... "", ""pubDate"": ""Tue, 02 Jun 2026 13:09:00 +0900""}"
왁뿌볼,preset,왁뿌볼,[핵심 상권 리포트] 청주 성안길 / 수원 남문 / 대전 은행동,http://www.apparelnews.co.kr/news/news_view/?idx=225553,"Mon, 01 Jun 2026 22:02:00 +0900","대형 팬시점 아트박스 등에서 말랑이, <b>왁뿌볼</b> 같은 촉감 완구가 인기를 끌고 있다. 촉감 완구는 말랑말랑하고 부드러운 촉감을 느낄 수 있는 장난감을 뜻한다. 빈티지숍은 SNS를 보고 찾아오는 고객이 늘고 있다. 은행동... ",http://www.apparelnews.co.kr/news/news_view/?idx=225553,naver_news,왁뿌볼,canonical,1.0,2026-06-13T16:13:40.833603+00:00,0,0,0,0,,"대형 팬시점 아트박스 등에서 말랑이, <b>왁뿌볼</b> 같은 촉감 완구가 인기를 끌고 있다. 촉감 완구는 말랑말랑하고 부드러운 촉감을 느낄 수 있는 장난감을 뜻한다. 빈티지숍은 SNS를 보고 찾아오는 고객이 늘고 있다. 은행동... ","{""title"": ""[핵심 상권 리포트] 청주 성안길 / 수원 남문 / 대전 은행동"", ""originallink"": ""http://www.apparelnews.co.kr/news/news_view/?idx=225553"", ""link"": ""http://www.apparelnews.co.kr/news/news_view/?idx=225553"", ""description"": ""대형 팬시점 아트박스 등에서 말랑이, <b>왁뿌볼</b> 같은 촉감 완구가 인기를 끌고 있다. 촉감 완구는 말랑말랑하고 부드러운 촉감을 느낄 수 있는 장난감을 뜻한다. 빈티지숍은 SNS를 보고 찾아오는 고객이 늘고 있다. 은행동... "", ""pubDate"": ""Mon, 01 Jun 2026 22:02:00 +0900""}"
왁뿌볼,preset,왁뿌볼,"ASMR 신예 남주혁 등장! 슬픈(?) 동화책 읽고, <b>왁뿌볼</b> 같이 부술 사람 들...",https://www.wkorea.com/2026/04/24/asmr-%ec%8b%a0%ec%98%88-%eb%82%a8%ec%a3%bc%ed%98%81-%eb%93%b1%ec%9e%a5-%ec%8a%ac%ed%94%88-%eb%8f%99%ed%99%94%ec%b1%85-%ec%9d%bd%ea%b3%a0-%ec%99%81%eb%bf%8c%eb%b3%bc-%ea%b0%99%ec%9d%b4-%eb%b6%80/?utm_source=naver&utm_medium=partnership,"Mon, 01 Jun 2026 18:46:00 +0900",,https://www.wkorea.com/2026/04/24/asmr-%ec%8b%a0%ec%98%88-%eb%82%a8%ec%a3%bc%ed%98%81-%eb%93%b1%ec%9e%a5-%ec%8a%ac%ed%94%88-%eb%8f%99%ed%99%94%ec%b1%85-%ec%9d%bd%ea%b3%a0-%ec%99%81%eb%bf%8c%eb%b3%bc-%ea%b0%99%ec%9d%b4-%eb%b6%80/?utm_source=naver&utm_medium=partnership,naver_news,왁뿌볼,canonical,1.0,2026-06-13T16:13:40.833603+00:00,0,0,0,0,,,"{""title"": ""ASMR 신예 남주혁 등장! 슬픈(?) 동화책 읽고, <b>왁뿌볼</b> 같이 부술 사람 들..."", ""originallink"": ""https://www.wkorea.com/2026/04/24/asmr-%ec%8b%a0%ec%98%88-%eb%82%a8%ec%a3%bc%ed%98%81-%eb%93%b1%ec%9e%a5-%ec%8a%ac%ed%94%88-%eb%8f%99%ed%99%94%ec%b1%85-%ec%9d%bd%ea%b3%a0-%ec%99%81%eb%bf%8c%eb%b3%bc-%ea%b0%99%ec%9d%b4-%eb%b6%80/?utm_source=naver&utm_medium=partnership"", ""link"": ""https://www.wkorea.com/2026/04/24/asmr-%ec%8b%a0%ec%98%88-%eb%82%a8%ec%a3%bc%ed%98%81-%eb%93%b1%ec%9e%a5-%ec%8a%ac%ed%94%88-%eb%8f%99%ed%99%94%ec%b1%85-%ec%9d%bd%ea%b3%a0-%ec%99%81%eb%bf%8c%eb%b3%bc-%ea%b0%99%ec%9d%b4-%eb%b6%80/?utm_source=naver&utm_medium=partnership"", ""description"": """", ""pubDate"": ""Mon, 01 Jun 2026 18:46:00 +0900""}"
왁뿌볼,preset,왁뿌볼,어린이 장난감인 줄 알았는데…2030이 싹쓸이 [영상PICK],http://www.metroseoul.co.kr/article/20260601500080,"Mon, 01 Jun 2026 10:28:00 +0900",주인공은 '말랑이'와 '<b>왁뿌볼</b>'이다. 손으로 쥐고 눌렀다 펴는 촉감 장난감인 말랑이와 왁스 코팅 공을 터뜨리는 <b>왁뿌볼</b>이 SNS를 중심으로 유행하면서 문구·완구거리가 다시 사람들로 붐비고 있다. 30년 넘게 문구점을... ,http://www.metroseoul.co.kr/article/20260601500080,naver_news,왁뿌볼,canonical,1.0,2026-06-13T16:13:40.833603+00:00,0,0,0,0,,주인공은 '말랑이'와 '<b>왁뿌볼</b>'이다. 손으로 쥐고 눌렀다 펴는 촉감 장난감인 말랑이와 왁스 코팅 공을 터뜨리는 <b>왁뿌볼</b>이 SNS를 중심으로 유행하면서 문구·완구거리가 다시 사람들로 붐비고 있다. 30년 넘게 문구점을... ,"{""title"": ""어린이 장난감인 줄 알았는데…2030이 싹쓸이 [영상PICK]"", ""originallink"": ""http://www.metroseoul.co.kr/article/20260601500080"", ""link"": ""http://www.metroseoul.co.kr/article/20260601500080"", ""description"": ""주인공은 '말랑이'와 '<b>왁뿌볼</b>'이다. 손으로 쥐고 눌렀다 펴는 촉감 장난감인 말랑이와 왁스 코팅 공을 터뜨리는 <b>왁뿌볼</b>이 SNS를 중심으로 유행하면서 문구·완구거리가 다시 사람들로 붐비고 있다. 30년 넘게 문구점을... "", ""pubDate"": ""Mon, 01 Jun 2026 10:28:00 +0900""}"
왁뿌볼,preset,왁뿌볼,‘2030 어른이’ 바글바글 문구거리…폐업 고민하던 상인들 싱글벙글,https://n.news.naver.com/mnews/article/018/0006294868?sid=102,"Mon, 01 Jun 2026 05:52:00 +0900","50여명의 손님들은 말랑이나 <b>왁뿌볼</b>(왁스 코팅된 공을 부수는 장난감), 키캡 등을 살피느라 여념이 없었다.... 최근 사회관계망서비스(SNS)를 중심으로 말랑이, <b>왁뿌볼</b> 등 촉감을 활용한 ‘피젯 토이(Fidget Toy·손 장난감)... ",https://www.edaily.co.kr/news/newspath.asp?newsid=01567846645477456,naver_news,왁뿌볼,canonical,1.0,2026-06-13T16:13:40.833603+00:00,0,0,0,0,,"50여명의 손님들은 말랑이나 <b>왁뿌볼</b>(왁스 코팅된 공을 부수는 장난감), 키캡 등을 살피느라 여념이 없었다.... 최근 사회관계망서비스(SNS)를 중심으로 말랑이, <b>왁뿌볼</b> 등 촉감을 활용한 ‘피젯 토이(Fidget Toy·손 장난감)... ","{""title"": ""‘2030 어른이’ 바글바글 문구거리…폐업 고민하던 상인들 싱글벙글"", ""originallink"": ""https://www.edaily.co.kr/news/newspath.asp?newsid=01567846645477456"", ""link"": ""https://n.news.naver.com/mnews/article/018/0006294868?sid=102"", ""description"": ""50여명의 손님들은 말랑이나 <b>왁뿌볼</b>(왁스 코팅된 공을 부수는 장난감), 키캡 등을 살피느라 여념이 없었다.... 최근 사회관계망서비스(SNS)를 중심으로 말랑이, <b>왁뿌볼</b> 등 촉감을 활용한 ‘피젯 토이(Fidget Toy·손 장난감)... "", ""pubDate"": ""Mon, 01 Jun 2026 05:52:00 +0900""}"
왁뿌볼,preset,왁뿌볼,"&quot;대학 학생증 빌려요&quot; 20만원 턱턱 낸다...'대포' 들고 캠퍼스로, 왜",https://n.news.naver.com/mnews/article/008/0005365081?sid=102,"Sun, 31 May 2026 07:30:00 +0900",틴더는 역술가가 별자리로 연애운을 봐주고 체험 참가자에게 최근 '촉감 완구'로 유행하는 이른바 '<b>왁뿌볼</b>'(왁스로 코팅된 공)을 증정하는 이벤트를 진행했다. 에스파 공연을 보기 위해 축제를 찾았다는 한양대 대학원생... ,https://www.mt.co.kr/society/2026/05/31/2026053017035326496,naver_news,왁뿌볼,canonical,1.0,2026-06-13T16:13:40.833603+00:00,0,0,0,0,,틴더는 역술가가 별자리로 연애운을 봐주고 체험 참가자에게 최근 '촉감 완구'로 유행하는 이른바 '<b>왁뿌볼</b>'(왁스로 코팅된 공)을 증정하는 이벤트를 진행했다. 에스파 공연을 보기 위해 축제를 찾았다는 한양대 대학원생... ,"{""title"": ""&quot;대학 학생증 빌려요&quot; 20만원 턱턱 낸다...'대포' 들고 캠퍼스로, 왜"", ""originallink"": ""https://www.mt.co.kr/society/2026/05/31/2026053017035326496"", ""link"": ""https://n.news.naver.com/mnews/article/008/0005365081?sid=102"", ""description"": ""틴더는 역술가가 별자리로 연애운을 봐주고 체험 참가자에게 최근 '촉감 완구'로 유행하는 이른바 '<b>왁뿌볼</b>'(왁스로 코팅된 공)을 증정하는 이벤트를 진행했다. 에스파 공연을 보기 위해 축제를 찾았다는 한양대 대학원생... "", ""pubDate"": ""Sun, 31 May 2026 07:30:00 +0900""}"
왁뿌볼,preset,왁뿌볼,[르포]&quot;대학 축제가 콘서트장&quot; 대포카메라 '찰칵'...빌린 학생증 들통도,https://n.news.naver.com/mnews/article/008/0005364936?sid=102,"Sat, 30 May 2026 06:41:00 +0900",틴더는 역술가가 별자리로 연애운을 봐주고 체험 참가자에게 최근 '촉감 완구'로 유행하는 이른바 '<b>왁뿌볼</b>'(왁스로 코팅된 공)을 증정하는 이벤트를 진행했다. 에스파 공연을 보기 위해 축제를 찾았다는 한양대 대학원생... ,https://www.mt.co.kr/society/2026/05/30/2026052914152471152,naver_news,왁뿌볼,canonical,1.0,2026-06-13T16:13:40.833603+00:00,0,0,0,0,,틴더는 역술가가 별자리로 연애운을 봐주고 체험 참가자에게 최근 '촉감 완구'로 유행하는 이른바 '<b>왁뿌볼</b>'(왁스로 코팅된 공)을 증정하는 이벤트를 진행했다. 에스파 공연을 보기 위해 축제를 찾았다는 한양대 대학원생... ,"{""title"": ""[르포]&quot;대학 축제가 콘서트장&quot; 대포카메라 '찰칵'...빌린 학생증 들통도"", ""originallink"": ""https://www.mt.co.kr/society/2026/05/30/2026052914152471152"", ""link"": ""https://n.news.naver.com/mnews/article/008/0005364936?sid=102"", ""description"": ""틴더는 역술가가 별자리로 연애운을 봐주고 체험 참가자에게 최근 '촉감 완구'로 유행하는 이른바 '<b>왁뿌볼</b>'(왁스로 코팅된 공)을 증정하는 이벤트를 진행했다. 에스파 공연을 보기 위해 축제를 찾았다는 한양대 대학원생... "", ""pubDate"": ""Sat, 30 May 2026 06:41:00 +0900""}"
왁뿌볼,preset,왁뿌볼,요즘 청년들… 술 대신 취향에 취한다,http://www.gjdream.com/news/articleView.html?idxno=669793,"Fri, 29 May 2026 00:10:00 +0900","키캡, 커스텀 키보드, 말랑이, <b>왁뿌볼</b>, 키링, 캐릭터 굿즈, 백꾸, 데스크테리어 등 작은 물건들이 청년들의 일상 속 취향 표현 수단이 되고 있다. 고가의 명품이나 큰 소비보다 비교적 부담 없는 가격 안에서 자신만의 조합과... ",http://www.gjdream.com/news/articleView.html?idxno=669793,naver_news,왁뿌볼,canonical,1.0,2026-06-13T16:13:40.833603+00:00,0,0,0,0,,"키캡, 커스텀 키보드, 말랑이, <b>왁뿌볼</b>, 키링, 캐릭터 굿즈, 백꾸, 데스크테리어 등 작은 물건들이 청년들의 일상 속 취향 표현 수단이 되고 있다. 고가의 명품이나 큰 소비보다 비교적 부담 없는 가격 안에서 자신만의 조합과... ","{""title"": ""요즘 청년들… 술 대신 취향에 취한다"", ""originallink"": ""http://www.gjdream.com/news/articleView.html?idxno=669793"", ""link"": ""http://www.gjdream.com/news/articleView.html?idxno=669793"", ""description"": ""키캡, 커스텀 키보드, 말랑이, <b>왁뿌볼</b>, 키링, 캐릭터 굿즈, 백꾸, 데스크테리어 등 작은 물건들이 청년들의 일상 속 취향 표현 수단이 되고 있다. 고가의 명품이나 큰 소비보다 비교적 부담 없는 가격 안에서 자신만의 조합과... "", ""pubDate"": ""Fri, 29 May 2026 00:10:00 +0900""}"
왁뿌볼,preset,왁뿌볼,[트렌드] ‘촉감 장난감’ 찾는 2030세대,http://www.knnews.co.kr/news/articleView.php?idxno=1542625,"Thu, 28 May 2026 10:24:00 +0900","말랑이·<b>왁뿌볼</b> 촉감완구 ‘만지고 부수는’ 재미 가득 “적은 돈으로 스트레스 해소” ‘소확행 추구’... 한때 아이들 문화로 여겨졌던 말랑이, 슬랑이, <b>왁뿌볼</b> 같은 ‘촉감 완구’가 최근 2030세대 사이에서 새로운 소비... ",http://www.knnews.co.kr/news/articleView.php?idxno=1542625,naver_news,왁뿌볼,canonical,1.0,2026-06-13T16:13:40.833603+00:00,0,0,0,0,,"말랑이·<b>왁뿌볼</b> 촉감완구 ‘만지고 부수는’ 재미 가득 “적은 돈으로 스트레스 해소” ‘소확행 추구’... 한때 아이들 문화로 여겨졌던 말랑이, 슬랑이, <b>왁뿌볼</b> 같은 ‘촉감 완구’가 최근 2030세대 사이에서 새로운 소비... ","{""title"": ""[트렌드] ‘촉감 장난감’ 찾는 2030세대"", ""originallink"": ""http://www.knnews.co.kr/news/articleView.php?idxno=1542625"", ""link"": ""http://www.knnews.co.kr/news/articleView.php?idxno=1542625"", ""description"": ""말랑이·<b>왁뿌볼</b> 촉감완구 ‘만지고 부수는’ 재미 가득 “적은 돈으로 스트레스 해소” ‘소확행 추구’... 한때 아이들 문화로 여겨졌던 말랑이, 슬랑이, <b>왁뿌볼</b> 같은 ‘촉감 완구’가 최근 2030세대 사이에서 새로운 소비... "", ""pubDate"": ""Thu, 28 May 2026 10:24:00 +0900""}"
왁뿌볼,preset,왁뿌볼,“싸고 힙해요” 2030 핫플된 동묘… 검색량 성수-연남 넘어섰다,https://n.news.naver.com/mnews/article/020/0003722157?sid=102,"Tue, 26 May 2026 04:34:00 +0900",동묘 인근에서 만난 청년들은 완구 시장에서 ‘<b>왁뿌볼</b>’(왁스로 코팅한 점토 공) 등 최신 유행 장난감을... 만지고 <b>왁뿌볼</b>을 부수는 것이 스트레스 해소에 딱이다”라고 했다. 중고 의류나 빈티지 물품에 대한 청년층의... ,https://www.donga.com/news/Society/article/all/20260526/133989236/2,naver_news,왁뿌볼,canonical,1.0,2026-06-13T16:13:40.833603+00:00,0,0,0,0,,동묘 인근에서 만난 청년들은 완구 시장에서 ‘<b>왁뿌볼</b>’(왁스로 코팅한 점토 공) 등 최신 유행 장난감을... 만지고 <b>왁뿌볼</b>을 부수는 것이 스트레스 해소에 딱이다”라고 했다. 중고 의류나 빈티지 물품에 대한 청년층의... ,"{""title"": ""“싸고 힙해요” 2030 핫플된 동묘… 검색량 성수-연남 넘어섰다"", ""originallink"": ""https://www.donga.com/news/Society/article/all/20260526/133989236/2"", ""link"": ""https://n.news.naver.com/mnews/article/020/0003722157?sid=102"", ""description"": ""동묘 인근에서 만난 청년들은 완구 시장에서 ‘<b>왁뿌볼</b>’(왁스로 코팅한 점토 공) 등 최신 유행 장난감을... 만지고 <b>왁뿌볼</b>을 부수는 것이 스트레스 해소에 딱이다”라고 했다. 중고 의류나 빈티지 물품에 대한 청년층의... "", ""pubDate"": ""Tue, 26 May 2026 04:34:00 +0900""}"
왁뿌볼,preset,왁뿌볼,엔하이픈도 만진 <b>왁뿌볼</b> · 말랑이의 정체,https://www.esquirekorea.co.kr/article/1902947,"Mon, 25 May 2026 14:48:00 +0900",<b>왁뿌볼</b>의 유행이 심상치 않습니다. 금방 스쳐 지나갈 유행처럼 보였던 ‘왁뿌(왁스 부수기)’가 아이들은... 엔하이픈 성훈과 제이크 그리고 우즈는 라이브 방송을 통해 팬들과 함께 <b>왁뿌볼</b>을 체험하는 모습을 보여주기도... ,https://www.esquirekorea.co.kr/article/1902947,naver_news,왁뿌볼,canonical,1.0,2026-06-13T16:13:40.833603+00:00,0,0,0,0,,<b>왁뿌볼</b>의 유행이 심상치 않습니다. 금방 스쳐 지나갈 유행처럼 보였던 ‘왁뿌(왁스 부수기)’가 아이들은... 엔하이픈 성훈과 제이크 그리고 우즈는 라이브 방송을 통해 팬들과 함께 <b>왁뿌볼</b>을 체험하는 모습을 보여주기도... ,"{""title"": ""엔하이픈도 만진 <b>왁뿌볼</b> · 말랑이의 정체"", ""originallink"": ""https://www.esquirekorea.co.kr/article/1902947"", ""link"": ""https://www.esquirekorea.co.kr/article/1902947"", ""description"": ""<b>왁뿌볼</b>의 유행이 심상치 않습니다. 금방 스쳐 지나갈 유행처럼 보였던 ‘왁뿌(왁스 부수기)’가 아이들은... 엔하이픈 성훈과 제이크 그리고 우즈는 라이브 방송을 통해 팬들과 함께 <b>왁뿌볼</b>을 체험하는 모습을 보여주기도... "", ""pubDate"": ""Mon, 25 May 2026 14:48:00 +0900""}"
왁뿌볼,preset,왁뿌볼,“액괴 만지던 아이들이 자라서”...2030이 다시 ‘촉감 완구’에 빠진...,https://n.news.naver.com/mnews/article/666/0000108370?sid=101,"Mon, 25 May 2026 06:24:00 +0900",취업난과 학업 스트레스등 팍팍한 현실 속 2030세대가 손끝의 감각에 집중하는 ‘촉감 완구’로 불리는 장난감 시장의 주류 소비층으로 부상하고 있다. 촉각이 주는 즉각적인 ‘힐링 효과’뿐만 아니라 과거 유년 시절의... ,https://www.kyeonggi.com/article/20260525580001,naver_news,왁뿌볼,canonical,1.0,2026-06-13T16:13:40.833603+00:00,0,0,0,0,,취업난과 학업 스트레스등 팍팍한 현실 속 2030세대가 손끝의 감각에 집중하는 ‘촉감 완구’로 불리는 장난감 시장의 주류 소비층으로 부상하고 있다. 촉각이 주는 즉각적인 ‘힐링 효과’뿐만 아니라 과거 유년 시절의... ,"{""title"": ""“액괴 만지던 아이들이 자라서”...2030이 다시 ‘촉감 완구’에 빠진..."", ""originallink"": ""https://www.kyeonggi.com/article/20260525580001"", ""link"": ""https://n.news.naver.com/mnews/article/666/0000108370?sid=101"", ""description"": ""취업난과 학업 스트레스등 팍팍한 현실 속 2030세대가 손끝의 감각에 집중하는 ‘촉감 완구’로 불리는 장난감 시장의 주류 소비층으로 부상하고 있다. 촉각이 주는 즉각적인 ‘힐링 효과’뿐만 아니라 과거 유년 시절의... "", ""pubDate"": ""Mon, 25 May 2026 06:24:00 +0900""}"
왁뿌볼,preset,왁뿌볼,"박명수, 스트레스 해소템 리뷰하다 결국 뿔났다 &quot;기분만 더럽게 나빠&quot; (...",https://m.entertain.naver.com/article/109/0005539259,"Fri, 22 May 2026 23:01:00 +0900","이날 박명수는 스트레스볼, 말랑이, <b>왁뿌볼</b>, 키캡, 고함항아리, 에그볼, 문어 괄사, 스트레스 사라지는 주파수 등을 경험하며 순위를 매겼다. 박명수는 그중에 특히 키캡과 <b>왁뿌볼</b>, 문어 괄사 등을 마음에 들어하며... ",http://www.osen.co.kr/article/G1112806822,naver_news,왁뿌볼,canonical,1.0,2026-06-13T16:13:40.833603+00:00,0,0,0,0,,"이날 박명수는 스트레스볼, 말랑이, <b>왁뿌볼</b>, 키캡, 고함항아리, 에그볼, 문어 괄사, 스트레스 사라지는 주파수 등을 경험하며 순위를 매겼다. 박명수는 그중에 특히 키캡과 <b>왁뿌볼</b>, 문어 괄사 등을 마음에 들어하며... ","{""title"": ""박명수, 스트레스 해소템 리뷰하다 결국 뿔났다 &quot;기분만 더럽게 나빠&quot; (..."", ""originallink"": ""http://www.osen.co.kr/article/G1112806822"", ""link"": ""https://m.entertain.naver.com/article/109/0005539259"", ""description"": ""이날 박명수는 스트레스볼, 말랑이, <b>왁뿌볼</b>, 키캡, 고함항아리, 에그볼, 문어 괄사, 스트레스 사라지는 주파수 등을 경험하며 순위를 매겼다. 박명수는 그중에 특히 키캡과 <b>왁뿌볼</b>, 문어 괄사 등을 마음에 들어하며... "", ""pubDate"": ""Fri, 22 May 2026 23:01:00 +0900""}"
왁뿌볼,preset,왁뿌볼,말랑이·<b>왁뿌볼</b>로 보는 '감각 트렌드',http://www.civicnews.com/news/articleView.html?idxno=39868,"Wed, 20 May 2026 14:00:00 +0900",최근 SNS에서 말랑이·<b>왁뿌볼</b> 같은 촉감 장난감이 큰 인기를 끌며 '감각 트렌드'가 확산하고 있다. 단순히 보는 재미를 넘어 손으로 누르는 촉감과 '아그작' 같은 ASMR 소리가 소비 포인트로 떠오른 것이다. 특히... ,http://www.civicnews.com/news/articleView.html?idxno=39868,naver_news,왁뿌볼,canonical,1.0,2026-06-13T16:13:40.833603+00:00,0,0,0,0,,최근 SNS에서 말랑이·<b>왁뿌볼</b> 같은 촉감 장난감이 큰 인기를 끌며 '감각 트렌드'가 확산하고 있다. 단순히 보는 재미를 넘어 손으로 누르는 촉감과 '아그작' 같은 ASMR 소리가 소비 포인트로 떠오른 것이다. 특히... ,"{""title"": ""말랑이·<b>왁뿌볼</b>로 보는 '감각 트렌드'"", ""originallink"": ""http://www.civicnews.com/news/articleView.html?idxno=39868"", ""link"": ""http://www.civicnews.com/news/articleView.html?idxno=39868"", ""description"": ""최근 SNS에서 말랑이·<b>왁뿌볼</b> 같은 촉감 장난감이 큰 인기를 끌며 '감각 트렌드'가 확산하고 있다. 단순히 보는 재미를 넘어 손으로 누르는 촉감과 '아그작' 같은 ASMR 소리가 소비 포인트로 떠오른 것이다. 특히... "", ""pubDate"": ""Wed, 20 May 2026 14:00:00 +0900""}"
왁뿌볼,preset,왁뿌볼,“말랑한 촉감에 빠졌다”… MZ세대 사로잡은 ‘말랑이·<b>왁뿌볼</b>’ 열풍,https://www.joongdo.co.kr/web/view.php?key=20260515010003799,"Sun, 17 May 2026 11:06:00 +0900",이곳에서 만난 대학생 이수현(25·여)씨는 진열대 앞에서 한참을 고민하다가 인기 제품인 '두쫀쿠 <b>왁뿌볼</b>'과... 최근 SNS를 중심으로 '말랑이'와 '<b>왁뿌볼</b>' 같은 촉감 완구가 큰 인기를 끌고 있다.말랑이는 부드럽고 폭신한... ,https://www.joongdo.co.kr/web/view.php?key=20260515010003799,naver_news,왁뿌볼,canonical,1.0,2026-06-13T16:13:40.833603+00:00,0,0,0,0,,이곳에서 만난 대학생 이수현(25·여)씨는 진열대 앞에서 한참을 고민하다가 인기 제품인 '두쫀쿠 <b>왁뿌볼</b>'과... 최근 SNS를 중심으로 '말랑이'와 '<b>왁뿌볼</b>' 같은 촉감 완구가 큰 인기를 끌고 있다.말랑이는 부드럽고 폭신한... ,"{""title"": ""“말랑한 촉감에 빠졌다”… MZ세대 사로잡은 ‘말랑이·<b>왁뿌볼</b>’ 열풍"", ""originallink"": ""https://www.joongdo.co.kr/web/view.php?key=20260515010003799"", ""link"": ""https://www.joongdo.co.kr/web/view.php?key=20260515010003799"", ""description"": ""이곳에서 만난 대학생 이수현(25·여)씨는 진열대 앞에서 한참을 고민하다가 인기 제품인 '두쫀쿠 <b>왁뿌볼</b>'과... 최근 SNS를 중심으로 '말랑이'와 '<b>왁뿌볼</b>' 같은 촉감 완구가 큰 인기를 끌고 있다.말랑이는 부드럽고 폭신한... "", ""pubDate"": ""Sun, 17 May 2026 11:06:00 +0900""}"
왁뿌볼,preset,왁뿌볼,‘불안 가방’이 뭐야? Z세대가 꼭 넣고 다니는 것들,https://www.harpersbazaar.co.kr/article/1902629,"Fri, 15 May 2026 17:48:00 +0900","손으로 쥐고 누르며 긴장을 풀 수 있는 도구로, 스퀴시부터 <b>왁뿌볼</b>까지 다양한 형태로 출시되고 있다. 말랑한 촉감이 주는 만족감은 물론, 귀여운 디자인과 다채로운 컬러감으로 시각적인 즐거움까지 더한다. 단순한... ",https://www.harpersbazaar.co.kr/article/1902629,naver_news,왁뿌볼,canonical,1.0,2026-06-13T16:13:40.833603+00:00,0,0,0,0,,"손으로 쥐고 누르며 긴장을 풀 수 있는 도구로, 스퀴시부터 <b>왁뿌볼</b>까지 다양한 형태로 출시되고 있다. 말랑한 촉감이 주는 만족감은 물론, 귀여운 디자인과 다채로운 컬러감으로 시각적인 즐거움까지 더한다. 단순한... ","{""title"": ""‘불안 가방’이 뭐야? Z세대가 꼭 넣고 다니는 것들"", ""originallink"": ""https://www.harpersbazaar.co.kr/article/1902629"", ""link"": ""https://www.harpersbazaar.co.kr/article/1902629"", ""description"": ""손으로 쥐고 누르며 긴장을 풀 수 있는 도구로, 스퀴시부터 <b>왁뿌볼</b>까지 다양한 형태로 출시되고 있다. 말랑한 촉감이 주는 만족감은 물론, 귀여운 디자인과 다채로운 컬러감으로 시각적인 즐거움까지 더한다. 단순한... "", ""pubDate"": ""Fri, 15 May 2026 17:48:00 +0900""}"
왁뿌볼,preset,왁뿌볼,"말랑말랑한 장난감, 우리 아이 정신 건강에 ‘이런 영향’",https://n.news.naver.com/mnews/article/346/0000109686?sid=004,"Wed, 13 May 2026 22:21:00 +0900","최근 ‘스퀴시’, ‘말랑이’, ‘<b>왁뿌볼</b>(점토에 왁스 코팅을 한 것)’, ‘스트레스 볼’ 등 말랑말랑한 촉감을 가진 장난감이 인기다. SNS에서는 어린이뿐 아니라 성인들이 장난감을 주무르거나 만지는 영상을 쉽게 찾아볼... ",https://health.chosun.com/site/data/html_dir/2026/05/13/2026051303477.html,naver_news,왁뿌볼,canonical,1.0,2026-06-13T16:13:40.833603+00:00,0,0,0,0,,"최근 ‘스퀴시’, ‘말랑이’, ‘<b>왁뿌볼</b>(점토에 왁스 코팅을 한 것)’, ‘스트레스 볼’ 등 말랑말랑한 촉감을 가진 장난감이 인기다. SNS에서는 어린이뿐 아니라 성인들이 장난감을 주무르거나 만지는 영상을 쉽게 찾아볼... ","{""title"": ""말랑말랑한 장난감, 우리 아이 정신 건강에 ‘이런 영향’"", ""originallink"": ""https://health.chosun.com/site/data/html_dir/2026/05/13/2026051303477.html"", ""link"": ""https://n.news.naver.com/mnews/article/346/0000109686?sid=004"", ""description"": ""최근 ‘스퀴시’, ‘말랑이’, ‘<b>왁뿌볼</b>(점토에 왁스 코팅을 한 것)’, ‘스트레스 볼’ 등 말랑말랑한 촉감을 가진 장난감이 인기다. SNS에서는 어린이뿐 아니라 성인들이 장난감을 주무르거나 만지는 영상을 쉽게 찾아볼... "", ""pubDate"": ""Wed, 13 May 2026 22:21:00 +0900""}"
왁뿌볼,preset,왁뿌볼,"라라스윗, '리얼 망고 쫀득바' 출시 기념 이벤트 진행",https://www.gokorea.kr/news/articleView.html?idxno=865756,"Sun, 10 May 2026 09:00:00 +0900",회사 측은 아이스크림계의 '<b>왁뿌볼</b>'을 연상시키는 식감과 씹는 재미를 제품 특징으로 소개했다. 라라스윗 관계자는 &quot;이번 신제품은 바삭하게 깨지는 식감과 쫀쫀한 제형의 조화를 구현하는 데 중점을 뒀다&quot;며 &quot;망고... ,https://www.gokorea.kr/news/articleView.html?idxno=865756,naver_news,왁뿌볼,canonical,1.0,2026-06-13T16:13:40.833603+00:00,0,0,0,0,,회사 측은 아이스크림계의 '<b>왁뿌볼</b>'을 연상시키는 식감과 씹는 재미를 제품 특징으로 소개했다. 라라스윗 관계자는 &quot;이번 신제품은 바삭하게 깨지는 식감과 쫀쫀한 제형의 조화를 구현하는 데 중점을 뒀다&quot;며 &quot;망고... ,"{""title"": ""라라스윗, '리얼 망고 쫀득바' 출시 기념 이벤트 진행"", ""originallink"": ""https://www.gokorea.kr/news/articleView.html?idxno=865756"", ""link"": ""https://www.gokorea.kr/news/articleView.html?idxno=865756"", ""description"": ""회사 측은 아이스크림계의 '<b>왁뿌볼</b>'을 연상시키는 식감과 씹는 재미를 제품 특징으로 소개했다. 라라스윗 관계자는 &quot;이번 신제품은 바삭하게 깨지는 식감과 쫀쫀한 제형의 조화를 구현하는 데 중점을 뒀다&quot;며 &quot;망고... "", ""pubDate"": ""Sun, 10 May 2026 09:00:00 +0900""}"
왁뿌볼,preset,왁뿌볼,"&quot;아이스크림계 <b>왁뿌볼</b>?&quot; 라라스윗, '리얼 망고 쫀득바' 선보여",https://www.job-post.co.kr/news/articleView.html?idxno=215375,"Sat, 09 May 2026 09:30:00 +0900","해당 제품은 아이스크림계의 '<b>왁뿌볼</b>'을 연상시키는 식감과 씹는 재미를 살린 점이 특징이다. 이번 신제품은 누적 판매량 1,000만 개를 기록한 '저당 생요거트바' 시리즈의 후속 라인업으로, 망고 풍미와 식감 요소를... ",https://www.job-post.co.kr/news/articleView.html?idxno=215375,naver_news,왁뿌볼,canonical,1.0,2026-06-13T16:13:40.833603+00:00,0,0,0,0,,"해당 제품은 아이스크림계의 '<b>왁뿌볼</b>'을 연상시키는 식감과 씹는 재미를 살린 점이 특징이다. 이번 신제품은 누적 판매량 1,000만 개를 기록한 '저당 생요거트바' 시리즈의 후속 라인업으로, 망고 풍미와 식감 요소를... ","{""title"": ""&quot;아이스크림계 <b>왁뿌볼</b>?&quot; 라라스윗, '리얼 망고 쫀득바' 선보여"", ""originallink"": ""https://www.job-post.co.kr/news/articleView.html?idxno=215375"", ""link"": ""https://www.job-post.co.kr/news/articleView.html?idxno=215375"", ""description"": ""해당 제품은 아이스크림계의 '<b>왁뿌볼</b>'을 연상시키는 식감과 씹는 재미를 살린 점이 특징이다. 이번 신제품은 누적 판매량 1,000만 개를 기록한 '저당 생요거트바' 시리즈의 후속 라인업으로, 망고 풍미와 식감 요소를... "", ""pubDate"": ""Sat, 09 May 2026 09:30:00 +0900""}"
왁뿌볼,preset,왁뿌볼,<b>왁뿌볼</b>부터 무스 케이크까지⋯요즘 유행은 '감각'입니다 [솔드아웃],https://www.etoday.co.kr/news/view/2582858,"Fri, 08 May 2026 17:20:00 +0900","'말랑이'부터 '<b>왁뿌볼</b>', '클리커' 등 장난감을 찾는 이들이 몰리면서인데요. SNS와 온라인 커뮤니티에는... 최근 유행 중인 '<b>왁뿌볼</b>'은 앞서 크게 유행한 슬라임을 왁스로 감싼 공 모양의 장난감인데요. 말랑이의 진화... ",https://www.etoday.co.kr/news/view/2582858,naver_news,왁뿌볼,canonical,1.0,2026-06-13T16:13:40.833603+00:00,0,0,0,0,,"'말랑이'부터 '<b>왁뿌볼</b>', '클리커' 등 장난감을 찾는 이들이 몰리면서인데요. SNS와 온라인 커뮤니티에는... 최근 유행 중인 '<b>왁뿌볼</b>'은 앞서 크게 유행한 슬라임을 왁스로 감싼 공 모양의 장난감인데요. 말랑이의 진화... ","{""title"": ""<b>왁뿌볼</b>부터 무스 케이크까지⋯요즘 유행은 '감각'입니다 [솔드아웃]"", ""originallink"": ""https://www.etoday.co.kr/news/view/2582858"", ""link"": ""https://www.etoday.co.kr/news/view/2582858"", ""description"": ""'말랑이'부터 '<b>왁뿌볼</b>', '클리커' 등 장난감을 찾는 이들이 몰리면서인데요. SNS와 온라인 커뮤니티에는... 최근 유행 중인 '<b>왁뿌볼</b>'은 앞서 크게 유행한 슬라임을 왁스로 감싼 공 모양의 장난감인데요. 말랑이의 진화... "", ""pubDate"": ""Fri, 08 May 2026 17:20:00 +0900""}"
왁뿌볼,preset,왁뿌볼,젤리야? 클렌저야? 욕실에서 즐기는 촉감 놀이,https://www.harpersbazaar.co.kr/article/1902099,"Fri, 08 May 2026 11:10:00 +0900","왁스를 깨는 ‘<b>왁뿌볼</b>’, 비즈를 넣어 쫀득한 촉감을 즐기는 ‘말랑이’ 등 손끝의 감각을 자극하는 피젯 토이가 다시 인기를 끌고 있다. 동대문 문구 거리는 이미 갖가지 음식 모양과 향을 담은 '말랑이 성지'가 되어... ",https://www.harpersbazaar.co.kr/article/1902099,naver_news,왁뿌볼,canonical,1.0,2026-06-13T16:13:40.833603+00:00,0,0,0,0,,"왁스를 깨는 ‘<b>왁뿌볼</b>’, 비즈를 넣어 쫀득한 촉감을 즐기는 ‘말랑이’ 등 손끝의 감각을 자극하는 피젯 토이가 다시 인기를 끌고 있다. 동대문 문구 거리는 이미 갖가지 음식 모양과 향을 담은 '말랑이 성지'가 되어... ","{""title"": ""젤리야? 클렌저야? 욕실에서 즐기는 촉감 놀이"", ""originallink"": ""https://www.harpersbazaar.co.kr/article/1902099"", ""link"": ""https://www.harpersbazaar.co.kr/article/1902099"", ""description"": ""왁스를 깨는 ‘<b>왁뿌볼</b>’, 비즈를 넣어 쫀득한 촉감을 즐기는 ‘말랑이’ 등 손끝의 감각을 자극하는 피젯 토이가 다시 인기를 끌고 있다. 동대문 문구 거리는 이미 갖가지 음식 모양과 향을 담은 '말랑이 성지'가 되어... "", ""pubDate"": ""Fri, 08 May 2026 11:10:00 +0900""}"
왁뿌볼,preset,왁뿌볼,"라라스윗, 당류 4g '리얼 망고 쫀득바' 출시",https://www.enetnews.co.kr/news/articleView.html?idxno=49780,"Fri, 08 May 2026 09:52:00 +0900","아이스크림계의 '<b>왁뿌볼</b>'을 연상시키듯 식감과 씹는 재미를 살렸으며, 내부에는 후숙 망고 특유의 쫀쫀한 제형을 구현해 이중 식감을 강조했다. 특히 망고 100% 농축액을 사용해 과일 본연의 맛을 살렸으며, 제품 당류는... ",https://www.enetnews.co.kr/news/articleView.html?idxno=49780,naver_news,왁뿌볼,canonical,1.0,2026-06-13T16:13:40.833603+00:00,0,0,0,0,,"아이스크림계의 '<b>왁뿌볼</b>'을 연상시키듯 식감과 씹는 재미를 살렸으며, 내부에는 후숙 망고 특유의 쫀쫀한 제형을 구현해 이중 식감을 강조했다. 특히 망고 100% 농축액을 사용해 과일 본연의 맛을 살렸으며, 제품 당류는... ","{""title"": ""라라스윗, 당류 4g '리얼 망고 쫀득바' 출시"", ""originallink"": ""https://www.enetnews.co.kr/news/articleView.html?idxno=49780"", ""link"": ""https://www.enetnews.co.kr/news/articleView.html?idxno=49780"", ""description"": ""아이스크림계의 '<b>왁뿌볼</b>'을 연상시키듯 식감과 씹는 재미를 살렸으며, 내부에는 후숙 망고 특유의 쫀쫀한 제형을 구현해 이중 식감을 강조했다. 특히 망고 100% 농축액을 사용해 과일 본연의 맛을 살렸으며, 제품 당류는... "", ""pubDate"": ""Fri, 08 May 2026 09:52:00 +0900""}"
왁뿌볼,preset,왁뿌볼,"“15년만에 이런 인파 처음” 장난감 골목, 행복한 비명",https://n.news.naver.com/mnews/article/025/0003521179?sid=102,"Wed, 06 May 2026 00:01:00 +0900","‘말랑이’란 부드러운 클레이 재질을 만지며 노는 장난감이고, 이를 왁스로 감싸 부서지는 재미까지 더한 것이 ‘<b>왁뿌볼</b>(왁스 부시는 공)’이다. ‘클리커’는 키보드처럼 경쾌한 소리를 내는 장난감이다. 상인들은... ",https://www.joongang.co.kr/article/25425914,naver_news,왁뿌볼,canonical,1.0,2026-06-13T16:13:40.833603+00:00,0,0,0,0,,"‘말랑이’란 부드러운 클레이 재질을 만지며 노는 장난감이고, 이를 왁스로 감싸 부서지는 재미까지 더한 것이 ‘<b>왁뿌볼</b>(왁스 부시는 공)’이다. ‘클리커’는 키보드처럼 경쾌한 소리를 내는 장난감이다. 상인들은... ","{""title"": ""“15년만에 이런 인파 처음” 장난감 골목, 행복한 비명"", ""originallink"": ""https://www.joongang.co.kr/article/25425914"", ""link"": ""https://n.news.naver.com/mnews/article/025/0003521179?sid=102"", ""description"": ""‘말랑이’란 부드러운 클레이 재질을 만지며 노는 장난감이고, 이를 왁스로 감싸 부서지는 재미까지 더한 것이 ‘<b>왁뿌볼</b>(왁스 부시는 공)’이다. ‘클리커’는 키보드처럼 경쾌한 소리를 내는 장난감이다. 상인들은... "", ""pubDate"": ""Wed, 06 May 2026 00:01:00 +0900""}"
왁뿌볼,preset,왁뿌볼,“미아 되면 고릴라 앞으로”…어른도 푹 빠진 창신동 완구거리,https://n.news.naver.com/mnews/article/081/0003641148?sid=102,"Tue, 05 May 2026 15:34:00 +0900","매장들은 피규어 행운박스, <b>왁뿌볼</b>(왁스 부수기 공), 키캡 등 성인과 아이 모두를 겨냥한 장난감을 거리 전면에 배치해 방문객들의 발길을 붙잡았다. 인기 애니메이션 ‘포켓몬스터’의 캐릭터 카드를 판매하는 매장... ",https://www.seoul.co.kr/news/society/2026/05/05/20260505500079?wlog_tag3=naver,naver_news,왁뿌볼,canonical,1.0,2026-06-13T16:13:40.833603+00:00,0,0,0,0,,"매장들은 피규어 행운박스, <b>왁뿌볼</b>(왁스 부수기 공), 키캡 등 성인과 아이 모두를 겨냥한 장난감을 거리 전면에 배치해 방문객들의 발길을 붙잡았다. 인기 애니메이션 ‘포켓몬스터’의 캐릭터 카드를 판매하는 매장... ","{""title"": ""“미아 되면 고릴라 앞으로”…어른도 푹 빠진 창신동 완구거리"", ""originallink"": ""https://www.seoul.co.kr/news/society/2026/05/05/20260505500079?wlog_tag3=naver"", ""link"": ""https://n.news.naver.com/mnews/article/081/0003641148?sid=102"", ""description"": ""매장들은 피규어 행운박스, <b>왁뿌볼</b>(왁스 부수기 공), 키캡 등 성인과 아이 모두를 겨냥한 장난감을 거리 전면에 배치해 방문객들의 발길을 붙잡았다. 인기 애니메이션 ‘포켓몬스터’의 캐릭터 카드를 판매하는 매장... "", ""pubDate"": ""Tue, 05 May 2026 15:34:00 +0900""}"
왁뿌볼,preset,왁뿌볼,“장난감은 만져보고 사야죠”…SNS타고 대박난 창신동 완구거리,https://n.news.naver.com/mnews/article/025/0003521096?sid=102,"Tue, 05 May 2026 12:49:00 +0900",하지만 최근 ‘말랑이’ ‘<b>왁뿌볼</b>’ ‘클리커’ 같은 촉감 장난감이 인기를 끌면서 창신동을 찾는 발걸음이... 것이 ‘<b>왁뿌볼</b>(왁스 부시는 공)’이다. ‘클리커’는 키보드처럼 경쾌한 소리를 내는 장난감이다. SNS에서... ,https://www.joongang.co.kr/article/25425820,naver_news,왁뿌볼,canonical,1.0,2026-06-13T16:13:40.833603+00:00,0,0,0,0,,하지만 최근 ‘말랑이’ ‘<b>왁뿌볼</b>’ ‘클리커’ 같은 촉감 장난감이 인기를 끌면서 창신동을 찾는 발걸음이... 것이 ‘<b>왁뿌볼</b>(왁스 부시는 공)’이다. ‘클리커’는 키보드처럼 경쾌한 소리를 내는 장난감이다. SNS에서... ,"{""title"": ""“장난감은 만져보고 사야죠”…SNS타고 대박난 창신동 완구거리"", ""originallink"": ""https://www.joongang.co.kr/article/25425820"", ""link"": ""https://n.news.naver.com/mnews/article/025/0003521096?sid=102"", ""description"": ""하지만 최근 ‘말랑이’ ‘<b>왁뿌볼</b>’ ‘클리커’ 같은 촉감 장난감이 인기를 끌면서 창신동을 찾는 발걸음이... 것이 ‘<b>왁뿌볼</b>(왁스 부시는 공)’이다. ‘클리커’는 키보드처럼 경쾌한 소리를 내는 장난감이다. SNS에서... "", ""pubDate"": ""Tue, 05 May 2026 12:49:00 +0900""}"
왁뿌볼,preset,왁뿌볼,‘어른이’가 찾는 창신동… ‘<b>왁뿌볼</b>’ 사고 동심 줍는다 [트렌디깅],https://n.news.naver.com/mnews/article/020/0003717251?sid=101,"Tue, 05 May 2026 09:01:00 +0900","아이들이 좋아할 만한 장난감으로 가득하던 매대에는 <b>왁뿌볼</b>(스트레스볼)이나 말랑이, 키캡 등 최근 Z세대... 소셜미디어에는 “창신동 문구완구거리 ○층에 가면 포켓몬 굿즈 많다” “요즘 유행하는 말랑이랑 <b>왁뿌볼</b>... ",https://www.donga.com/news/Economy/article/all/20260504/133859046/2,naver_news,왁뿌볼,canonical,1.0,2026-06-13T16:13:40.833603+00:00,0,0,0,0,,"아이들이 좋아할 만한 장난감으로 가득하던 매대에는 <b>왁뿌볼</b>(스트레스볼)이나 말랑이, 키캡 등 최근 Z세대... 소셜미디어에는 “창신동 문구완구거리 ○층에 가면 포켓몬 굿즈 많다” “요즘 유행하는 말랑이랑 <b>왁뿌볼</b>... ","{""title"": ""‘어른이’가 찾는 창신동… ‘<b>왁뿌볼</b>’ 사고 동심 줍는다 [트렌디깅]"", ""originallink"": ""https://www.donga.com/news/Economy/article/all/20260504/133859046/2"", ""link"": ""https://n.news.naver.com/mnews/article/020/0003717251?sid=101"", ""description"": ""아이들이 좋아할 만한 장난감으로 가득하던 매대에는 <b>왁뿌볼</b>(스트레스볼)이나 말랑이, 키캡 등 최근 Z세대... 소셜미디어에는 “창신동 문구완구거리 ○층에 가면 포켓몬 굿즈 많다” “요즘 유행하는 말랑이랑 <b>왁뿌볼</b>... "", ""pubDate"": ""Tue, 05 May 2026 09:01:00 +0900""}"
왁뿌볼,preset,왁뿌볼,"&quot;네 세상을 샀네!&quot;… 1만 인파 몰린 창신동, '텐포켓'을 흔든 ‘동심’...",https://n.news.naver.com/mnews/article/629/0000496656?sid=102,"Mon, 04 May 2026 20:35:00 +0900",올해 창신동을 휩쓴 최고의 히트작은 단연 '왁스 부시는 말랑이(<b>왁뿌볼</b>)'였다. 얇은 왁스 껍질을 깨뜨릴 때 느껴지는 시각·청각·촉각적 쾌감이 전 연령대의 취향을 저격했다. 시장 여기저기서 &quot;<b>왁뿌볼</b> 주세요&quot;라는... ,https://news.tf.co.kr/read/video/2319560.htm,naver_news,왁뿌볼,canonical,1.0,2026-06-13T16:13:40.833603+00:00,0,0,0,0,,올해 창신동을 휩쓴 최고의 히트작은 단연 '왁스 부시는 말랑이(<b>왁뿌볼</b>)'였다. 얇은 왁스 껍질을 깨뜨릴 때 느껴지는 시각·청각·촉각적 쾌감이 전 연령대의 취향을 저격했다. 시장 여기저기서 &quot;<b>왁뿌볼</b> 주세요&quot;라는... ,"{""title"": ""&quot;네 세상을 샀네!&quot;… 1만 인파 몰린 창신동, '텐포켓'을 흔든 ‘동심’..."", ""originallink"": ""https://news.tf.co.kr/read/video/2319560.htm"", ""link"": ""https://n.news.naver.com/mnews/article/629/0000496656?sid=102"", ""description"": ""올해 창신동을 휩쓴 최고의 히트작은 단연 '왁스 부시는 말랑이(<b>왁뿌볼</b>)'였다. 얇은 왁스 껍질을 깨뜨릴 때 느껴지는 시각·청각·촉각적 쾌감이 전 연령대의 취향을 저격했다. 시장 여기저기서 &quot;<b>왁뿌볼</b> 주세요&quot;라는... "", ""pubDate"": ""Mon, 04 May 2026 20:35:00 +0900""}"
왁뿌볼,preset,왁뿌볼,어린이 완구점은 한산한데… '어른이' 완구점은 북적북적,https://n.news.naver.com/mnews/article/009/0005675279?sid=102,"Mon, 04 May 2026 17:47:00 +0900","말랑이·<b>왁뿌볼</b> 등 촉감 장난감 20대·30대 '인기 굿즈'로 주목 &quot;사장님! 여기 '치즈 슬랑이'랑 '왁스팝... 최근 사회관계망서비스(SNS)를 중심으로 말랑이, 스퀴시, <b>왁뿌볼</b>(왁스 코팅된 공을 부수는 제품) 등 촉감을 활용한... ",https://www.mk.co.kr/article/12035332,naver_news,왁뿌볼,canonical,1.0,2026-06-13T16:13:40.833603+00:00,0,0,0,0,,"말랑이·<b>왁뿌볼</b> 등 촉감 장난감 20대·30대 '인기 굿즈'로 주목 &quot;사장님! 여기 '치즈 슬랑이'랑 '왁스팝... 최근 사회관계망서비스(SNS)를 중심으로 말랑이, 스퀴시, <b>왁뿌볼</b>(왁스 코팅된 공을 부수는 제품) 등 촉감을 활용한... ","{""title"": ""어린이 완구점은 한산한데… '어른이' 완구점은 북적북적"", ""originallink"": ""https://www.mk.co.kr/article/12035332"", ""link"": ""https://n.news.naver.com/mnews/article/009/0005675279?sid=102"", ""description"": ""말랑이·<b>왁뿌볼</b> 등 촉감 장난감 20대·30대 '인기 굿즈'로 주목 &quot;사장님! 여기 '치즈 슬랑이'랑 '왁스팝... 최근 사회관계망서비스(SNS)를 중심으로 말랑이, 스퀴시, <b>왁뿌볼</b>(왁스 코팅된 공을 부수는 제품) 등 촉감을 활용한... "", ""pubDate"": ""Mon, 04 May 2026 17:47:00 +0900""}"
왁뿌볼,preset,왁뿌볼,주말 아침부터 '바글바글'…&quot;수요일에 올 걸&quot; 40대도 '열광' [트렌드+],https://n.news.naver.com/mnews/article/015/0005281500?sid=101,"Wed, 29 Apr 2026 21:04:00 +0900","이들의 손에는 말랑말랑한 촉감의 '<b>왁뿌볼</b>(스트레스볼)'이나 '말랑이', '키캡' 등이 들려 있었다. 이날 한... 최근 소셜네트워크서비스(SNS) 중심으로 큰 인기를 끌고 있는 '말랑이'나 '<b>왁뿌볼</b>' 같은 촉감 완구, 기계식... ",https://www.hankyung.com/article/202604294787g,naver_news,왁뿌볼,canonical,1.0,2026-06-13T16:13:40.833603+00:00,0,0,0,0,,"이들의 손에는 말랑말랑한 촉감의 '<b>왁뿌볼</b>(스트레스볼)'이나 '말랑이', '키캡' 등이 들려 있었다. 이날 한... 최근 소셜네트워크서비스(SNS) 중심으로 큰 인기를 끌고 있는 '말랑이'나 '<b>왁뿌볼</b>' 같은 촉감 완구, 기계식... ","{""title"": ""주말 아침부터 '바글바글'…&quot;수요일에 올 걸&quot; 40대도 '열광' [트렌드+]"", ""originallink"": ""https://www.hankyung.com/article/202604294787g"", ""link"": ""https://n.news.naver.com/mnews/article/015/0005281500?sid=101"", ""description"": ""이들의 손에는 말랑말랑한 촉감의 '<b>왁뿌볼</b>(스트레스볼)'이나 '말랑이', '키캡' 등이 들려 있었다. 이날 한... 최근 소셜네트워크서비스(SNS) 중심으로 큰 인기를 끌고 있는 '말랑이'나 '<b>왁뿌볼</b>' 같은 촉감 완구, 기계식... "", ""pubDate"": ""Wed, 29 Apr 2026 21:04:00 +0900""}"
왁뿌볼,preset,왁뿌볼,“만지면 스트레스 풀려”…손맛 미친 중독템 정체 [이슈픽],https://n.news.naver.com/mnews/article/056/0012171354?sid=101,"Tue, 28 Apr 2026 18:28:00 +0900","&quot;] 이처럼 손안에서 늘리고, 비틀고, 쥐어보는 이른바 말랑이부터 [성훈/엔하이픈/위버스 라이브 : &quot;<b>왁뿌볼</b>, 이게 요즘 젊은이들한테 유행이라는데…&quot;] 왁스 뿌수기 볼의 줄임말인 '<b>왁뿌볼</b>'은 손으로 눌러 왁스를 깨뜨릴 때... ",https://news.kbs.co.kr/news/pc/view/view.do?ncd=8547988&ref=A,naver_news,왁뿌볼,canonical,1.0,2026-06-13T16:13:40.833603+00:00,0,0,0,0,,"&quot;] 이처럼 손안에서 늘리고, 비틀고, 쥐어보는 이른바 말랑이부터 [성훈/엔하이픈/위버스 라이브 : &quot;<b>왁뿌볼</b>, 이게 요즘 젊은이들한테 유행이라는데…&quot;] 왁스 뿌수기 볼의 줄임말인 '<b>왁뿌볼</b>'은 손으로 눌러 왁스를 깨뜨릴 때... ","{""title"": ""“만지면 스트레스 풀려”…손맛 미친 중독템 정체 [이슈픽]"", ""originallink"": ""https://news.kbs.co.kr/news/pc/view/view.do?ncd=8547988&ref=A"", ""link"": ""https://n.news.naver.com/mnews/article/056/0012171354?sid=101"", ""description"": ""&quot;] 이처럼 손안에서 늘리고, 비틀고, 쥐어보는 이른바 말랑이부터 [성훈/엔하이픈/위버스 라이브 : &quot;<b>왁뿌볼</b>, 이게 요즘 젊은이들한테 유행이라는데…&quot;] 왁스 뿌수기 볼의 줄임말인 '<b>왁뿌볼</b>'은 손으로 눌러 왁스를 깨뜨릴 때... "", ""pubDate"": ""Tue, 28 Apr 2026 18:28:00 +0900""}"
왁뿌볼,preset,왁뿌볼,"남주혁, '멜로눈깔' 장착 완 &quot;로맨스 코미디 하고 싶어&quot; ('W KOREA')",https://m.entertain.naver.com/article/109/0005520884,"Fri, 24 Apr 2026 19:15:00 +0900","읽고, <b>왁뿌볼</b> 같이 부술 사람 들어와’라는 제목의 영상이 게재됐다. 남주혁은 ASMR을 시도하며 질문에 답하는 시간을 가졌다. 그는 처음으로 '<b>왁뿌볼</b>'을 만지며 좋은 소리를 내고자 했으나 곧 눈치를 보며 &quot;솔직히... ",http://www.osen.co.kr/article/G1112788057,naver_news,왁뿌볼,canonical,1.0,2026-06-13T16:13:40.833603+00:00,0,0,0,0,,"읽고, <b>왁뿌볼</b> 같이 부술 사람 들어와’라는 제목의 영상이 게재됐다. 남주혁은 ASMR을 시도하며 질문에 답하는 시간을 가졌다. 그는 처음으로 '<b>왁뿌볼</b>'을 만지며 좋은 소리를 내고자 했으나 곧 눈치를 보며 &quot;솔직히... ","{""title"": ""남주혁, '멜로눈깔' 장착 완 &quot;로맨스 코미디 하고 싶어&quot; ('W KOREA')"", ""originallink"": ""http://www.osen.co.kr/article/G1112788057"", ""link"": ""https://m.entertain.naver.com/article/109/0005520884"", ""description"": ""읽고, <b>왁뿌볼</b> 같이 부술 사람 들어와’라는 제목의 영상이 게재됐다. 남주혁은 ASMR을 시도하며 질문에 답하는 시간을 가졌다. 그는 처음으로 '<b>왁뿌볼</b>'을 만지며 좋은 소리를 내고자 했으나 곧 눈치를 보며 &quot;솔직히... "", ""pubDate"": ""Fri, 24 Apr 2026 19:15:00 +0900""}"
왁뿌볼,preset,왁뿌볼,남주혁 &quot;내 최고의 복? 어디서든 꿀잠 가능...요즘엔 로맨스물 해보고 ...,https://m.entertain.naver.com/article/213/0001383103,"Fri, 24 Apr 2026 17:39:00 +0900","24일 더블유 코리아 유튜브 채널에선 ‘ASMR 신예 남주혁 등장 슬픈(?) 동화책 읽고, <b>왁뿌볼</b> 같이 부술 사람 들어와 by W Korea’라는 제목의 영상이 업로드 됐다. 영상에선 남주혁이 질문에 답하는 모습이 담겼다.... ",https://www.tvreport.co.kr/breaking/article/1038038/,naver_news,왁뿌볼,canonical,1.0,2026-06-13T16:13:40.833603+00:00,0,0,0,0,,"24일 더블유 코리아 유튜브 채널에선 ‘ASMR 신예 남주혁 등장 슬픈(?) 동화책 읽고, <b>왁뿌볼</b> 같이 부술 사람 들어와 by W Korea’라는 제목의 영상이 업로드 됐다. 영상에선 남주혁이 질문에 답하는 모습이 담겼다.... ","{""title"": ""남주혁 &quot;내 최고의 복? 어디서든 꿀잠 가능...요즘엔 로맨스물 해보고 ..."", ""originallink"": ""https://www.tvreport.co.kr/breaking/article/1038038/"", ""link"": ""https://m.entertain.naver.com/article/213/0001383103"", ""description"": ""24일 더블유 코리아 유튜브 채널에선 ‘ASMR 신예 남주혁 등장 슬픈(?) 동화책 읽고, <b>왁뿌볼</b> 같이 부술 사람 들어와 by W Korea’라는 제목의 영상이 업로드 됐다. 영상에선 남주혁이 질문에 답하는 모습이 담겼다.... "", ""pubDate"": ""Fri, 24 Apr 2026 17:39:00 +0900""}"
왁뿌볼,preset,왁뿌볼,요즘 직장인들이 '말랑이'에 진심인 이유,https://www.elle.co.kr/article/1901266,"Thu, 23 Apr 2026 17:42:00 +0900","자꾸만 손이 가는 말랑한 스퀴시부터 경쾌한 소리를 내는 클리커, <b>왁뿌볼</b>까지. 단순한 유행이라기엔... 손바닥 안에서 쫀득하게 감기는 말랑이(스퀴시)부터 왁스를 깨뜨릴 때 쾌감을 주는 <b>왁뿌볼</b> 그리고 키캡까지, 매대는... ",https://www.elle.co.kr/article/1901266,naver_news,왁뿌볼,canonical,1.0,2026-06-13T16:13:40.833603+00:00,0,0,0,0,,"자꾸만 손이 가는 말랑한 스퀴시부터 경쾌한 소리를 내는 클리커, <b>왁뿌볼</b>까지. 단순한 유행이라기엔... 손바닥 안에서 쫀득하게 감기는 말랑이(스퀴시)부터 왁스를 깨뜨릴 때 쾌감을 주는 <b>왁뿌볼</b> 그리고 키캡까지, 매대는... ","{""title"": ""요즘 직장인들이 '말랑이'에 진심인 이유"", ""originallink"": ""https://www.elle.co.kr/article/1901266"", ""link"": ""https://www.elle.co.kr/article/1901266"", ""description"": ""자꾸만 손이 가는 말랑한 스퀴시부터 경쾌한 소리를 내는 클리커, <b>왁뿌볼</b>까지. 단순한 유행이라기엔... 손바닥 안에서 쫀득하게 감기는 말랑이(스퀴시)부터 왁스를 깨뜨릴 때 쾌감을 주는 <b>왁뿌볼</b> 그리고 키캡까지, 매대는... "", ""pubDate"": ""Thu, 23 Apr 2026 17:42:00 +0900""}"
왁뿌볼,preset,왁뿌볼,버터떡 이어 이번엔…&quot;아그작&quot; 쾌감 부르는 디저트의 정체 [트렌드+],https://n.news.naver.com/mnews/article/015/0005276676?sid=101,"Sun, 19 Apr 2026 15:24:00 +0900","디저트 시장 흥행 공식이 달라지고 있다. 예쁘고 맛있는 것을 넘어, 직접 깨뜨리고 소리까지 즐기는 '체험형 디저트'가 MZ세대 중심으로 빠르게 확산하고 있다. 19일 식품업계에 따르면 베이커리 브랜드 뚜레쥬르는 최근... ",https://www.hankyung.com/article/202604178192g,naver_news,왁뿌볼,canonical,1.0,2026-06-13T16:13:40.833603+00:00,0,0,0,0,,"디저트 시장 흥행 공식이 달라지고 있다. 예쁘고 맛있는 것을 넘어, 직접 깨뜨리고 소리까지 즐기는 '체험형 디저트'가 MZ세대 중심으로 빠르게 확산하고 있다. 19일 식품업계에 따르면 베이커리 브랜드 뚜레쥬르는 최근... ","{""title"": ""버터떡 이어 이번엔…&quot;아그작&quot; 쾌감 부르는 디저트의 정체 [트렌드+]"", ""originallink"": ""https://www.hankyung.com/article/202604178192g"", ""link"": ""https://n.news.naver.com/mnews/article/015/0005276676?sid=101"", ""description"": ""디저트 시장 흥행 공식이 달라지고 있다. 예쁘고 맛있는 것을 넘어, 직접 깨뜨리고 소리까지 즐기는 '체험형 디저트'가 MZ세대 중심으로 빠르게 확산하고 있다. 19일 식품업계에 따르면 베이커리 브랜드 뚜레쥬르는 최근... "", ""pubDate"": ""Sun, 19 Apr 2026 15:24:00 +0900""}"
왁뿌볼,preset,왁뿌볼,술 대신 ‘어른이용’ 장난감…“스트레스 사라져요”,https://n.news.naver.com/mnews/article/449/0000340552?sid=101,"Fri, 03 Apr 2026 19:57:00 +0900","그냥 만지니까 좋은데요&quot; 두바이 쫀득 쿠키 <b>왁뿌볼</b>입니다. 부수면서 가지고 노는 장난감인데요, 제가 해보겠습니다. 예상했던 것과 달리 촉감이 부드러워 스트레스 해소용으로 인기입니다. [서지현 / 서울 동대문구] &quot;30대... ",https://www.ichannela.com/news/main/news_detailPage.do?publishId=000000522355,naver_news,왁뿌볼,canonical,1.0,2026-06-13T16:13:40.833603+00:00,0,0,0,0,,"그냥 만지니까 좋은데요&quot; 두바이 쫀득 쿠키 <b>왁뿌볼</b>입니다. 부수면서 가지고 노는 장난감인데요, 제가 해보겠습니다. 예상했던 것과 달리 촉감이 부드러워 스트레스 해소용으로 인기입니다. [서지현 / 서울 동대문구] &quot;30대... ","{""title"": ""술 대신 ‘어른이용’ 장난감…“스트레스 사라져요”"", ""originallink"": ""https://www.ichannela.com/news/main/news_detailPage.do?publishId=000000522355"", ""link"": ""https://n.news.naver.com/mnews/article/449/0000340552?sid=101"", ""description"": ""그냥 만지니까 좋은데요&quot; 두바이 쫀득 쿠키 <b>왁뿌볼</b>입니다. 부수면서 가지고 노는 장난감인데요, 제가 해보겠습니다. 예상했던 것과 달리 촉감이 부드러워 스트레스 해소용으로 인기입니다. [서지현 / 서울 동대문구] &quot;30대... "", ""pubDate"": ""Fri, 03 Apr 2026 19:57:00 +0900""}"
왁뿌볼,preset,왁뿌볼,"[완구거리 리포트①] '말랑이 성지' 창신동 완구거리, 도매시장서 MZ 필...",https://www.sisaweek.com/news/articleView.html?idxno=234582,"Tue, 31 Mar 2026 18:04:00 +0900","스펀지처럼 폭신한 말랑이부터 강한 탄성을 자랑하는 말랑이, 딱딱한 왁스층을 부수는 쾌감을 즐길 수 있는 <b>왁뿌볼</b>(왁스 뿌수기 볼의 준말)까지 종류가 다양하다. 동대문 완구거리 상점 기준 가격은 대부분 2,000~3... ",https://www.sisaweek.com/news/articleView.html?idxno=234582,naver_news,왁뿌볼,canonical,1.0,2026-06-13T16:13:40.833603+00:00,0,0,0,0,,"스펀지처럼 폭신한 말랑이부터 강한 탄성을 자랑하는 말랑이, 딱딱한 왁스층을 부수는 쾌감을 즐길 수 있는 <b>왁뿌볼</b>(왁스 뿌수기 볼의 준말)까지 종류가 다양하다. 동대문 완구거리 상점 기준 가격은 대부분 2,000~3... ","{""title"": ""[완구거리 리포트①] '말랑이 성지' 창신동 완구거리, 도매시장서 MZ 필..."", ""originallink"": ""https://www.sisaweek.com/news/articleView.html?idxno=234582"", ""link"": ""https://www.sisaweek.com/news/articleView.html?idxno=234582"", ""description"": ""스펀지처럼 폭신한 말랑이부터 강한 탄성을 자랑하는 말랑이, 딱딱한 왁스층을 부수는 쾌감을 즐길 수 있는 <b>왁뿌볼</b>(왁스 뿌수기 볼의 준말)까지 종류가 다양하다. 동대문 완구거리 상점 기준 가격은 대부분 2,000~3... "", ""pubDate"": ""Tue, 31 Mar 2026 18:04:00 +0900""}"
왁뿌볼,preset,왁뿌볼,‘내돈내땀’ 사우나에 몰입하는 Z세대,https://n.news.naver.com/mnews/article/037/0000037830?sid=103,"Sun, 15 Mar 2026 07:02:00 +0900",SNS에서 목욕탕 정보 공유… 촉감으로 힐링하는 ‘<b>왁뿌볼</b>’도 인기 검색창에 ‘요즘 유행’이라고 입력하면... #만지기만 해도 편안해지는 <b>왁뿌볼</b> Z세대는 손에 뭔가 없으면 살 수 없을 만큼 다양한 것을 만져왔다.... ,https://weekly.donga.com/3/all/11/6137767/1,naver_news,왁뿌볼,canonical,1.0,2026-06-13T16:13:40.833603+00:00,0,0,0,0,,SNS에서 목욕탕 정보 공유… 촉감으로 힐링하는 ‘<b>왁뿌볼</b>’도 인기 검색창에 ‘요즘 유행’이라고 입력하면... #만지기만 해도 편안해지는 <b>왁뿌볼</b> Z세대는 손에 뭔가 없으면 살 수 없을 만큼 다양한 것을 만져왔다.... ,"{""title"": ""‘내돈내땀’ 사우나에 몰입하는 Z세대"", ""originallink"": ""https://weekly.donga.com/3/all/11/6137767/1"", ""link"": ""https://n.news.naver.com/mnews/article/037/0000037830?sid=103"", ""description"": ""SNS에서 목욕탕 정보 공유… 촉감으로 힐링하는 ‘<b>왁뿌볼</b>’도 인기 검색창에 ‘요즘 유행’이라고 입력하면... #만지기만 해도 편안해지는 <b>왁뿌볼</b> Z세대는 손에 뭔가 없으면 살 수 없을 만큼 다양한 것을 만져왔다.... "", ""pubDate"": ""Sun, 15 Mar 2026 07:02:00 +0900""}"
왁뿌볼,preset,왁뿌볼,&quot;엄마 <b>왁뿌볼</b>·말랑이 사줘&quot;…유행템 성지로 반짝 뜬 창신동 문구시장,https://n.news.naver.com/mnews/article/421/0008799537?sid=102,"Sun, 01 Mar 2026 07:00:00 +0900","신윤하 유채연 기자 = &quot;엄마, 여기 <b>왁뿌볼</b> 있어!&quot; &quot;아이 같은 반 친구들 다 데리고 경기 양주에서 1시간 30분... '말랑이', '<b>왁뿌볼</b>' 등 최근 유행하는 새로운 장난감들을 한군데서 만져보고 비교적 싼 가격에 살 수 있단 장점... ",https://www.news1.kr/society/general-society/6086089,naver_news,왁뿌볼,canonical,1.0,2026-06-13T16:13:40.833603+00:00,0,0,0,0,,"신윤하 유채연 기자 = &quot;엄마, 여기 <b>왁뿌볼</b> 있어!&quot; &quot;아이 같은 반 친구들 다 데리고 경기 양주에서 1시간 30분... '말랑이', '<b>왁뿌볼</b>' 등 최근 유행하는 새로운 장난감들을 한군데서 만져보고 비교적 싼 가격에 살 수 있단 장점... ","{""title"": ""&quot;엄마 <b>왁뿌볼</b>·말랑이 사줘&quot;…유행템 성지로 반짝 뜬 창신동 문구시장"", ""originallink"": ""https://www.news1.kr/society/general-society/6086089"", ""link"": ""https://n.news.naver.com/mnews/article/421/0008799537?sid=102"", ""description"": ""신윤하 유채연 기자 = &quot;엄마, 여기 <b>왁뿌볼</b> 있어!&quot; &quot;아이 같은 반 친구들 다 데리고 경기 양주에서 1시간 30분... '말랑이', '<b>왁뿌볼</b>' 등 최근 유행하는 새로운 장난감들을 한군데서 만져보고 비교적 싼 가격에 살 수 있단 장점... "", ""pubDate"": ""Sun, 01 Mar 2026 07:00:00 +0900""}"
