canonical_keyword,keyword_set_mode,keyword,title,url,published_at,description,bloggername,bloggerlink,source,term,term_type,term_weight,collected_at,views,likes,comments,engagements,author,snippet,raw_payload
콜라,single_term_fallback,콜라,격포바닷가&amp;해미읍성&amp;서산한우목장,https://blog.naver.com/hwasoon0483/224297166965,20260526,언니의 해설을 들으며~~ 카카오택시로 서산 한우 목장으로 고고씽 나는 인스타에서 숏폼을 보면서 나도 해봐야겠다고 생각을 하고 있었는데 어느분께서 <b>콜라</b>로 하는거를 보고 나는 사이다로 연습을 해야겠다... ,당당한 꽃순이,blog.naver.com/hwasoon0483,naver_blog,콜라,canonical,1.0,2026-05-26T11:01:39.710152+00:00,0,0,0,0,당당한 꽃순이,언니의 해설을 들으며~~ 카카오택시로 서산 한우 목장으로 고고씽 나는 인스타에서 숏폼을 보면서 나도 해봐야겠다고 생각을 하고 있었는데 어느분께서 <b>콜라</b>로 하는거를 보고 나는 사이다로 연습을 해야겠다... ,"{""title"": ""격포바닷가&amp;해미읍성&amp;서산한우목장"", ""link"": ""https://blog.naver.com/hwasoon0483/224297166965"", ""description"": ""언니의 해설을 들으며~~ 카카오택시로 서산 한우 목장으로 고고씽 나는 인스타에서 숏폼을 보면서 나도 해봐야겠다고 생각을 하고 있었는데 어느분께서 <b>콜라</b>로 하는거를 보고 나는 사이다로 연습을 해야겠다... "", ""bloggername"": ""당당한 꽃순이"", ""bloggerlink"": ""blog.naver.com/hwasoon0483"", ""postdate"": ""20260526""}"
콜라,single_term_fallback,콜라,"기흥 수제 버거 1등 맛집, [버거비앤비 기흥역본점]에... ",https://blog.naver.com/empoweredboy/224297166771,20260526,<b>콜라</b> 싹 땡기는 사진... 대문짝만하게 한쪽에 붙어 있꾸용 원산지도 한쪽켠에 (다소 구석탱이에) 표기되어 있습니다 소고기는 미국산이고 닭고기는 국내산/태국산을 섞어서 사용하시네요 치킨버거 패티가... ,미식미식가의 미식여정,blog.naver.com/empoweredboy,naver_blog,콜라,canonical,1.0,2026-05-26T11:01:39.710152+00:00,0,0,0,0,미식미식가의 미식여정,<b>콜라</b> 싹 땡기는 사진... 대문짝만하게 한쪽에 붙어 있꾸용 원산지도 한쪽켠에 (다소 구석탱이에) 표기되어 있습니다 소고기는 미국산이고 닭고기는 국내산/태국산을 섞어서 사용하시네요 치킨버거 패티가... ,"{""title"": ""기흥 수제 버거 1등 맛집, [버거비앤비 기흥역본점]에... "", ""link"": ""https://blog.naver.com/empoweredboy/224297166771"", ""description"": ""<b>콜라</b> 싹 땡기는 사진... 대문짝만하게 한쪽에 붙어 있꾸용 원산지도 한쪽켠에 (다소 구석탱이에) 표기되어 있습니다 소고기는 미국산이고 닭고기는 국내산/태국산을 섞어서 사용하시네요 치킨버거 패티가... "", ""bloggername"": ""미식미식가의 미식여정"", ""bloggerlink"": ""blog.naver.com/empoweredboy"", ""postdate"": ""20260526""}"
콜라,single_term_fallback,콜라,충칭 정할아버지 바베큐 후기 평일 웨이팅 丁老头烤肉,https://blog.naver.com/duswn2211/224297164715,20260526,ㅋㅋ 저희는 코로나 맥주랑 레몬<b>콜라</b>를 추가주문했어요! <b>콜라</b>가 캔이 아니라 일회용품에 담아서 줘서 살짝 찝찝한 기분... 그리고 탄산이 뭔가 약해요 라이브공연 ✅ 공연시간 ✅ 오후 7시부터 1시간마다... ,연듀부의 일기쟝,blog.naver.com/duswn2211,naver_blog,콜라,canonical,1.0,2026-05-26T11:01:39.710152+00:00,0,0,0,0,연듀부의 일기쟝,ㅋㅋ 저희는 코로나 맥주랑 레몬<b>콜라</b>를 추가주문했어요! <b>콜라</b>가 캔이 아니라 일회용품에 담아서 줘서 살짝 찝찝한 기분... 그리고 탄산이 뭔가 약해요 라이브공연 ✅ 공연시간 ✅ 오후 7시부터 1시간마다... ,"{""title"": ""충칭 정할아버지 바베큐 후기 평일 웨이팅 丁老头烤肉"", ""link"": ""https://blog.naver.com/duswn2211/224297164715"", ""description"": ""ㅋㅋ 저희는 코로나 맥주랑 레몬<b>콜라</b>를 추가주문했어요! <b>콜라</b>가 캔이 아니라 일회용품에 담아서 줘서 살짝 찝찝한 기분... 그리고 탄산이 뭔가 약해요 라이브공연 ✅ 공연시간 ✅ 오후 7시부터 1시간마다... "", ""bloggername"": ""연듀부의 일기쟝"", ""bloggerlink"": ""blog.naver.com/duswn2211"", ""postdate"": ""20260526""}"
콜라,single_term_fallback,콜라,2026년 5월,https://blog.naver.com/zzie0n/224297163449,20260526,한상 부러지게 차려둔 동생들 배터지게 먹고 신나게 떠들고 귀가 ㅋㅋㅋㅋㅋㅋ집 이쁘게 꾸며서 인테리어 욕구 올라옴 ㅋㅋㅋㅋ집 조타잉~~ 오늘 뜻밖의 선물들 깜쥐네가 준 미국 코카<b>콜라</b>+ 다이노탱 보틀... ,moodi,blog.naver.com/zzie0n,naver_blog,콜라,canonical,1.0,2026-05-26T11:01:39.710152+00:00,0,0,0,0,moodi,한상 부러지게 차려둔 동생들 배터지게 먹고 신나게 떠들고 귀가 ㅋㅋㅋㅋㅋㅋ집 이쁘게 꾸며서 인테리어 욕구 올라옴 ㅋㅋㅋㅋ집 조타잉~~ 오늘 뜻밖의 선물들 깜쥐네가 준 미국 코카<b>콜라</b>+ 다이노탱 보틀... ,"{""title"": ""2026년 5월"", ""link"": ""https://blog.naver.com/zzie0n/224297163449"", ""description"": ""한상 부러지게 차려둔 동생들 배터지게 먹고 신나게 떠들고 귀가 ㅋㅋㅋㅋㅋㅋ집 이쁘게 꾸며서 인테리어 욕구 올라옴 ㅋㅋㅋㅋ집 조타잉~~ 오늘 뜻밖의 선물들 깜쥐네가 준 미국 코카<b>콜라</b>+ 다이노탱 보틀... "", ""bloggername"": ""moodi"", ""bloggerlink"": ""blog.naver.com/zzie0n"", ""postdate"": ""20260526""}"
콜라,single_term_fallback,콜라,SCHD란? 미국 배당 ETF 초보도 쉽게 이해하는 투자 방법,https://blog.naver.com/money_like777/224297162721,20260526,"애플, 코카<b>콜라</b>처럼 개별 종목을 하나씩 고르는 게 아니라 여러 기업에 분산 투자하면서 배당까지... 예를 들어: •삼성전자 1개 •애플 1개 •코카<b>콜라</b> 1개 •존슨앤존슨 1개 이걸 하나하나 사는 게 아니라... ",money_like777님의 블로그,blog.naver.com/money_like777,naver_blog,콜라,canonical,1.0,2026-05-26T11:01:39.710152+00:00,0,0,0,0,money_like777님의 블로그,"애플, 코카<b>콜라</b>처럼 개별 종목을 하나씩 고르는 게 아니라 여러 기업에 분산 투자하면서 배당까지... 예를 들어: •삼성전자 1개 •애플 1개 •코카<b>콜라</b> 1개 •존슨앤존슨 1개 이걸 하나하나 사는 게 아니라... ","{""title"": ""SCHD란? 미국 배당 ETF 초보도 쉽게 이해하는 투자 방법"", ""link"": ""https://blog.naver.com/money_like777/224297162721"", ""description"": ""애플, 코카<b>콜라</b>처럼 개별 종목을 하나씩 고르는 게 아니라 여러 기업에 분산 투자하면서 배당까지... 예를 들어: •삼성전자 1개 •애플 1개 •코카<b>콜라</b> 1개 •존슨앤존슨 1개 이걸 하나하나 사는 게 아니라... "", ""bloggername"": ""money_like777님의 블로그"", ""bloggerlink"": ""blog.naver.com/money_like777"", ""postdate"": ""20260526""}"
콜라,single_term_fallback,콜라,선릉역 맛집 이자카야 선릉 회식 데이트하기 좋은 프라이빗... ,https://blog.naver.com/pgh9700/224297161477,20260526,"제로<b>콜라</b> 2,500원*2 으로 하나씩 주문해봤다 메인 메뉴가 나오기 전에 기본찬으로 나온 삶은 콩과 김치부터 벌써 맛있어서 하나둘씩 집어먹다 보니 금방 다 먹었다ㅎ 제로<b>콜라</b>만 주문해도 캔만 주시는... ",무무,blog.naver.com/pgh9700,naver_blog,콜라,canonical,1.0,2026-05-26T11:01:39.710152+00:00,0,0,0,0,무무,"제로<b>콜라</b> 2,500원*2 으로 하나씩 주문해봤다 메인 메뉴가 나오기 전에 기본찬으로 나온 삶은 콩과 김치부터 벌써 맛있어서 하나둘씩 집어먹다 보니 금방 다 먹었다ㅎ 제로<b>콜라</b>만 주문해도 캔만 주시는... ","{""title"": ""선릉역 맛집 이자카야 선릉 회식 데이트하기 좋은 프라이빗... "", ""link"": ""https://blog.naver.com/pgh9700/224297161477"", ""description"": ""제로<b>콜라</b> 2,500원*2 으로 하나씩 주문해봤다 메인 메뉴가 나오기 전에 기본찬으로 나온 삶은 콩과 김치부터 벌써 맛있어서 하나둘씩 집어먹다 보니 금방 다 먹었다ㅎ 제로<b>콜라</b>만 주문해도 캔만 주시는... "", ""bloggername"": ""무무"", ""bloggerlink"": ""blog.naver.com/pgh9700"", ""postdate"": ""20260526""}"
콜라,single_term_fallback,콜라,김포공항 대한항공 라운지 국제선 오사카 간사이공항 KE2117,https://blog.naver.com/private__taste/224297161666,20260526,"아무튼 여기 lounge 주류도 적당히 있고 음료수도 다양해서, 솔직히 컵라면이랑 <b>콜라</b> 하나만 마셔도 기분이 나긴 하니까. 만약 바우처 같은 것 있으면 그냥 바로바로 쓰시는 것을 추천드린다. 아껴 쓴다고 4개나... ",사적인취향,blog.naver.com/private__taste,naver_blog,콜라,canonical,1.0,2026-05-26T11:01:39.710152+00:00,0,0,0,0,사적인취향,"아무튼 여기 lounge 주류도 적당히 있고 음료수도 다양해서, 솔직히 컵라면이랑 <b>콜라</b> 하나만 마셔도 기분이 나긴 하니까. 만약 바우처 같은 것 있으면 그냥 바로바로 쓰시는 것을 추천드린다. 아껴 쓴다고 4개나... ","{""title"": ""김포공항 대한항공 라운지 국제선 오사카 간사이공항 KE2117"", ""link"": ""https://blog.naver.com/private__taste/224297161666"", ""description"": ""아무튼 여기 lounge 주류도 적당히 있고 음료수도 다양해서, 솔직히 컵라면이랑 <b>콜라</b> 하나만 마셔도 기분이 나긴 하니까. 만약 바우처 같은 것 있으면 그냥 바로바로 쓰시는 것을 추천드린다. 아껴 쓴다고 4개나... "", ""bloggername"": ""사적인취향"", ""bloggerlink"": ""blog.naver.com/private__taste"", ""postdate"": ""20260526""}"
콜라,single_term_fallback,콜라,계양구청 맛집 - [김선하의 닭갈비 궁중누룽지탕 계산택지... ,https://blog.naver.com/1118market/224297161949,20260526,닭갈비 2인분과 소주 / <b>콜라</b> 두개 주문했습니다^^ 병<b>콜라</b> 정말 오랜만에 봅니다. 캔<b>콜라</b>만 보다가 병<b>콜라</b>를 보니 감회가 새롭더군요 :) 레트로 감성의 테이블까지.. 무조건 취하고 가야겠습니다.../ 닭갈비와... ,뚱먐미의 찐 실사용 리뷰,blog.naver.com/1118market,naver_blog,콜라,canonical,1.0,2026-05-26T11:01:39.710152+00:00,0,0,0,0,뚱먐미의 찐 실사용 리뷰,닭갈비 2인분과 소주 / <b>콜라</b> 두개 주문했습니다^^ 병<b>콜라</b> 정말 오랜만에 봅니다. 캔<b>콜라</b>만 보다가 병<b>콜라</b>를 보니 감회가 새롭더군요 :) 레트로 감성의 테이블까지.. 무조건 취하고 가야겠습니다.../ 닭갈비와... ,"{""title"": ""계양구청 맛집 - [김선하의 닭갈비 궁중누룽지탕 계산택지... "", ""link"": ""https://blog.naver.com/1118market/224297161949"", ""description"": ""닭갈비 2인분과 소주 / <b>콜라</b> 두개 주문했습니다^^ 병<b>콜라</b> 정말 오랜만에 봅니다. 캔<b>콜라</b>만 보다가 병<b>콜라</b>를 보니 감회가 새롭더군요 :) 레트로 감성의 테이블까지.. 무조건 취하고 가야겠습니다.../ 닭갈비와... "", ""bloggername"": ""뚱먐미의 찐 실사용 리뷰"", ""bloggerlink"": ""blog.naver.com/1118market"", ""postdate"": ""20260526""}"
콜라,single_term_fallback,콜라,[성수] 다양한 책을 볼 수 있는 조용하고 분위기있는 성수... ,https://blog.naver.com/dudungha22/224297161153,20260526,"지금까지 ‘샤넬’ 팝업스토어, ‘카카오’개발팀 워크샵, ‘코카<b>콜라</b>’파이낸셜 IT 워크샵, ‘롯데인재개발원’ 임원 강연, ‘밀리의서재’ 북콘서트, ‘아이돌 및 아티스트’ 공연 및 팬사인회 같은 각종... ",재밌는 일을 찾아서 ☁️,blog.naver.com/dudungha22,naver_blog,콜라,canonical,1.0,2026-05-26T11:01:39.710152+00:00,0,0,0,0,재밌는 일을 찾아서 ☁️,"지금까지 ‘샤넬’ 팝업스토어, ‘카카오’개발팀 워크샵, ‘코카<b>콜라</b>’파이낸셜 IT 워크샵, ‘롯데인재개발원’ 임원 강연, ‘밀리의서재’ 북콘서트, ‘아이돌 및 아티스트’ 공연 및 팬사인회 같은 각종... ","{""title"": ""[성수] 다양한 책을 볼 수 있는 조용하고 분위기있는 성수... "", ""link"": ""https://blog.naver.com/dudungha22/224297161153"", ""description"": ""지금까지 ‘샤넬’ 팝업스토어, ‘카카오’개발팀 워크샵, ‘코카<b>콜라</b>’파이낸셜 IT 워크샵, ‘롯데인재개발원’ 임원 강연, ‘밀리의서재’ 북콘서트, ‘아이돌 및 아티스트’ 공연 및 팬사인회 같은 각종... "", ""bloggername"": ""재밌는 일을 찾아서 ☁️"", ""bloggerlink"": ""blog.naver.com/dudungha22"", ""postdate"": ""20260526""}"
콜라,single_term_fallback,콜라,3교대 직장인 다이어트 마운자로 2.5mg 한달 후 5mg 증량 후기... ,https://blog.naver.com/god-dodam/224297160997,20260526,"(?) 물 마셨어용 원래 탄산 즐겨먹는 타입도 아니라 <b>콜라</b>, 사이다도 안땡김 이슈 닭다리 1개 봉 2개 물 이렇게 먹고 아오 배불렁.... 이때부터 속이 안좋기 시작했어요 고작 치킨 3조각 먹었다고 ... 집에... ","갓도담의 먹어보던g, 떠나보던g",blog.naver.com/god-dodam,naver_blog,콜라,canonical,1.0,2026-05-26T11:01:39.710152+00:00,0,0,0,0,"갓도담의 먹어보던g, 떠나보던g","(?) 물 마셨어용 원래 탄산 즐겨먹는 타입도 아니라 <b>콜라</b>, 사이다도 안땡김 이슈 닭다리 1개 봉 2개 물 이렇게 먹고 아오 배불렁.... 이때부터 속이 안좋기 시작했어요 고작 치킨 3조각 먹었다고 ... 집에... ","{""title"": ""3교대 직장인 다이어트 마운자로 2.5mg 한달 후 5mg 증량 후기... "", ""link"": ""https://blog.naver.com/god-dodam/224297160997"", ""description"": ""(?) 물 마셨어용 원래 탄산 즐겨먹는 타입도 아니라 <b>콜라</b>, 사이다도 안땡김 이슈 닭다리 1개 봉 2개 물 이렇게 먹고 아오 배불렁.... 이때부터 속이 안좋기 시작했어요 고작 치킨 3조각 먹었다고 ... 집에... "", ""bloggername"": ""갓도담의 먹어보던g, 떠나보던g"", ""bloggerlink"": ""blog.naver.com/god-dodam"", ""postdate"": ""20260526""}"
콜라,single_term_fallback,콜라,대천 조개까는남자 내돈내산 후기,https://blog.naver.com/khyeon0902/224297160158,20260526,"당연히 <b>콜라</b>/사이다만 있는 줄 알고 탄산만 5지게 마심~ 참고로 블루리본 12년 연속이래요... 인기 있는 이유가 있네용 약간 동남아 노포 느낌도 나고,,,,, 야장 같기도 하고... 7.8점 입니다.",내 멋대로 쓰는 내 블로그,blog.naver.com/khyeon0902,naver_blog,콜라,canonical,1.0,2026-05-26T11:01:39.710152+00:00,0,0,0,0,내 멋대로 쓰는 내 블로그,"당연히 <b>콜라</b>/사이다만 있는 줄 알고 탄산만 5지게 마심~ 참고로 블루리본 12년 연속이래요... 인기 있는 이유가 있네용 약간 동남아 노포 느낌도 나고,,,,, 야장 같기도 하고... 7.8점 입니다.","{""title"": ""대천 조개까는남자 내돈내산 후기"", ""link"": ""https://blog.naver.com/khyeon0902/224297160158"", ""description"": ""당연히 <b>콜라</b>/사이다만 있는 줄 알고 탄산만 5지게 마심~ 참고로 블루리본 12년 연속이래요... 인기 있는 이유가 있네용 약간 동남아 노포 느낌도 나고,,,,, 야장 같기도 하고... 7.8점 입니다."", ""bloggername"": ""내 멋대로 쓰는 내 블로그"", ""bloggerlink"": ""blog.naver.com/khyeon0902"", ""postdate"": ""20260526""}"
콜라,single_term_fallback,콜라,26.05.26 일기,https://blog.naver.com/sksrkal/224297159615,20260526,자라고있는걸 보고왔다 첨봐서 신기했음 돌아와서 대충 밥먹고 두쫀쿠랑 라떼 바로 세탁 건조해서 낮잠때 덮어줬는데 아주 좋군 치킨킹 먹고 49일만에 먹어보는 얼음없는 <b>콜라</b> 너겟한개 낼 벌써 애기 50일이다..,곰희의 하루,blog.naver.com/sksrkal,naver_blog,콜라,canonical,1.0,2026-05-26T11:01:39.710152+00:00,0,0,0,0,곰희의 하루,자라고있는걸 보고왔다 첨봐서 신기했음 돌아와서 대충 밥먹고 두쫀쿠랑 라떼 바로 세탁 건조해서 낮잠때 덮어줬는데 아주 좋군 치킨킹 먹고 49일만에 먹어보는 얼음없는 <b>콜라</b> 너겟한개 낼 벌써 애기 50일이다..,"{""title"": ""26.05.26 일기"", ""link"": ""https://blog.naver.com/sksrkal/224297159615"", ""description"": ""자라고있는걸 보고왔다 첨봐서 신기했음 돌아와서 대충 밥먹고 두쫀쿠랑 라떼 바로 세탁 건조해서 낮잠때 덮어줬는데 아주 좋군 치킨킹 먹고 49일만에 먹어보는 얼음없는 <b>콜라</b> 너겟한개 낼 벌써 애기 50일이다.."", ""bloggername"": ""곰희의 하루"", ""bloggerlink"": ""blog.naver.com/sksrkal"", ""postdate"": ""20260526""}"
콜라,single_term_fallback,콜라,"유한킴벌리 하기스 맘큐 커뮤니티 상담방,육아꿀팁 :)",https://blog.naver.com/ilovecola2010/224297158566,20260526,"<b>콜라</b>네 블로그입니다:) 오늘 제가 소개하는 어플은 육아한다면 모두가 아는, 너무나 유명한 맘큐입니다! 오늘은 그중에서도 상담방에 대해서 소개해보려고해요! 요즘 제가 진짜 자주 들어가는 곳이 있는데... ",콜라네블로그 :),blog.naver.com/ilovecola2010,naver_blog,콜라,canonical,1.0,2026-05-26T11:01:39.710152+00:00,0,0,0,0,콜라네블로그 :),"<b>콜라</b>네 블로그입니다:) 오늘 제가 소개하는 어플은 육아한다면 모두가 아는, 너무나 유명한 맘큐입니다! 오늘은 그중에서도 상담방에 대해서 소개해보려고해요! 요즘 제가 진짜 자주 들어가는 곳이 있는데... ","{""title"": ""유한킴벌리 하기스 맘큐 커뮤니티 상담방,육아꿀팁 :)"", ""link"": ""https://blog.naver.com/ilovecola2010/224297158566"", ""description"": ""<b>콜라</b>네 블로그입니다:) 오늘 제가 소개하는 어플은 육아한다면 모두가 아는, 너무나 유명한 맘큐입니다! 오늘은 그중에서도 상담방에 대해서 소개해보려고해요! 요즘 제가 진짜 자주 들어가는 곳이 있는데... "", ""bloggername"": ""콜라네블로그 :)"", ""bloggerlink"": ""blog.naver.com/ilovecola2010"", ""postdate"": ""20260526""}"
콜라,single_term_fallback,콜라,아시아문화전당 어린이문화원 점심 맛집 효정당 내돈내산,https://blog.naver.com/young_mooon/224297156916,20260526,"뽀로로 음료, 분다버그, 제로<b>콜라</b> 등도 있습니다. 카페도 겸하고 있어서 커피도 마실 수 있어요. 효정당 돈까스, 우동 왕돈까스 진짜 커요... 어른 혼자 먹기에도 벅찰 정도의 양이랄까. 아이와 부모님 같이 나눠... ",young forever,blog.naver.com/young_mooon,naver_blog,콜라,canonical,1.0,2026-05-26T11:01:39.710152+00:00,0,0,0,0,young forever,"뽀로로 음료, 분다버그, 제로<b>콜라</b> 등도 있습니다. 카페도 겸하고 있어서 커피도 마실 수 있어요. 효정당 돈까스, 우동 왕돈까스 진짜 커요... 어른 혼자 먹기에도 벅찰 정도의 양이랄까. 아이와 부모님 같이 나눠... ","{""title"": ""아시아문화전당 어린이문화원 점심 맛집 효정당 내돈내산"", ""link"": ""https://blog.naver.com/young_mooon/224297156916"", ""description"": ""뽀로로 음료, 분다버그, 제로<b>콜라</b> 등도 있습니다. 카페도 겸하고 있어서 커피도 마실 수 있어요. 효정당 돈까스, 우동 왕돈까스 진짜 커요... 어른 혼자 먹기에도 벅찰 정도의 양이랄까. 아이와 부모님 같이 나눠... "", ""bloggername"": ""young forever"", ""bloggerlink"": ""blog.naver.com/young_mooon"", ""postdate"": ""20260526""}"
콜라,single_term_fallback,콜라,특색있는 인테리어와 신선한 숙성회를 즐길 수 있는 왕십리... ,https://blog.naver.com/j_and_y_3_7/224297155688,20260526,"제로<b>콜라</b> : \2,000 ‘우기식당 바다점 왕십리점’은 오픈한지 얼마 안된 신상 맛집이예요! 신선한 제철... 저희는 숙성회 한상차림 소자와 별빛청하, 제로<b>콜라</b>를 주문했어요! 주문을 하면 기본 안주와 함께 술을... ","J&Y 일상, 여행 이야기",blog.naver.com/j_and_y_3_7,naver_blog,콜라,canonical,1.0,2026-05-26T11:01:39.710152+00:00,0,0,0,0,"J&Y 일상, 여행 이야기","제로<b>콜라</b> : \2,000 ‘우기식당 바다점 왕십리점’은 오픈한지 얼마 안된 신상 맛집이예요! 신선한 제철... 저희는 숙성회 한상차림 소자와 별빛청하, 제로<b>콜라</b>를 주문했어요! 주문을 하면 기본 안주와 함께 술을... ","{""title"": ""특색있는 인테리어와 신선한 숙성회를 즐길 수 있는 왕십리... "", ""link"": ""https://blog.naver.com/j_and_y_3_7/224297155688"", ""description"": ""제로<b>콜라</b> : \\2,000 ‘우기식당 바다점 왕십리점’은 오픈한지 얼마 안된 신상 맛집이예요! 신선한 제철... 저희는 숙성회 한상차림 소자와 별빛청하, 제로<b>콜라</b>를 주문했어요! 주문을 하면 기본 안주와 함께 술을... "", ""bloggername"": ""J&Y 일상, 여행 이야기"", ""bloggerlink"": ""blog.naver.com/j_and_y_3_7"", ""postdate"": ""20260526""}"
콜라,single_term_fallback,콜라,송도 오공돈까스 경양식 돈까스 전문 혼밥하기 좋은 맛집 후기,https://blog.naver.com/jsun0405/224297155016,20260526,"주문 메뉴 오공돈까스 12,000원 치즈돈까스 14,000원 <b>콜라</b> 2,000원 저희는 제일 기본인 오공돈까스, 그리고 치즈돈까스 2가지를 주문했어요. 요즘 물가를 생각하면 음식 가격대도 합리적인 편이에요! 주문은... ",비바엘라의 뷰,blog.naver.com/jsun0405,naver_blog,콜라,canonical,1.0,2026-05-26T11:01:39.710152+00:00,0,0,0,0,비바엘라의 뷰,"주문 메뉴 오공돈까스 12,000원 치즈돈까스 14,000원 <b>콜라</b> 2,000원 저희는 제일 기본인 오공돈까스, 그리고 치즈돈까스 2가지를 주문했어요. 요즘 물가를 생각하면 음식 가격대도 합리적인 편이에요! 주문은... ","{""title"": ""송도 오공돈까스 경양식 돈까스 전문 혼밥하기 좋은 맛집 후기"", ""link"": ""https://blog.naver.com/jsun0405/224297155016"", ""description"": ""주문 메뉴 오공돈까스 12,000원 치즈돈까스 14,000원 <b>콜라</b> 2,000원 저희는 제일 기본인 오공돈까스, 그리고 치즈돈까스 2가지를 주문했어요. 요즘 물가를 생각하면 음식 가격대도 합리적인 편이에요! 주문은... "", ""bloggername"": ""비바엘라의 뷰"", ""bloggerlink"": ""blog.naver.com/jsun0405"", ""postdate"": ""20260526""}"
콜라,single_term_fallback,콜라,"[부산 맛집] 깔끔한 돼지국밥의 정석, 맑은 국물에 반하고 온... ",https://blog.naver.com/awonalpha/224297154966,20260526,앗 위에 나온 잔들은 못 본척해주세요 ~ ㅎㅎ 저는 음주를 안 하는 편이라 <b>콜라</b>를 시켜 먹었는데 같이 온 일행들은 국밥을 한입 먹더니 술을 안 먹을 수가 없다면서 바로 주문을 하더라고요!! 보이시나요?? 저... ,아름다움을 만드는 곳 UPBEAUTY!,blog.naver.com/awonalpha,naver_blog,콜라,canonical,1.0,2026-05-26T11:01:39.710152+00:00,0,0,0,0,아름다움을 만드는 곳 UPBEAUTY!,앗 위에 나온 잔들은 못 본척해주세요 ~ ㅎㅎ 저는 음주를 안 하는 편이라 <b>콜라</b>를 시켜 먹었는데 같이 온 일행들은 국밥을 한입 먹더니 술을 안 먹을 수가 없다면서 바로 주문을 하더라고요!! 보이시나요?? 저... ,"{""title"": ""[부산 맛집] 깔끔한 돼지국밥의 정석, 맑은 국물에 반하고 온... "", ""link"": ""https://blog.naver.com/awonalpha/224297154966"", ""description"": ""앗 위에 나온 잔들은 못 본척해주세요 ~ ㅎㅎ 저는 음주를 안 하는 편이라 <b>콜라</b>를 시켜 먹었는데 같이 온 일행들은 국밥을 한입 먹더니 술을 안 먹을 수가 없다면서 바로 주문을 하더라고요!! 보이시나요?? 저... "", ""bloggername"": ""아름다움을 만드는 곳 UPBEAUTY!"", ""bloggerlink"": ""blog.naver.com/awonalpha"", ""postdate"": ""20260526""}"
콜라,single_term_fallback,콜라,안산 고잔동 맛집 점심 추천 돈까스가 맛있는 긴자료코,https://blog.naver.com/helloeurope1/224297154578,20260526,"데미그라스 돈까스세트(15.0) 투움바파스타 우동(12.0) 펩시<b>콜라</b> 제로(2.0) 데미그라스 돈까스 세트가 준비되었어요! 돈까스세트로 주문하면 돈까스 큰 덩어리 3개와 새우튀김, 고로케 2개가 같이 나옵니다.... ",뚱글투어(ddungle_tour),blog.naver.com/helloeurope1,naver_blog,콜라,canonical,1.0,2026-05-26T11:01:39.710152+00:00,0,0,0,0,뚱글투어(ddungle_tour),"데미그라스 돈까스세트(15.0) 투움바파스타 우동(12.0) 펩시<b>콜라</b> 제로(2.0) 데미그라스 돈까스 세트가 준비되었어요! 돈까스세트로 주문하면 돈까스 큰 덩어리 3개와 새우튀김, 고로케 2개가 같이 나옵니다.... ","{""title"": ""안산 고잔동 맛집 점심 추천 돈까스가 맛있는 긴자료코"", ""link"": ""https://blog.naver.com/helloeurope1/224297154578"", ""description"": ""데미그라스 돈까스세트(15.0) 투움바파스타 우동(12.0) 펩시<b>콜라</b> 제로(2.0) 데미그라스 돈까스 세트가 준비되었어요! 돈까스세트로 주문하면 돈까스 큰 덩어리 3개와 새우튀김, 고로케 2개가 같이 나옵니다.... "", ""bloggername"": ""뚱글투어(ddungle_tour)"", ""bloggerlink"": ""blog.naver.com/helloeurope1"", ""postdate"": ""20260526""}"
콜라,single_term_fallback,콜라,"[더타코부스 구의광장점] 구의역 점심 맛집, 런치 생활의 달인... ",https://blog.naver.com/ji042604/224297153841,20260526,"(제로<b>콜라</b>/탄산수) 저 타코 좋아했네요,,, ♥ 아니 더타코부스 구의광장점 타코 좋아했네요... ♥ 비리아타코 : 비리아 고기를 듬뿍 넣은 비리아 타코는 수비드 기법으로 저온조리하여 부드러운 고기와... ",젼또블리's Diary,blog.naver.com/ji042604,naver_blog,콜라,canonical,1.0,2026-05-26T11:01:39.710152+00:00,0,0,0,0,젼또블리's Diary,"(제로<b>콜라</b>/탄산수) 저 타코 좋아했네요,,, ♥ 아니 더타코부스 구의광장점 타코 좋아했네요... ♥ 비리아타코 : 비리아 고기를 듬뿍 넣은 비리아 타코는 수비드 기법으로 저온조리하여 부드러운 고기와... ","{""title"": ""[더타코부스 구의광장점] 구의역 점심 맛집, 런치 생활의 달인... "", ""link"": ""https://blog.naver.com/ji042604/224297153841"", ""description"": ""(제로<b>콜라</b>/탄산수) 저 타코 좋아했네요,,, ♥ 아니 더타코부스 구의광장점 타코 좋아했네요... ♥ 비리아타코 : 비리아 고기를 듬뿍 넣은 비리아 타코는 수비드 기법으로 저온조리하여 부드러운 고기와... "", ""bloggername"": ""젼또블리's Diary"", ""bloggerlink"": ""blog.naver.com/ji042604"", ""postdate"": ""20260526""}"
콜라,single_term_fallback,콜라,상암동 PC방 추천!  레벌업 PC방 상암점 다녀왔습니다. (ft.... ,https://blog.naver.com/chlisa1214/224297153402,20260526,"대단함 -음료- 버블티, 얼박사, 아이스티, 커피, 몬스터, <b>콜라</b>, 사이다 정말 다양한 음료가 있더군요. 아니 잠만 얼박사 가격 실화임? 공깃밥, 김치, 단무지, 파김치.. 거의 뭐.... 대박.. 게임 좋아하시는 분은 살림... ",게으른 하루 속에서도 정성만큼은 놓치지 않는 리뷰,blog.naver.com/chlisa1214,naver_blog,콜라,canonical,1.0,2026-05-26T11:01:39.710152+00:00,0,0,0,0,게으른 하루 속에서도 정성만큼은 놓치지 않는 리뷰,"대단함 -음료- 버블티, 얼박사, 아이스티, 커피, 몬스터, <b>콜라</b>, 사이다 정말 다양한 음료가 있더군요. 아니 잠만 얼박사 가격 실화임? 공깃밥, 김치, 단무지, 파김치.. 거의 뭐.... 대박.. 게임 좋아하시는 분은 살림... ","{""title"": ""상암동 PC방 추천!  레벌업 PC방 상암점 다녀왔습니다. (ft.... "", ""link"": ""https://blog.naver.com/chlisa1214/224297153402"", ""description"": ""대단함 -음료- 버블티, 얼박사, 아이스티, 커피, 몬스터, <b>콜라</b>, 사이다 정말 다양한 음료가 있더군요. 아니 잠만 얼박사 가격 실화임? 공깃밥, 김치, 단무지, 파김치.. 거의 뭐.... 대박.. 게임 좋아하시는 분은 살림... "", ""bloggername"": ""게으른 하루 속에서도 정성만큼은 놓치지 않는 리뷰"", ""bloggerlink"": ""blog.naver.com/chlisa1214"", ""postdate"": ""20260526""}"
콜라,single_term_fallback,콜라,당진 섭교호 여행 연휴 끝 일상 복귀,https://blog.naver.com/tnspeh6854/224297153180,20260526,"동생은 후덕죽 싸이버거, <b>콜라</b>, 코울슬로 주문하고, 저는 화이트갈릭싸이버거 (더블햄, 통디리살, 화이트갈릭소스), 양념감자튀김 주문했어요. 화이트갈릭버거냐 화이트갈릭싸이버거냐 고민하다가 통다리살인... ",박긍정 플래닛,blog.naver.com/tnspeh6854,naver_blog,콜라,canonical,1.0,2026-05-26T11:01:39.710152+00:00,0,0,0,0,박긍정 플래닛,"동생은 후덕죽 싸이버거, <b>콜라</b>, 코울슬로 주문하고, 저는 화이트갈릭싸이버거 (더블햄, 통디리살, 화이트갈릭소스), 양념감자튀김 주문했어요. 화이트갈릭버거냐 화이트갈릭싸이버거냐 고민하다가 통다리살인... ","{""title"": ""당진 섭교호 여행 연휴 끝 일상 복귀"", ""link"": ""https://blog.naver.com/tnspeh6854/224297153180"", ""description"": ""동생은 후덕죽 싸이버거, <b>콜라</b>, 코울슬로 주문하고, 저는 화이트갈릭싸이버거 (더블햄, 통디리살, 화이트갈릭소스), 양념감자튀김 주문했어요. 화이트갈릭버거냐 화이트갈릭싸이버거냐 고민하다가 통다리살인... "", ""bloggername"": ""박긍정 플래닛"", ""bloggerlink"": ""blog.naver.com/tnspeh6854"", ""postdate"": ""20260526""}"
콜라,single_term_fallback,콜라,2026년 중 절반이 지나간일에 대하여...,https://blog.naver.com/sxyyng/224297153285,20260526,베이프 x 스타벅스 <b>콜라</b>보 장바구니인데 ㅋㅋㅋㅋㅋ 저거 받고 그냥 가방 걸이로도 안쓰고 집 서랍장에... 나는 <b>콜라</b> 선민맥주괴물은 맥주 할머니집에서 일하는 복장 일본 가기 전 계획을 짜기위해 모인 진정성... ,세영,blog.naver.com/sxyyng,naver_blog,콜라,canonical,1.0,2026-05-26T11:01:39.710152+00:00,0,0,0,0,세영,베이프 x 스타벅스 <b>콜라</b>보 장바구니인데 ㅋㅋㅋㅋㅋ 저거 받고 그냥 가방 걸이로도 안쓰고 집 서랍장에... 나는 <b>콜라</b> 선민맥주괴물은 맥주 할머니집에서 일하는 복장 일본 가기 전 계획을 짜기위해 모인 진정성... ,"{""title"": ""2026년 중 절반이 지나간일에 대하여..."", ""link"": ""https://blog.naver.com/sxyyng/224297153285"", ""description"": ""베이프 x 스타벅스 <b>콜라</b>보 장바구니인데 ㅋㅋㅋㅋㅋ 저거 받고 그냥 가방 걸이로도 안쓰고 집 서랍장에... 나는 <b>콜라</b> 선민맥주괴물은 맥주 할머니집에서 일하는 복장 일본 가기 전 계획을 짜기위해 모인 진정성... "", ""bloggername"": ""세영"", ""bloggerlink"": ""blog.naver.com/sxyyng"", ""postdate"": ""20260526""}"
콜라,single_term_fallback,콜라,[코카-<b>콜라</b>&amp;블루리본의 색다른 만남] 레드리본 전국 맛집 2026... ,https://blog.naver.com/nyojeong2_/224297100268,20260526,항상 궁금했었는데 한국 최초의 맛집 평가서 블루리본 서베이와 140년 역사의 코카-<b>콜라</b>가 만나 새로운... (저희 집에도 있어보게 가져다 두고 싶어요) 피자에 코카<b>콜라</b> 말. 필. 없 포폴로 피자는 나폴리에서 상... ,뇨정로그,blog.naver.com/nyojeong2_,naver_blog,콜라,canonical,1.0,2026-05-26T11:01:39.710152+00:00,0,0,0,0,뇨정로그,항상 궁금했었는데 한국 최초의 맛집 평가서 블루리본 서베이와 140년 역사의 코카-<b>콜라</b>가 만나 새로운... (저희 집에도 있어보게 가져다 두고 싶어요) 피자에 코카<b>콜라</b> 말. 필. 없 포폴로 피자는 나폴리에서 상... ,"{""title"": ""[코카-<b>콜라</b>&amp;블루리본의 색다른 만남] 레드리본 전국 맛집 2026... "", ""link"": ""https://blog.naver.com/nyojeong2_/224297100268"", ""description"": ""항상 궁금했었는데 한국 최초의 맛집 평가서 블루리본 서베이와 140년 역사의 코카-<b>콜라</b>가 만나 새로운... (저희 집에도 있어보게 가져다 두고 싶어요) 피자에 코카<b>콜라</b> 말. 필. 없 포폴로 피자는 나폴리에서 상... "", ""bloggername"": ""뇨정로그"", ""bloggerlink"": ""blog.naver.com/nyojeong2_"", ""postdate"": ""20260526""}"
콜라,single_term_fallback,콜라,"60대 부모님 노후자금 1억, 세금·건보료 폭탄 0원! 월 100만... ",https://blog.naver.com/realheidi/224297151898,20260526,"코카<b>콜라</b>, 화이자 등 미국 최고 우량 배당성장주 기반. 원금 침식 위험이 가장 적어 은퇴 자금의 핵심 뼈대로 적합. 해외 기반 (미국 빅테크) 중개형 ISA (한도: 2천만 원) KODEX 미국AI테크TOP10+15%프리미엄... ",희바희바,blog.naver.com/realheidi,naver_blog,콜라,canonical,1.0,2026-05-26T11:01:39.710152+00:00,0,0,0,0,희바희바,"코카<b>콜라</b>, 화이자 등 미국 최고 우량 배당성장주 기반. 원금 침식 위험이 가장 적어 은퇴 자금의 핵심 뼈대로 적합. 해외 기반 (미국 빅테크) 중개형 ISA (한도: 2천만 원) KODEX 미국AI테크TOP10+15%프리미엄... ","{""title"": ""60대 부모님 노후자금 1억, 세금·건보료 폭탄 0원! 월 100만... "", ""link"": ""https://blog.naver.com/realheidi/224297151898"", ""description"": ""코카<b>콜라</b>, 화이자 등 미국 최고 우량 배당성장주 기반. 원금 침식 위험이 가장 적어 은퇴 자금의 핵심 뼈대로 적합. 해외 기반 (미국 빅테크) 중개형 ISA (한도: 2천만 원) KODEX 미국AI테크TOP10+15%프리미엄... "", ""bloggername"": ""희바희바"", ""bloggerlink"": ""blog.naver.com/realheidi"", ""postdate"": ""20260526""}"
콜라,single_term_fallback,콜라,"미분당 평택시청점, 평택 쌀국수 맛집 양도 맛도 미쳤음",https://blog.naver.com/do_writer/224296520536,20260526,제로<b>콜라</b>까지 주문했다. 둘이 갔는데도 메뉴를 거의 꽉 채워서 시켰다. 스프링롤같은 짜조 말고... 짱깨끗 먼저 짜조랑 <b>콜라</b>가 나와서 튀김으로 입가심부터 시작했다. 제일 먼저 먹은 건 가리비짜조(흰색)... ,도도부부,blog.naver.com/do_writer,naver_blog,콜라,canonical,1.0,2026-05-26T11:01:39.710152+00:00,0,0,0,0,도도부부,제로<b>콜라</b>까지 주문했다. 둘이 갔는데도 메뉴를 거의 꽉 채워서 시켰다. 스프링롤같은 짜조 말고... 짱깨끗 먼저 짜조랑 <b>콜라</b>가 나와서 튀김으로 입가심부터 시작했다. 제일 먼저 먹은 건 가리비짜조(흰색)... ,"{""title"": ""미분당 평택시청점, 평택 쌀국수 맛집 양도 맛도 미쳤음"", ""link"": ""https://blog.naver.com/do_writer/224296520536"", ""description"": ""제로<b>콜라</b>까지 주문했다. 둘이 갔는데도 메뉴를 거의 꽉 채워서 시켰다. 스프링롤같은 짜조 말고... 짱깨끗 먼저 짜조랑 <b>콜라</b>가 나와서 튀김으로 입가심부터 시작했다. 제일 먼저 먹은 건 가리비짜조(흰색)... "", ""bloggername"": ""도도부부"", ""bloggerlink"": ""blog.naver.com/do_writer"", ""postdate"": ""20260526""}"
콜라,single_term_fallback,콜라,사당역 숙성회 맛집 상어 숙성회 한판에 셀프마끼 조합 최고!,https://blog.naver.com/106904/224297151930,20260526,"하이볼도 파는 숙성회집이라 산토리하이볼이랑 <b>콜라</b>도! 사케 , 하이볼, 소주 , 맥주, 증류주 판매하는데... 하이볼이랑 <b>콜라</b> <b>콜라</b>도 센스있게 하이볼 얼음잔에 주셨어요&gt;.&lt; <b>콜라</b>도 같이 술먹는 느낌으로다가... ",소소한 일상을 특별하게ღ’ᴗ’ღ,blog.naver.com/106904,naver_blog,콜라,canonical,1.0,2026-05-26T11:01:39.710152+00:00,0,0,0,0,소소한 일상을 특별하게ღ’ᴗ’ღ,"하이볼도 파는 숙성회집이라 산토리하이볼이랑 <b>콜라</b>도! 사케 , 하이볼, 소주 , 맥주, 증류주 판매하는데... 하이볼이랑 <b>콜라</b> <b>콜라</b>도 센스있게 하이볼 얼음잔에 주셨어요&gt;.&lt; <b>콜라</b>도 같이 술먹는 느낌으로다가... ","{""title"": ""사당역 숙성회 맛집 상어 숙성회 한판에 셀프마끼 조합 최고!"", ""link"": ""https://blog.naver.com/106904/224297151930"", ""description"": ""하이볼도 파는 숙성회집이라 산토리하이볼이랑 <b>콜라</b>도! 사케 , 하이볼, 소주 , 맥주, 증류주 판매하는데... 하이볼이랑 <b>콜라</b> <b>콜라</b>도 센스있게 하이볼 얼음잔에 주셨어요&gt;.&lt; <b>콜라</b>도 같이 술먹는 느낌으로다가... "", ""bloggername"": ""소소한 일상을 특별하게ღ’ᴗ’ღ"", ""bloggerlink"": ""blog.naver.com/106904"", ""postdate"": ""20260526""}"
콜라,single_term_fallback,콜라,수제버거 맛을 제대로 느낄 수 있는 아주대맛집 - 왓더버거... ,https://blog.naver.com/redcaptain96/224297150667,20260526,"메가카츠버거+ 새우카츠버거 +코카<b>콜라</b> 245ml 3개 + 코카_<b>콜라</b> 굿즈가 포함된 신메뉴 팩과 ㅊㅊㅊ치킨버거를 시켰다. 버거 3개에다가 <b>콜라</b> 3개에 갈릭감자튀김에 키링이 32,000원도 안된다고? 학생들이라면... ",조조교의 맛군사관학교,blog.naver.com/redcaptain96,naver_blog,콜라,canonical,1.0,2026-05-26T11:01:39.710152+00:00,0,0,0,0,조조교의 맛군사관학교,"메가카츠버거+ 새우카츠버거 +코카<b>콜라</b> 245ml 3개 + 코카_<b>콜라</b> 굿즈가 포함된 신메뉴 팩과 ㅊㅊㅊ치킨버거를 시켰다. 버거 3개에다가 <b>콜라</b> 3개에 갈릭감자튀김에 키링이 32,000원도 안된다고? 학생들이라면... ","{""title"": ""수제버거 맛을 제대로 느낄 수 있는 아주대맛집 - 왓더버거... "", ""link"": ""https://blog.naver.com/redcaptain96/224297150667"", ""description"": ""메가카츠버거+ 새우카츠버거 +코카<b>콜라</b> 245ml 3개 + 코카_<b>콜라</b> 굿즈가 포함된 신메뉴 팩과 ㅊㅊㅊ치킨버거를 시켰다. 버거 3개에다가 <b>콜라</b> 3개에 갈릭감자튀김에 키링이 32,000원도 안된다고? 학생들이라면... "", ""bloggername"": ""조조교의 맛군사관학교"", ""bloggerlink"": ""blog.naver.com/redcaptain96"", ""postdate"": ""20260526""}"
콜라,single_term_fallback,콜라,거제 삼겹살 맛집 끝돈 아주점 회식장소 아주동 맛집,https://blog.naver.com/lotte4866/224297151365,20260526,"<b>콜라</b>겐 끝판왕 돼지껍데기까지... 직원분이 딱 맞게 구워주셔서 겉은 바삭, 속은 촉촉하게 먹었어요.... 그리고 한 가지 더 얘기하고 싶은 게 있는데요 식사 중에 저희 딸이 그만 <b>콜라</b>를 쏟아버렸거든요... ",Golden Ordinary,blog.naver.com/lotte4866,naver_blog,콜라,canonical,1.0,2026-05-26T11:01:39.710152+00:00,0,0,0,0,Golden Ordinary,"<b>콜라</b>겐 끝판왕 돼지껍데기까지... 직원분이 딱 맞게 구워주셔서 겉은 바삭, 속은 촉촉하게 먹었어요.... 그리고 한 가지 더 얘기하고 싶은 게 있는데요 식사 중에 저희 딸이 그만 <b>콜라</b>를 쏟아버렸거든요... ","{""title"": ""거제 삼겹살 맛집 끝돈 아주점 회식장소 아주동 맛집"", ""link"": ""https://blog.naver.com/lotte4866/224297151365"", ""description"": ""<b>콜라</b>겐 끝판왕 돼지껍데기까지... 직원분이 딱 맞게 구워주셔서 겉은 바삭, 속은 촉촉하게 먹었어요.... 그리고 한 가지 더 얘기하고 싶은 게 있는데요 식사 중에 저희 딸이 그만 <b>콜라</b>를 쏟아버렸거든요... "", ""bloggername"": ""Golden Ordinary"", ""bloggerlink"": ""blog.naver.com/lotte4866"", ""postdate"": ""20260526""}"
콜라,single_term_fallback,콜라,신부동 맛집 수제버거 ‘다운타우너’ 천안아산점 후기... ,https://blog.naver.com/thebest-bloger/224297148610,20260526,대박 아닌가요 제로 <b>콜라</b>는 크지 않는 컵 사이즈에 나왔지만 카운터 옆에 있는 음료제조기에서 리필이 가능하답니당!! 제로 없으면 슬픈 사람에게 스프라이트 제로랑 코카<b>콜라</b> 제로가 함께 있는 건... ,유자일기,blog.naver.com/thebest-bloger,naver_blog,콜라,canonical,1.0,2026-05-26T11:01:39.710152+00:00,0,0,0,0,유자일기,대박 아닌가요 제로 <b>콜라</b>는 크지 않는 컵 사이즈에 나왔지만 카운터 옆에 있는 음료제조기에서 리필이 가능하답니당!! 제로 없으면 슬픈 사람에게 스프라이트 제로랑 코카<b>콜라</b> 제로가 함께 있는 건... ,"{""title"": ""신부동 맛집 수제버거 ‘다운타우너’ 천안아산점 후기... "", ""link"": ""https://blog.naver.com/thebest-bloger/224297148610"", ""description"": ""대박 아닌가요 제로 <b>콜라</b>는 크지 않는 컵 사이즈에 나왔지만 카운터 옆에 있는 음료제조기에서 리필이 가능하답니당!! 제로 없으면 슬픈 사람에게 스프라이트 제로랑 코카<b>콜라</b> 제로가 함께 있는 건... "", ""bloggername"": ""유자일기"", ""bloggerlink"": ""blog.naver.com/thebest-bloger"", ""postdate"": ""20260526""}"
콜라,single_term_fallback,콜라,모르고 줬다가 큰일 날 수 있어요! 강아지가 절대 먹으면... ,https://blog.naver.com/rkdtmdalslov/224297148254,20260526,"색이 <b>콜라</b>색이나 붉은 색으로 변합니다 강아지가 있는 집안에서는 요리, 식사시 주의가 필요해요 4.치킨 뼈 치킨 뼈는 의외로 강아지에게 주는 경우가 많은데요 익힌 뼈는 쉽게 부러지면서 날카롭게 쪼개질 수... ",크레이지베이프,blog.naver.com/rkdtmdalslov,naver_blog,콜라,canonical,1.0,2026-05-26T11:01:39.710152+00:00,0,0,0,0,크레이지베이프,"색이 <b>콜라</b>색이나 붉은 색으로 변합니다 강아지가 있는 집안에서는 요리, 식사시 주의가 필요해요 4.치킨 뼈 치킨 뼈는 의외로 강아지에게 주는 경우가 많은데요 익힌 뼈는 쉽게 부러지면서 날카롭게 쪼개질 수... ","{""title"": ""모르고 줬다가 큰일 날 수 있어요! 강아지가 절대 먹으면... "", ""link"": ""https://blog.naver.com/rkdtmdalslov/224297148254"", ""description"": ""색이 <b>콜라</b>색이나 붉은 색으로 변합니다 강아지가 있는 집안에서는 요리, 식사시 주의가 필요해요 4.치킨 뼈 치킨 뼈는 의외로 강아지에게 주는 경우가 많은데요 익힌 뼈는 쉽게 부러지면서 날카롭게 쪼개질 수... "", ""bloggername"": ""크레이지베이프"", ""bloggerlink"": ""blog.naver.com/rkdtmdalslov"", ""postdate"": ""20260526""}"
콜라,single_term_fallback,콜라,인천맛집 변사또아구찜 2호점 푸짐한 해물찜에 볶음밥까지... ,https://blog.naver.com/tial0106/224297148328,20260526,매콤한 음식엔 빠질 수 없는 <b>콜라</b>도 함께 주문했는데 시원한 <b>콜라</b> 한입씩 마셔주니까 양념의 매운맛이 딱 잡혀서 더 맛있게 즐길 수 있었답니다. 마무리로는 볶음밥 2인분 추가했는데 이건 진짜 필수예요. 남은... ,Four season,blog.naver.com/tial0106,naver_blog,콜라,canonical,1.0,2026-05-26T11:01:39.710152+00:00,0,0,0,0,Four season,매콤한 음식엔 빠질 수 없는 <b>콜라</b>도 함께 주문했는데 시원한 <b>콜라</b> 한입씩 마셔주니까 양념의 매운맛이 딱 잡혀서 더 맛있게 즐길 수 있었답니다. 마무리로는 볶음밥 2인분 추가했는데 이건 진짜 필수예요. 남은... ,"{""title"": ""인천맛집 변사또아구찜 2호점 푸짐한 해물찜에 볶음밥까지... "", ""link"": ""https://blog.naver.com/tial0106/224297148328"", ""description"": ""매콤한 음식엔 빠질 수 없는 <b>콜라</b>도 함께 주문했는데 시원한 <b>콜라</b> 한입씩 마셔주니까 양념의 매운맛이 딱 잡혀서 더 맛있게 즐길 수 있었답니다. 마무리로는 볶음밥 2인분 추가했는데 이건 진짜 필수예요. 남은... "", ""bloggername"": ""Four season"", ""bloggerlink"": ""blog.naver.com/tial0106"", ""postdate"": ""20260526""}"
콜라,single_term_fallback,콜라,"[서울/양재] 양재시민의 숲 숨은 이탈리안 맛집, da tim(다팀)",https://blog.naver.com/240129_/224297148218,20260526,"내부 등이 넘 예뻐요 (단, 이런 조명은 오래 앉아 있으면 괜히 눈 아프고 졸림 ㅠㅠ) 메뉴 그릇과 잔 디테일에 신경 쓰신 거 같아요 <b>콜라</b>잔과 물잔이 너무 이쁘네요 비프 타르타르 ₩18,000 파가 제법 많아... ",내가 사랑한 모든 공간,blog.naver.com/240129_,naver_blog,콜라,canonical,1.0,2026-05-26T11:01:39.710152+00:00,0,0,0,0,내가 사랑한 모든 공간,"내부 등이 넘 예뻐요 (단, 이런 조명은 오래 앉아 있으면 괜히 눈 아프고 졸림 ㅠㅠ) 메뉴 그릇과 잔 디테일에 신경 쓰신 거 같아요 <b>콜라</b>잔과 물잔이 너무 이쁘네요 비프 타르타르 ₩18,000 파가 제법 많아... ","{""title"": ""[서울/양재] 양재시민의 숲 숨은 이탈리안 맛집, da tim(다팀)"", ""link"": ""https://blog.naver.com/240129_/224297148218"", ""description"": ""내부 등이 넘 예뻐요 (단, 이런 조명은 오래 앉아 있으면 괜히 눈 아프고 졸림 ㅠㅠ) 메뉴 그릇과 잔 디테일에 신경 쓰신 거 같아요 <b>콜라</b>잔과 물잔이 너무 이쁘네요 비프 타르타르 ₩18,000 파가 제법 많아... "", ""bloggername"": ""내가 사랑한 모든 공간"", ""bloggerlink"": ""blog.naver.com/240129_"", ""postdate"": ""20260526""}"
콜라,single_term_fallback,콜라,군부대서 강압적 팔굽혀펴기로 병사 근육 심각하게 손상... ,https://blog.naver.com/hellobaby104/224297146936,20260526,병사가 ‘<b>콜라</b>색 소변’을 볼 정도로 근육이 심각하게 손상되는 사건이 발생했다. 26일 철원군... 색깔은 ‘<b>콜라</b>색’이었다. 곧장 국군포천병원으로 후송돼 진행한 혈액검사 결과 근육효소(CK... ,hellobaby104님의 블로그,blog.naver.com/hellobaby104,naver_blog,콜라,canonical,1.0,2026-05-26T11:01:39.710152+00:00,0,0,0,0,hellobaby104님의 블로그,병사가 ‘<b>콜라</b>색 소변’을 볼 정도로 근육이 심각하게 손상되는 사건이 발생했다. 26일 철원군... 색깔은 ‘<b>콜라</b>색’이었다. 곧장 국군포천병원으로 후송돼 진행한 혈액검사 결과 근육효소(CK... ,"{""title"": ""군부대서 강압적 팔굽혀펴기로 병사 근육 심각하게 손상... "", ""link"": ""https://blog.naver.com/hellobaby104/224297146936"", ""description"": ""병사가 ‘<b>콜라</b>색 소변’을 볼 정도로 근육이 심각하게 손상되는 사건이 발생했다. 26일 철원군... 색깔은 ‘<b>콜라</b>색’이었다. 곧장 국군포천병원으로 후송돼 진행한 혈액검사 결과 근육효소(CK... "", ""bloggername"": ""hellobaby104님의 블로그"", ""bloggerlink"": ""blog.naver.com/hellobaby104"", ""postdate"": ""20260526""}"
콜라,single_term_fallback,콜라,[맛있는 거 냠냠] 엘리스리틀이태리 / 잠실맛집 / 청모... ,https://blog.naver.com/gkdudsoed/224297146883,20260526,&lt;메뉴&gt; 마르게리따 트러플 안심 리조또 봉골레 파스타 + 각자 <b>콜라</b>!! 피자는 씬 도우에 화덕으로... 메뉴 3개에 <b>콜라</b>까지 9마넌 대 정도 나왔는데 잠실에서 소개팅이나 맛있는 음식 대접할 때 강추 드립니다!!... ,Daily haengzzii,blog.naver.com/gkdudsoed,naver_blog,콜라,canonical,1.0,2026-05-26T11:01:39.710152+00:00,0,0,0,0,Daily haengzzii,&lt;메뉴&gt; 마르게리따 트러플 안심 리조또 봉골레 파스타 + 각자 <b>콜라</b>!! 피자는 씬 도우에 화덕으로... 메뉴 3개에 <b>콜라</b>까지 9마넌 대 정도 나왔는데 잠실에서 소개팅이나 맛있는 음식 대접할 때 강추 드립니다!!... ,"{""title"": ""[맛있는 거 냠냠] 엘리스리틀이태리 / 잠실맛집 / 청모... "", ""link"": ""https://blog.naver.com/gkdudsoed/224297146883"", ""description"": ""&lt;메뉴&gt; 마르게리따 트러플 안심 리조또 봉골레 파스타 + 각자 <b>콜라</b>!! 피자는 씬 도우에 화덕으로... 메뉴 3개에 <b>콜라</b>까지 9마넌 대 정도 나왔는데 잠실에서 소개팅이나 맛있는 음식 대접할 때 강추 드립니다!!... "", ""bloggername"": ""Daily haengzzii"", ""bloggerlink"": ""blog.naver.com/gkdudsoed"", ""postdate"": ""20260526""}"
콜라,single_term_fallback,콜라,"기흥 사구체신염, 신장의 거름망이 망가지면 왜 아침마다... ",https://blog.naver.com/dk_de/224297144617,20260526,"서울대학교병원에 따르면 거름망이 손상되면 정상적으로는 통과하지 못해야 할 적혈구가 소변으로 빠져나와 소변 색이 붉거나 <b>콜라</b>색처럼 진하게 보이는 혈뇨가 생기고, 단백질이 함께 새어 나오면 소변에... ",해인부부한의원,blog.naver.com/dk_de,naver_blog,콜라,canonical,1.0,2026-05-26T11:01:39.710152+00:00,0,0,0,0,해인부부한의원,"서울대학교병원에 따르면 거름망이 손상되면 정상적으로는 통과하지 못해야 할 적혈구가 소변으로 빠져나와 소변 색이 붉거나 <b>콜라</b>색처럼 진하게 보이는 혈뇨가 생기고, 단백질이 함께 새어 나오면 소변에... ","{""title"": ""기흥 사구체신염, 신장의 거름망이 망가지면 왜 아침마다... "", ""link"": ""https://blog.naver.com/dk_de/224297144617"", ""description"": ""서울대학교병원에 따르면 거름망이 손상되면 정상적으로는 통과하지 못해야 할 적혈구가 소변으로 빠져나와 소변 색이 붉거나 <b>콜라</b>색처럼 진하게 보이는 혈뇨가 생기고, 단백질이 함께 새어 나오면 소변에... "", ""bloggername"": ""해인부부한의원"", ""bloggerlink"": ""blog.naver.com/dk_de"", ""postdate"": ""20260526""}"
콜라,single_term_fallback,콜라,산토리 펩시 빅 생 제로 <b>콜라</b> 아메리카나 600ml 24개세트,https://blog.naver.com/fromtokyo_net/224291076357,20260526,제로<b>콜라</b> + 아메리카노 조합 “탄산도 포기 못하고 커피도 필요하다면?” 안녕하세요! 프롬도쿄입니다  오늘 소개할 제품은 일본에서 화제였던 독특한 조합   산토리 펩시 빅 생 제로 <b>콜라</b> 아메리카나 600ml... ,프롬도쿄,blog.naver.com/fromtokyo_net,naver_blog,콜라,canonical,1.0,2026-05-26T11:01:39.710152+00:00,0,0,0,0,프롬도쿄,제로<b>콜라</b> + 아메리카노 조합 “탄산도 포기 못하고 커피도 필요하다면?” 안녕하세요! 프롬도쿄입니다  오늘 소개할 제품은 일본에서 화제였던 독특한 조합   산토리 펩시 빅 생 제로 <b>콜라</b> 아메리카나 600ml... ,"{""title"": ""산토리 펩시 빅 생 제로 <b>콜라</b> 아메리카나 600ml 24개세트"", ""link"": ""https://blog.naver.com/fromtokyo_net/224291076357"", ""description"": ""제로<b>콜라</b> + 아메리카노 조합 “탄산도 포기 못하고 커피도 필요하다면?” 안녕하세요! 프롬도쿄입니다  오늘 소개할 제품은 일본에서 화제였던 독특한 조합   산토리 펩시 빅 생 제로 <b>콜라</b> 아메리카나 600ml... "", ""bloggername"": ""프롬도쿄"", ""bloggerlink"": ""blog.naver.com/fromtokyo_net"", ""postdate"": ""20260526""}"
콜라,single_term_fallback,콜라,군 간부 얼차려 논란…병사 신부전·부정맥 소견까지,https://blog.naver.com/ultranews1/224297144219,20260526,"이튿날부터 극심한 통증을 호소한 A상병은 양팔을 제대로 들어 올릴 수 없는 상태에 이르렀고, 이후 의무대를 찾았다가 <b>콜라</b>색 소변 증상을 보였다. 국군포천병원 검사 결과 근육효소(CK·크레아틴키나아제)... ",★★★울트라뉴스 인사이트★★★,blog.naver.com/ultranews1,naver_blog,콜라,canonical,1.0,2026-05-26T11:01:39.710152+00:00,0,0,0,0,★★★울트라뉴스 인사이트★★★,"이튿날부터 극심한 통증을 호소한 A상병은 양팔을 제대로 들어 올릴 수 없는 상태에 이르렀고, 이후 의무대를 찾았다가 <b>콜라</b>색 소변 증상을 보였다. 국군포천병원 검사 결과 근육효소(CK·크레아틴키나아제)... ","{""title"": ""군 간부 얼차려 논란…병사 신부전·부정맥 소견까지"", ""link"": ""https://blog.naver.com/ultranews1/224297144219"", ""description"": ""이튿날부터 극심한 통증을 호소한 A상병은 양팔을 제대로 들어 올릴 수 없는 상태에 이르렀고, 이후 의무대를 찾았다가 <b>콜라</b>색 소변 증상을 보였다. 국군포천병원 검사 결과 근육효소(CK·크레아틴키나아제)... "", ""bloggername"": ""★★★울트라뉴스 인사이트★★★"", ""bloggerlink"": ""blog.naver.com/ultranews1"", ""postdate"": ""20260526""}"
콜라,single_term_fallback,콜라,애드포스트 정산금으로 미국 배당주 쇼핑하기! 4050 가성비... ,https://blog.naver.com/nstartkkh/224296309081,20260526,"코카<b>콜라</b> (KO) 분기 (3,6,9,12월) 60~70달러 내외 60년 이상 배당을 늘려온 배당킹 종목, 경기 변동에 강함... 코카<b>콜라</b> 1주 + 리얼티인컴 1주 + SCHD 소수점 배당성장형 ETF(SCHD)를 섞어 장기 자산 가치 상승 도모 최근... ",nstart 지식,blog.naver.com/nstartkkh,naver_blog,콜라,canonical,1.0,2026-05-26T11:01:39.710152+00:00,0,0,0,0,nstart 지식,"코카<b>콜라</b> (KO) 분기 (3,6,9,12월) 60~70달러 내외 60년 이상 배당을 늘려온 배당킹 종목, 경기 변동에 강함... 코카<b>콜라</b> 1주 + 리얼티인컴 1주 + SCHD 소수점 배당성장형 ETF(SCHD)를 섞어 장기 자산 가치 상승 도모 최근... ","{""title"": ""애드포스트 정산금으로 미국 배당주 쇼핑하기! 4050 가성비... "", ""link"": ""https://blog.naver.com/nstartkkh/224296309081"", ""description"": ""코카<b>콜라</b> (KO) 분기 (3,6,9,12월) 60~70달러 내외 60년 이상 배당을 늘려온 배당킹 종목, 경기 변동에 강함... 코카<b>콜라</b> 1주 + 리얼티인컴 1주 + SCHD 소수점 배당성장형 ETF(SCHD)를 섞어 장기 자산 가치 상승 도모 최근... "", ""bloggername"": ""nstart 지식"", ""bloggerlink"": ""blog.naver.com/nstartkkh"", ""postdate"": ""20260526""}"
콜라,single_term_fallback,콜라,[맛집] 대전 봉명동 삼겹살 맛집 &lt;흑백삼겹살&gt; 후기,https://blog.naver.com/itsapril25th/224296209429,20260526,"저희는 흑돼지 250g+ 백돼지 250g와 <b>콜라</b> 2개, 리뷰 이벤트로 된장밥을 주문했어요. 고기는 앞뒤로 1분 30초, 총 3분을 굽고 자르지 않고 한 입 크게 드시는 것을 추천한다고 해요. 시간을 잴 수 있게 모래시계도... ",셀이의 BLOG,blog.naver.com/itsapril25th,naver_blog,콜라,canonical,1.0,2026-05-26T11:01:39.710152+00:00,0,0,0,0,셀이의 BLOG,"저희는 흑돼지 250g+ 백돼지 250g와 <b>콜라</b> 2개, 리뷰 이벤트로 된장밥을 주문했어요. 고기는 앞뒤로 1분 30초, 총 3분을 굽고 자르지 않고 한 입 크게 드시는 것을 추천한다고 해요. 시간을 잴 수 있게 모래시계도... ","{""title"": ""[맛집] 대전 봉명동 삼겹살 맛집 &lt;흑백삼겹살&gt; 후기"", ""link"": ""https://blog.naver.com/itsapril25th/224296209429"", ""description"": ""저희는 흑돼지 250g+ 백돼지 250g와 <b>콜라</b> 2개, 리뷰 이벤트로 된장밥을 주문했어요. 고기는 앞뒤로 1분 30초, 총 3분을 굽고 자르지 않고 한 입 크게 드시는 것을 추천한다고 해요. 시간을 잴 수 있게 모래시계도... "", ""bloggername"": ""셀이의 BLOG"", ""bloggerlink"": ""blog.naver.com/itsapril25th"", ""postdate"": ""20260526""}"
콜라,single_term_fallback,콜라,인천서구레스토랑 청라스테이크 맛집 코지하우스... ,https://blog.naver.com/biyak/224297142034,20260526,"이연복셰프님과 <b>콜라</b>보한 특별한 메뉴들도 만나볼 수 있어요. 비가 많이 왔는데 우산을 보관할 우산... 중식대가 이연복 셰프님과 <b>콜라</b>보한 특별한 메뉴들도 있어요. 다양한 세트메뉴 스테이크와 립, 파스타... ","사랑하고, 또 사랑받고",blog.naver.com/biyak,naver_blog,콜라,canonical,1.0,2026-05-26T11:01:39.710152+00:00,0,0,0,0,"사랑하고, 또 사랑받고","이연복셰프님과 <b>콜라</b>보한 특별한 메뉴들도 만나볼 수 있어요. 비가 많이 왔는데 우산을 보관할 우산... 중식대가 이연복 셰프님과 <b>콜라</b>보한 특별한 메뉴들도 있어요. 다양한 세트메뉴 스테이크와 립, 파스타... ","{""title"": ""인천서구레스토랑 청라스테이크 맛집 코지하우스... "", ""link"": ""https://blog.naver.com/biyak/224297142034"", ""description"": ""이연복셰프님과 <b>콜라</b>보한 특별한 메뉴들도 만나볼 수 있어요. 비가 많이 왔는데 우산을 보관할 우산... 중식대가 이연복 셰프님과 <b>콜라</b>보한 특별한 메뉴들도 있어요. 다양한 세트메뉴 스테이크와 립, 파스타... "", ""bloggername"": ""사랑하고, 또 사랑받고"", ""bloggerlink"": ""blog.naver.com/biyak"", ""postdate"": ""20260526""}"
콜라,single_term_fallback,콜라,성수동맛집 도죠｜사케동점보 제대로였던 성수동일식 후기,https://blog.naver.com/gkdud0844/224297142241,20260526,왜 성수맛집으로 입소문 나는지 분위기부터 이해됐습니다 ㅎㅎ 주문한 메뉴 주문한 메뉴는 ✔ 사케동 점보 ✔ 감자 고로케 1개 ✔ <b>콜라</b> 였습니다 :) 사케동 점보는 연어를 좋아하는 여성분이라면 필수 입니다!... ,힐링천사,blog.naver.com/gkdud0844,naver_blog,콜라,canonical,1.0,2026-05-26T11:01:39.710152+00:00,0,0,0,0,힐링천사,왜 성수맛집으로 입소문 나는지 분위기부터 이해됐습니다 ㅎㅎ 주문한 메뉴 주문한 메뉴는 ✔ 사케동 점보 ✔ 감자 고로케 1개 ✔ <b>콜라</b> 였습니다 :) 사케동 점보는 연어를 좋아하는 여성분이라면 필수 입니다!... ,"{""title"": ""성수동맛집 도죠｜사케동점보 제대로였던 성수동일식 후기"", ""link"": ""https://blog.naver.com/gkdud0844/224297142241"", ""description"": ""왜 성수맛집으로 입소문 나는지 분위기부터 이해됐습니다 ㅎㅎ 주문한 메뉴 주문한 메뉴는 ✔ 사케동 점보 ✔ 감자 고로케 1개 ✔ <b>콜라</b> 였습니다 :) 사케동 점보는 연어를 좋아하는 여성분이라면 필수 입니다!... "", ""bloggername"": ""힐링천사"", ""bloggerlink"": ""blog.naver.com/gkdud0844"", ""postdate"": ""20260526""}"
콜라,single_term_fallback,콜라,[강남신세계 맛집] 나만 이제 먹어본 파이브가이즈 | 치즈버거... ,https://blog.naver.com/sssohappy819/224297142256,20260526,"코카<b>콜라</b>로! 하나 시켜서 둘이 나눠먹었어요. 파이브가이즈 치즈버거(15,900₩) 금새 나온 뜨끈뜨끈한 햄버거~ 남자친구랑 저랑 둘다 치즈버거 올더웨이로 선택했어요. 이렇게 두개해서 31,800원에 <b>콜라</b>까지 35... ",쏘- 해피DAY *⸌☻ັ⸍*,blog.naver.com/sssohappy819,naver_blog,콜라,canonical,1.0,2026-05-26T11:01:39.710152+00:00,0,0,0,0,쏘- 해피DAY *⸌☻ັ⸍*,"코카<b>콜라</b>로! 하나 시켜서 둘이 나눠먹었어요. 파이브가이즈 치즈버거(15,900₩) 금새 나온 뜨끈뜨끈한 햄버거~ 남자친구랑 저랑 둘다 치즈버거 올더웨이로 선택했어요. 이렇게 두개해서 31,800원에 <b>콜라</b>까지 35... ","{""title"": ""[강남신세계 맛집] 나만 이제 먹어본 파이브가이즈 | 치즈버거... "", ""link"": ""https://blog.naver.com/sssohappy819/224297142256"", ""description"": ""코카<b>콜라</b>로! 하나 시켜서 둘이 나눠먹었어요. 파이브가이즈 치즈버거(15,900₩) 금새 나온 뜨끈뜨끈한 햄버거~ 남자친구랑 저랑 둘다 치즈버거 올더웨이로 선택했어요. 이렇게 두개해서 31,800원에 <b>콜라</b>까지 35... "", ""bloggername"": ""쏘- 해피DAY *⸌☻ັ⸍*"", ""bloggerlink"": ""blog.naver.com/sssohappy819"", ""postdate"": ""20260526""}"
콜라,single_term_fallback,콜라,전 세계의 희귀 영상 27,https://blog.naver.com/kimcg3519/224297141216,20260526,"1974년 펩시<b>콜라</b> 공장에 있는 L. I. 브레즈네프 14. 탱크 위의 펑크족들. 쿠데타. 모스크바, 1991년 8월 15. 유배 중인 요셉 브로드스키. 아르한겔스크 주 노린스카야 마을. 1965년. 16. 존 F. 케네디... ",kimcg3519님의 블로그,blog.naver.com/kimcg3519,naver_blog,콜라,canonical,1.0,2026-05-26T11:01:39.710152+00:00,0,0,0,0,kimcg3519님의 블로그,"1974년 펩시<b>콜라</b> 공장에 있는 L. I. 브레즈네프 14. 탱크 위의 펑크족들. 쿠데타. 모스크바, 1991년 8월 15. 유배 중인 요셉 브로드스키. 아르한겔스크 주 노린스카야 마을. 1965년. 16. 존 F. 케네디... ","{""title"": ""전 세계의 희귀 영상 27"", ""link"": ""https://blog.naver.com/kimcg3519/224297141216"", ""description"": ""1974년 펩시<b>콜라</b> 공장에 있는 L. I. 브레즈네프 14. 탱크 위의 펑크족들. 쿠데타. 모스크바, 1991년 8월 15. 유배 중인 요셉 브로드스키. 아르한겔스크 주 노린스카야 마을. 1965년. 16. 존 F. 케네디... "", ""bloggername"": ""kimcg3519님의 블로그"", ""bloggerlink"": ""blog.naver.com/kimcg3519"", ""postdate"": ""20260526""}"
콜라,single_term_fallback,콜라,익선동_준벅,https://blog.naver.com/molela/224297141062,20260526,"닥터페퍼, <b>콜라</b>, 제로<b>콜라</b>, 스프라이트, 생수 https://naver.me/F16SxdPz 익선동 수제버거 - 준벅 익선동 수제버거 준벅. 이곳은 이전에 양키스버거란 이름의 매장이었다. 이후에 문을 닫았다가 다시 오픈한 곳이... ",몰라씨의 하루,blog.naver.com/molela,naver_blog,콜라,canonical,1.0,2026-05-26T11:01:39.710152+00:00,0,0,0,0,몰라씨의 하루,"닥터페퍼, <b>콜라</b>, 제로<b>콜라</b>, 스프라이트, 생수 https://naver.me/F16SxdPz 익선동 수제버거 - 준벅 익선동 수제버거 준벅. 이곳은 이전에 양키스버거란 이름의 매장이었다. 이후에 문을 닫았다가 다시 오픈한 곳이... ","{""title"": ""익선동_준벅"", ""link"": ""https://blog.naver.com/molela/224297141062"", ""description"": ""닥터페퍼, <b>콜라</b>, 제로<b>콜라</b>, 스프라이트, 생수 https://naver.me/F16SxdPz 익선동 수제버거 - 준벅 익선동 수제버거 준벅. 이곳은 이전에 양키스버거란 이름의 매장이었다. 이후에 문을 닫았다가 다시 오픈한 곳이... "", ""bloggername"": ""몰라씨의 하루"", ""bloggerlink"": ""blog.naver.com/molela"", ""postdate"": ""20260526""}"
콜라,single_term_fallback,콜라,인천롯데백화점 맛집 식당 :: '멘야 서울' 라멘집,https://blog.naver.com/milkysuk/224297139854,20260526,우리는 코카<b>콜라</b> 제로를 골랐어용 인천 롯데백화점 푸드코트에서 밥 먹으면 앉을 데가 없어서 헤매게... 라멘 기름지게 먹고 나면 필요할 것 같았던 <b>콜라</b>는 생각보다 너무 깔끔한 뒷맛에 들고 집으로 갔다는... ,너굴이의 육아일기,blog.naver.com/milkysuk,naver_blog,콜라,canonical,1.0,2026-05-26T11:01:39.710152+00:00,0,0,0,0,너굴이의 육아일기,우리는 코카<b>콜라</b> 제로를 골랐어용 인천 롯데백화점 푸드코트에서 밥 먹으면 앉을 데가 없어서 헤매게... 라멘 기름지게 먹고 나면 필요할 것 같았던 <b>콜라</b>는 생각보다 너무 깔끔한 뒷맛에 들고 집으로 갔다는... ,"{""title"": ""인천롯데백화점 맛집 식당 :: '멘야 서울' 라멘집"", ""link"": ""https://blog.naver.com/milkysuk/224297139854"", ""description"": ""우리는 코카<b>콜라</b> 제로를 골랐어용 인천 롯데백화점 푸드코트에서 밥 먹으면 앉을 데가 없어서 헤매게... 라멘 기름지게 먹고 나면 필요할 것 같았던 <b>콜라</b>는 생각보다 너무 깔끔한 뒷맛에 들고 집으로 갔다는... "", ""bloggername"": ""너굴이의 육아일기"", ""bloggerlink"": ""blog.naver.com/milkysuk"", ""postdate"": ""20260526""}"
콜라,single_term_fallback,콜라,(부르르멜론+사이다+자두+제로<b>콜라</b>+카페인프리+체리+수박)... ,https://blog.naver.com/sagastartup51/224297139110,20260526,"7종의 맛 중 부르르 멜론, 사이다, 자두, 제로<b>콜라</b>, 카페인프리, 체리, 수박이 포함되어 있으며, 각... 일화 부르르 탄산음료 7종 2개씩 혼합 (부르르멜론+사이다+자두+제로<b>콜라</b>+카페인프리+체리+수박), 14개, 250ml",sagastartup51님의 블로그,blog.naver.com/sagastartup51,naver_blog,콜라,canonical,1.0,2026-05-26T11:01:39.710152+00:00,0,0,0,0,sagastartup51님의 블로그,"7종의 맛 중 부르르 멜론, 사이다, 자두, 제로<b>콜라</b>, 카페인프리, 체리, 수박이 포함되어 있으며, 각... 일화 부르르 탄산음료 7종 2개씩 혼합 (부르르멜론+사이다+자두+제로<b>콜라</b>+카페인프리+체리+수박), 14개, 250ml","{""title"": ""(부르르멜론+사이다+자두+제로<b>콜라</b>+카페인프리+체리+수박)... "", ""link"": ""https://blog.naver.com/sagastartup51/224297139110"", ""description"": ""7종의 맛 중 부르르 멜론, 사이다, 자두, 제로<b>콜라</b>, 카페인프리, 체리, 수박이 포함되어 있으며, 각... 일화 부르르 탄산음료 7종 2개씩 혼합 (부르르멜론+사이다+자두+제로<b>콜라</b>+카페인프리+체리+수박), 14개, 250ml"", ""bloggername"": ""sagastartup51님의 블로그"", ""bloggerlink"": ""blog.naver.com/sagastartup51"", ""postdate"": ""20260526""}"
콜라,single_term_fallback,콜라,5월은 아주 쉼이 끝이없네 ㅜㅜ,https://blog.naver.com/sonar4/224297136855,20260526,이런 <b>콜라</b>.. 걍 마시찡 뚜한이 취저.. 2차는 아파트정원.. 먹고 잘치워주믄되징.. 둥이도 모시고나옴.. 겁나 얌전해!!~~~!!!/ 마시고 들어오니 뻗으시는분 빨래개키는데 저러고계심 나와라 오빠 짐싸구러.. 대체휴무..... ,나답게 살아가기!!,blog.naver.com/sonar4,naver_blog,콜라,canonical,1.0,2026-05-26T11:01:39.710152+00:00,0,0,0,0,나답게 살아가기!!,이런 <b>콜라</b>.. 걍 마시찡 뚜한이 취저.. 2차는 아파트정원.. 먹고 잘치워주믄되징.. 둥이도 모시고나옴.. 겁나 얌전해!!~~~!!!/ 마시고 들어오니 뻗으시는분 빨래개키는데 저러고계심 나와라 오빠 짐싸구러.. 대체휴무..... ,"{""title"": ""5월은 아주 쉼이 끝이없네 ㅜㅜ"", ""link"": ""https://blog.naver.com/sonar4/224297136855"", ""description"": ""이런 <b>콜라</b>.. 걍 마시찡 뚜한이 취저.. 2차는 아파트정원.. 먹고 잘치워주믄되징.. 둥이도 모시고나옴.. 겁나 얌전해!!~~~!!!/ 마시고 들어오니 뻗으시는분 빨래개키는데 저러고계심 나와라 오빠 짐싸구러.. 대체휴무..... "", ""bloggername"": ""나답게 살아가기!!"", ""bloggerlink"": ""blog.naver.com/sonar4"", ""postdate"": ""20260526""}"
콜라,single_term_fallback,콜라,"츄라우미수족관근처점심메뉴,부모님과오키나와메뉴추천... ",https://blog.naver.com/soll1219/224297136279,20260526,"<b>콜라</b> 얼음잔에 시원하게 나오는거 아주...굳이에용 면종류 : 가는면 굳기 : 보통 스프 : 보통 파 : 있음 매운양념 : 없음 저는 다대기도 안넣어먹는 사람이라 양념xxxxx!! 차슈 비린내, 질긴맛 없이 정말... ",이모저모,blog.naver.com/soll1219,naver_blog,콜라,canonical,1.0,2026-05-26T11:01:39.710152+00:00,0,0,0,0,이모저모,"<b>콜라</b> 얼음잔에 시원하게 나오는거 아주...굳이에용 면종류 : 가는면 굳기 : 보통 스프 : 보통 파 : 있음 매운양념 : 없음 저는 다대기도 안넣어먹는 사람이라 양념xxxxx!! 차슈 비린내, 질긴맛 없이 정말... ","{""title"": ""츄라우미수족관근처점심메뉴,부모님과오키나와메뉴추천... "", ""link"": ""https://blog.naver.com/soll1219/224297136279"", ""description"": ""<b>콜라</b> 얼음잔에 시원하게 나오는거 아주...굳이에용 면종류 : 가는면 굳기 : 보통 스프 : 보통 파 : 있음 매운양념 : 없음 저는 다대기도 안넣어먹는 사람이라 양념xxxxx!! 차슈 비린내, 질긴맛 없이 정말... "", ""bloggername"": ""이모저모"", ""bloggerlink"": ""blog.naver.com/soll1219"", ""postdate"": ""20260526""}"
콜라,single_term_fallback,콜라,[부산/중구] 남포동 맛집 SBS 생활의 달인 우동 맛집... ,https://blog.naver.com/dlalwjd0292/224297135367,20260526,"제로<b>콜라</b> 2,000원 혼밥 하는 사람들을 위한 핸드폰 거치대 〰 요즘 식당 가면 자주 보이더라고요 요긴한 것 같습니다 저도 혼밥 하면 매일 유튜브 보면서 먹거든요 ㅋ 셀프 코너 단무지와 김치, 우동국물에... ",미자두,blog.naver.com/dlalwjd0292,naver_blog,콜라,canonical,1.0,2026-05-26T11:01:39.710152+00:00,0,0,0,0,미자두,"제로<b>콜라</b> 2,000원 혼밥 하는 사람들을 위한 핸드폰 거치대 〰 요즘 식당 가면 자주 보이더라고요 요긴한 것 같습니다 저도 혼밥 하면 매일 유튜브 보면서 먹거든요 ㅋ 셀프 코너 단무지와 김치, 우동국물에... ","{""title"": ""[부산/중구] 남포동 맛집 SBS 생활의 달인 우동 맛집... "", ""link"": ""https://blog.naver.com/dlalwjd0292/224297135367"", ""description"": ""제로<b>콜라</b> 2,000원 혼밥 하는 사람들을 위한 핸드폰 거치대 〰 요즘 식당 가면 자주 보이더라고요 요긴한 것 같습니다 저도 혼밥 하면 매일 유튜브 보면서 먹거든요 ㅋ 셀프 코너 단무지와 김치, 우동국물에... "", ""bloggername"": ""미자두"", ""bloggerlink"": ""blog.naver.com/dlalwjd0292"", ""postdate"": ""20260526""}"
콜라,single_term_fallback,콜라,"✅13900원 펩시<b>콜라</b> 제로, 라임맛, 500ml, 20개",https://blog.naver.com/hj142300/224297135457,20260526,"✅13900원 펩시<b>콜라</b> 제로, 라임맛, 500ml, 20개 https://toss.im/_m/ha93CZ9r • 멤버십 와우/네멤/유클) + 카드 할인 적용가 • 가격이 다르면 쿠폰 마감 또는 종료된 딜입니다  매번 놓치는 핫딜, 이제 그만... ",알뜰살뜰 혜택모아! 똑똑한 할인·절약 꿀팁 저장,blog.naver.com/hj142300,naver_blog,콜라,canonical,1.0,2026-05-26T11:01:39.710152+00:00,0,0,0,0,알뜰살뜰 혜택모아! 똑똑한 할인·절약 꿀팁 저장,"✅13900원 펩시<b>콜라</b> 제로, 라임맛, 500ml, 20개 https://toss.im/_m/ha93CZ9r • 멤버십 와우/네멤/유클) + 카드 할인 적용가 • 가격이 다르면 쿠폰 마감 또는 종료된 딜입니다  매번 놓치는 핫딜, 이제 그만... ","{""title"": ""✅13900원 펩시<b>콜라</b> 제로, 라임맛, 500ml, 20개"", ""link"": ""https://blog.naver.com/hj142300/224297135457"", ""description"": ""✅13900원 펩시<b>콜라</b> 제로, 라임맛, 500ml, 20개 https://toss.im/_m/ha93CZ9r • 멤버십 와우/네멤/유클) + 카드 할인 적용가 • 가격이 다르면 쿠폰 마감 또는 종료된 딜입니다  매번 놓치는 핫딜, 이제 그만... "", ""bloggername"": ""알뜰살뜰 혜택모아! 똑똑한 할인·절약 꿀팁 저장"", ""bloggerlink"": ""blog.naver.com/hj142300"", ""postdate"": ""20260526""}"
콜라,single_term_fallback,콜라,성사동족발 맛집 원당역 행님족발 내돈내산 후기,https://blog.naver.com/li9793/224297134711,20260526,"막국수와 무김치, 부추무침, 상추, 깻잎, 청양고추, 마늘, 쌈장, 새우젓 그리고 <b>콜라</b>500ml까지 함께 구성되어 있어서 만족스러웠어요! 그리고 저희는 주먹밥까지 추가로 주문해서 더욱 든든하게 즐겨봤답니다!!... ",내일은 더 행복하게,blog.naver.com/li9793,naver_blog,콜라,canonical,1.0,2026-05-26T11:01:39.710152+00:00,0,0,0,0,내일은 더 행복하게,"막국수와 무김치, 부추무침, 상추, 깻잎, 청양고추, 마늘, 쌈장, 새우젓 그리고 <b>콜라</b>500ml까지 함께 구성되어 있어서 만족스러웠어요! 그리고 저희는 주먹밥까지 추가로 주문해서 더욱 든든하게 즐겨봤답니다!!... ","{""title"": ""성사동족발 맛집 원당역 행님족발 내돈내산 후기"", ""link"": ""https://blog.naver.com/li9793/224297134711"", ""description"": ""막국수와 무김치, 부추무침, 상추, 깻잎, 청양고추, 마늘, 쌈장, 새우젓 그리고 <b>콜라</b>500ml까지 함께 구성되어 있어서 만족스러웠어요! 그리고 저희는 주먹밥까지 추가로 주문해서 더욱 든든하게 즐겨봤답니다!!... "", ""bloggername"": ""내일은 더 행복하게"", ""bloggerlink"": ""blog.naver.com/li9793"", ""postdate"": ""20260526""}"
콜라,single_term_fallback,콜라,내가 백만원이 없어서 그래 만 백원도 없는데 지금,https://blog.naver.com/welcometomyblue/224297133933,20260526,콰삭킹에제로<b>콜라</b>모임가입하시길ㄱㄱ 0222 수술전마지막팬사인이벤트라 슬픔이엿는데 저분이 내히퍼 보자마자또놀림 하나사주겟다면서 혹시 언제사주시는지.. 마지막기념 마지막이아니게되었긴하지만 ..... ,welcometomyblue,blog.naver.com/welcometomyblue,naver_blog,콜라,canonical,1.0,2026-05-26T11:01:39.710152+00:00,0,0,0,0,welcometomyblue,콰삭킹에제로<b>콜라</b>모임가입하시길ㄱㄱ 0222 수술전마지막팬사인이벤트라 슬픔이엿는데 저분이 내히퍼 보자마자또놀림 하나사주겟다면서 혹시 언제사주시는지.. 마지막기념 마지막이아니게되었긴하지만 ..... ,"{""title"": ""내가 백만원이 없어서 그래 만 백원도 없는데 지금"", ""link"": ""https://blog.naver.com/welcometomyblue/224297133933"", ""description"": ""콰삭킹에제로<b>콜라</b>모임가입하시길ㄱㄱ 0222 수술전마지막팬사인이벤트라 슬픔이엿는데 저분이 내히퍼 보자마자또놀림 하나사주겟다면서 혹시 언제사주시는지.. 마지막기념 마지막이아니게되었긴하지만 ..... "", ""bloggername"": ""welcometomyblue"", ""bloggerlink"": ""blog.naver.com/welcometomyblue"", ""postdate"": ""20260526""}"
콜라,single_term_fallback,콜라,"남양주 북한강 금남리 파스타 맛집 추천, 파솥타 메뉴&amp;주차... ",https://blog.naver.com/poppystudentc/224297132650,20260526,"제로<b>콜라</b>(3,000원)을 하나 시켰습니다. 아메리카노랑 에이드도 있어요. 그리고 퓨전 우동 메뉴도 있습니다. 확실히 저란 간 술안주도 먹기도 괜찮을 거 같아요. 차음에 소주를 팔길래 뭐지 싶었는데 이렇게 소주... ",C의 기록,blog.naver.com/poppystudentc,naver_blog,콜라,canonical,1.0,2026-05-26T11:01:39.710152+00:00,0,0,0,0,C의 기록,"제로<b>콜라</b>(3,000원)을 하나 시켰습니다. 아메리카노랑 에이드도 있어요. 그리고 퓨전 우동 메뉴도 있습니다. 확실히 저란 간 술안주도 먹기도 괜찮을 거 같아요. 차음에 소주를 팔길래 뭐지 싶었는데 이렇게 소주... ","{""title"": ""남양주 북한강 금남리 파스타 맛집 추천, 파솥타 메뉴&amp;주차... "", ""link"": ""https://blog.naver.com/poppystudentc/224297132650"", ""description"": ""제로<b>콜라</b>(3,000원)을 하나 시켰습니다. 아메리카노랑 에이드도 있어요. 그리고 퓨전 우동 메뉴도 있습니다. 확실히 저란 간 술안주도 먹기도 괜찮을 거 같아요. 차음에 소주를 팔길래 뭐지 싶었는데 이렇게 소주... "", ""bloggername"": ""C의 기록"", ""bloggerlink"": ""blog.naver.com/poppystudentc"", ""postdate"": ""20260526""}"
콜라,single_term_fallback,콜라,수원 행궁동 버거맛집 프레클 내슈빌핫치킨버거 내돈내산... ,https://blog.naver.com/lel1111/224297132394,20260526,이런 마음이 들었던 맛 · 매운맛 조절 가능 → 취향 반영 GOOD · 샐러드 + 치킨버거 조합 미침 · 양·맛·식감·소스 황금비율 · 데이트 / 가족 외식 / 친구랑 가볍게 / 혼밥 다 가능 개인적으로는 감튀 + 제로<b>콜라</b>... ,토시살 공주,blog.naver.com/lel1111,naver_blog,콜라,canonical,1.0,2026-05-26T11:01:39.710152+00:00,0,0,0,0,토시살 공주,이런 마음이 들었던 맛 · 매운맛 조절 가능 → 취향 반영 GOOD · 샐러드 + 치킨버거 조합 미침 · 양·맛·식감·소스 황금비율 · 데이트 / 가족 외식 / 친구랑 가볍게 / 혼밥 다 가능 개인적으로는 감튀 + 제로<b>콜라</b>... ,"{""title"": ""수원 행궁동 버거맛집 프레클 내슈빌핫치킨버거 내돈내산... "", ""link"": ""https://blog.naver.com/lel1111/224297132394"", ""description"": ""이런 마음이 들었던 맛 · 매운맛 조절 가능 → 취향 반영 GOOD · 샐러드 + 치킨버거 조합 미침 · 양·맛·식감·소스 황금비율 · 데이트 / 가족 외식 / 친구랑 가볍게 / 혼밥 다 가능 개인적으로는 감튀 + 제로<b>콜라</b>... "", ""bloggername"": ""토시살 공주"", ""bloggerlink"": ""blog.naver.com/lel1111"", ""postdate"": ""20260526""}"
콜라,single_term_fallback,콜라,26.5.26 Tue: 등,https://blog.naver.com/alsgml1133/224297132526,20260526,출근이라니ㅣㅣㅣ 싸이클 25분 아침밥 김밥 반줄 닭찌 계란1 오늘따라 정신없어버려 아칩밥 찜닭 생선까스 콩자반 떡갈비 샐러드/모닝빵 미역국 아니 제로<b>콜라</b>옆에 학생때 젤 좋아하던 데미소다레몬맛!!... ,운동하는 일상,blog.naver.com/alsgml1133,naver_blog,콜라,canonical,1.0,2026-05-26T11:01:39.710152+00:00,0,0,0,0,운동하는 일상,출근이라니ㅣㅣㅣ 싸이클 25분 아침밥 김밥 반줄 닭찌 계란1 오늘따라 정신없어버려 아칩밥 찜닭 생선까스 콩자반 떡갈비 샐러드/모닝빵 미역국 아니 제로<b>콜라</b>옆에 학생때 젤 좋아하던 데미소다레몬맛!!... ,"{""title"": ""26.5.26 Tue: 등"", ""link"": ""https://blog.naver.com/alsgml1133/224297132526"", ""description"": ""출근이라니ㅣㅣㅣ 싸이클 25분 아침밥 김밥 반줄 닭찌 계란1 오늘따라 정신없어버려 아칩밥 찜닭 생선까스 콩자반 떡갈비 샐러드/모닝빵 미역국 아니 제로<b>콜라</b>옆에 학생때 젤 좋아하던 데미소다레몬맛!!... "", ""bloggername"": ""운동하는 일상"", ""bloggerlink"": ""blog.naver.com/alsgml1133"", ""postdate"": ""20260526""}"
콜라,single_term_fallback,콜라,내돈내산 《밀린글털기》 [롯데슈퍼] 행복한소비 즐거운소비... ,https://blog.naver.com/bigmouthpig/224297131837,20260526,물어봤넹 #펩시<b>콜라</b> #1플러스1 후기 : 작은애 #<b>콜라</b>쟁이 방에 한병을 그냥 들고 들어가는 포스 #포카리스웨트 #딸맹이음료 #알뜰구매코너 #저렴딱지 #대추방울토마토 작은애 방울토마토 좋아해서 #화끈한구매... ,향기나무,blog.naver.com/bigmouthpig,naver_blog,콜라,canonical,1.0,2026-05-26T11:01:39.710152+00:00,0,0,0,0,향기나무,물어봤넹 #펩시<b>콜라</b> #1플러스1 후기 : 작은애 #<b>콜라</b>쟁이 방에 한병을 그냥 들고 들어가는 포스 #포카리스웨트 #딸맹이음료 #알뜰구매코너 #저렴딱지 #대추방울토마토 작은애 방울토마토 좋아해서 #화끈한구매... ,"{""title"": ""내돈내산 《밀린글털기》 [롯데슈퍼] 행복한소비 즐거운소비... "", ""link"": ""https://blog.naver.com/bigmouthpig/224297131837"", ""description"": ""물어봤넹 #펩시<b>콜라</b> #1플러스1 후기 : 작은애 #<b>콜라</b>쟁이 방에 한병을 그냥 들고 들어가는 포스 #포카리스웨트 #딸맹이음료 #알뜰구매코너 #저렴딱지 #대추방울토마토 작은애 방울토마토 좋아해서 #화끈한구매... "", ""bloggername"": ""향기나무"", ""bloggerlink"": ""blog.naver.com/bigmouthpig"", ""postdate"": ""20260526""}"
콜라,single_term_fallback,콜라,"종로5가 희희, 일요일 낮 혼밥으로 즐긴 성게알 소바와 웨이팅... ",https://blog.naver.com/su6396/224297130968,20260526,"주류) <b>콜라</b>/사이다: 2,000원/에이드(레몬/자몽/청포도): 5,000원/ 기린 생맥주: 8,000원/ 하이볼(레몬/얼그레이): 8,000원 성게알소바 19,000 가격이 조오금 비싼편인거같기는한데 성게알이니까 ㅜㅜ 제철재료를... ",뿡여사의 일상로그,blog.naver.com/su6396,naver_blog,콜라,canonical,1.0,2026-05-26T11:01:39.710152+00:00,0,0,0,0,뿡여사의 일상로그,"주류) <b>콜라</b>/사이다: 2,000원/에이드(레몬/자몽/청포도): 5,000원/ 기린 생맥주: 8,000원/ 하이볼(레몬/얼그레이): 8,000원 성게알소바 19,000 가격이 조오금 비싼편인거같기는한데 성게알이니까 ㅜㅜ 제철재료를... ","{""title"": ""종로5가 희희, 일요일 낮 혼밥으로 즐긴 성게알 소바와 웨이팅... "", ""link"": ""https://blog.naver.com/su6396/224297130968"", ""description"": ""주류) <b>콜라</b>/사이다: 2,000원/에이드(레몬/자몽/청포도): 5,000원/ 기린 생맥주: 8,000원/ 하이볼(레몬/얼그레이): 8,000원 성게알소바 19,000 가격이 조오금 비싼편인거같기는한데 성게알이니까 ㅜㅜ 제철재료를... "", ""bloggername"": ""뿡여사의 일상로그"", ""bloggerlink"": ""blog.naver.com/su6396"", ""postdate"": ""20260526""}"
콜라,single_term_fallback,콜라,우당탕탕 서울 여행 1일차 | 진옥화할매원조닭한마리 | 청계천... ,https://blog.naver.com/yskysk1119/224297130424,20260526,아주 행복  지나가다 오빠랑 한 컷 신흥시장이랑 코카<b>콜라</b>랑 같이 행사같은 것도 하는 것 같더라구용 거리가 너무 힙하구 특색 있어서 오빠가 외국에 온 것 같다구 했어용~~ 서울 놀러오시는 분들은 해방촌... ,부산에 사는 너구리탐정,blog.naver.com/yskysk1119,naver_blog,콜라,canonical,1.0,2026-05-26T11:01:39.710152+00:00,0,0,0,0,부산에 사는 너구리탐정,아주 행복  지나가다 오빠랑 한 컷 신흥시장이랑 코카<b>콜라</b>랑 같이 행사같은 것도 하는 것 같더라구용 거리가 너무 힙하구 특색 있어서 오빠가 외국에 온 것 같다구 했어용~~ 서울 놀러오시는 분들은 해방촌... ,"{""title"": ""우당탕탕 서울 여행 1일차 | 진옥화할매원조닭한마리 | 청계천... "", ""link"": ""https://blog.naver.com/yskysk1119/224297130424"", ""description"": ""아주 행복  지나가다 오빠랑 한 컷 신흥시장이랑 코카<b>콜라</b>랑 같이 행사같은 것도 하는 것 같더라구용 거리가 너무 힙하구 특색 있어서 오빠가 외국에 온 것 같다구 했어용~~ 서울 놀러오시는 분들은 해방촌... "", ""bloggername"": ""부산에 사는 너구리탐정"", ""bloggerlink"": ""blog.naver.com/yskysk1119"", ""postdate"": ""20260526""}"
콜라,single_term_fallback,콜라,대전 오류동 술집 서대전네거리역 오뎅바 감성 이자카야... ,https://blog.naver.com/cksfks10042/224297130160,20260526,"거기에 나는 소주 한 잔, 백노무사는 <b>콜라</b> 한 잔으로 ㅋ 금주 중인 사람과 한잔하는 사람이 같은 테이블에서 부담 없이 즐길 수 있다는 것도 이 집이 가진 분위기 덕분이었음. 부산집 불 떡볶이 - 매운맛으로... ",찬란2와 백노무사의 맛나는 인생,blog.naver.com/cksfks10042,naver_blog,콜라,canonical,1.0,2026-05-26T11:01:39.710152+00:00,0,0,0,0,찬란2와 백노무사의 맛나는 인생,"거기에 나는 소주 한 잔, 백노무사는 <b>콜라</b> 한 잔으로 ㅋ 금주 중인 사람과 한잔하는 사람이 같은 테이블에서 부담 없이 즐길 수 있다는 것도 이 집이 가진 분위기 덕분이었음. 부산집 불 떡볶이 - 매운맛으로... ","{""title"": ""대전 오류동 술집 서대전네거리역 오뎅바 감성 이자카야... "", ""link"": ""https://blog.naver.com/cksfks10042/224297130160"", ""description"": ""거기에 나는 소주 한 잔, 백노무사는 <b>콜라</b> 한 잔으로 ㅋ 금주 중인 사람과 한잔하는 사람이 같은 테이블에서 부담 없이 즐길 수 있다는 것도 이 집이 가진 분위기 덕분이었음. 부산집 불 떡볶이 - 매운맛으로... "", ""bloggername"": ""찬란2와 백노무사의 맛나는 인생"", ""bloggerlink"": ""blog.naver.com/cksfks10042"", ""postdate"": ""20260526""}"
콜라,single_term_fallback,콜라,[전북 군산] 99씨엘,https://blog.naver.com/bbne2790/224297130096,20260526,"검색창에 99씨엘 검색하고 영수증 리뷰 작성하면 <b>콜라</b>, 사이다, 환타 중 하나를 서비스로 받을 수 있어요. 이런 건 놓치면 손해잖아요? 다들 꼭 챙겨서 맛있는 음료까지 함께 즐기세요!  ✔️논밭뷰 맛집, 데이트... ",복세편살,blog.naver.com/bbne2790,naver_blog,콜라,canonical,1.0,2026-05-26T11:01:39.710152+00:00,0,0,0,0,복세편살,"검색창에 99씨엘 검색하고 영수증 리뷰 작성하면 <b>콜라</b>, 사이다, 환타 중 하나를 서비스로 받을 수 있어요. 이런 건 놓치면 손해잖아요? 다들 꼭 챙겨서 맛있는 음료까지 함께 즐기세요!  ✔️논밭뷰 맛집, 데이트... ","{""title"": ""[전북 군산] 99씨엘"", ""link"": ""https://blog.naver.com/bbne2790/224297130096"", ""description"": ""검색창에 99씨엘 검색하고 영수증 리뷰 작성하면 <b>콜라</b>, 사이다, 환타 중 하나를 서비스로 받을 수 있어요. 이런 건 놓치면 손해잖아요? 다들 꼭 챙겨서 맛있는 음료까지 함께 즐기세요!  ✔️논밭뷰 맛집, 데이트... "", ""bloggername"": ""복세편살"", ""bloggerlink"": ""blog.naver.com/bbne2790"", ""postdate"": ""20260526""}"
콜라,single_term_fallback,콜라,역삼역 양꼬치 맛집 | 양복점 역삼점,https://blog.naver.com/ssal_goo/224297128735,20260526,"소주 + <b>콜라</b>  마늘꼬치  옥면 이거 진짜 꿀팁인데요 마늘꼬치는 무조건 추가하십셔 다섯꼬치에 3,000원이라 가성비도 엄청나요. 노릇노릇하게 구운 마늘을 양꼬치랑 같이 한 입 먹으면… 이 조합이 왜 국룰인지... ",:,blog.naver.com/ssal_goo,naver_blog,콜라,canonical,1.0,2026-05-26T11:01:39.710152+00:00,0,0,0,0,:,"소주 + <b>콜라</b>  마늘꼬치  옥면 이거 진짜 꿀팁인데요 마늘꼬치는 무조건 추가하십셔 다섯꼬치에 3,000원이라 가성비도 엄청나요. 노릇노릇하게 구운 마늘을 양꼬치랑 같이 한 입 먹으면… 이 조합이 왜 국룰인지... ","{""title"": ""역삼역 양꼬치 맛집 | 양복점 역삼점"", ""link"": ""https://blog.naver.com/ssal_goo/224297128735"", ""description"": ""소주 + <b>콜라</b>  마늘꼬치  옥면 이거 진짜 꿀팁인데요 마늘꼬치는 무조건 추가하십셔 다섯꼬치에 3,000원이라 가성비도 엄청나요. 노릇노릇하게 구운 마늘을 양꼬치랑 같이 한 입 먹으면… 이 조합이 왜 국룰인지... "", ""bloggername"": "":"", ""bloggerlink"": ""blog.naver.com/ssal_goo"", ""postdate"": ""20260526""}"
콜라,single_term_fallback,콜라,"《화로소저(话痨小姐)》 111장, 번외 1",https://blog.naver.com/persephone_2720/224297129139,20260526,"&quot;나 이거 볏속까지 정밀하게 해킹해서 본사 복귀하면 주방 화력 제어 서사에 반영하겠어.&quot; &quot;가성비 훌륭한 버거 맛집이네, 전폭적인 지지를 보낸다, 지장 쾅.&quot; 투밍은 <b>콜라</b>를 들이켜며 루미가 입을 크게 벌려 대형... ",내가 좋아하는..,blog.naver.com/persephone_2720,naver_blog,콜라,canonical,1.0,2026-05-26T11:01:39.710152+00:00,0,0,0,0,내가 좋아하는..,"&quot;나 이거 볏속까지 정밀하게 해킹해서 본사 복귀하면 주방 화력 제어 서사에 반영하겠어.&quot; &quot;가성비 훌륭한 버거 맛집이네, 전폭적인 지지를 보낸다, 지장 쾅.&quot; 투밍은 <b>콜라</b>를 들이켜며 루미가 입을 크게 벌려 대형... ","{""title"": ""《화로소저(话痨小姐)》 111장, 번외 1"", ""link"": ""https://blog.naver.com/persephone_2720/224297129139"", ""description"": ""&quot;나 이거 볏속까지 정밀하게 해킹해서 본사 복귀하면 주방 화력 제어 서사에 반영하겠어.&quot; &quot;가성비 훌륭한 버거 맛집이네, 전폭적인 지지를 보낸다, 지장 쾅.&quot; 투밍은 <b>콜라</b>를 들이켜며 루미가 입을 크게 벌려 대형... "", ""bloggername"": ""내가 좋아하는.."", ""bloggerlink"": ""blog.naver.com/persephone_2720"", ""postdate"": ""20260526""}"
콜라,single_term_fallback,콜라,"퀸스타운 3박4일 (맛집-finz, 파타고니아, Fat Badgers... ",https://blog.naver.com/290day/224295831259,20260526,gl/F549ePjyqRYUipgZ6 주문은 피자 한 판 4만 원 이것저것 다 들어간 피자 주문 피자를 기다리는 동안 근처 아시아마트에서 내일 먹을 컵라면과 <b>콜라</b>를 샀다 피자 나왔어요! 따끈할 때 먹고 싶어서 매장... ,290,blog.naver.com/290day,naver_blog,콜라,canonical,1.0,2026-05-26T11:01:39.710152+00:00,0,0,0,0,290,gl/F549ePjyqRYUipgZ6 주문은 피자 한 판 4만 원 이것저것 다 들어간 피자 주문 피자를 기다리는 동안 근처 아시아마트에서 내일 먹을 컵라면과 <b>콜라</b>를 샀다 피자 나왔어요! 따끈할 때 먹고 싶어서 매장... ,"{""title"": ""퀸스타운 3박4일 (맛집-finz, 파타고니아, Fat Badgers... "", ""link"": ""https://blog.naver.com/290day/224295831259"", ""description"": ""gl/F549ePjyqRYUipgZ6 주문은 피자 한 판 4만 원 이것저것 다 들어간 피자 주문 피자를 기다리는 동안 근처 아시아마트에서 내일 먹을 컵라면과 <b>콜라</b>를 샀다 피자 나왔어요! 따끈할 때 먹고 싶어서 매장... "", ""bloggername"": ""290"", ""bloggerlink"": ""blog.naver.com/290day"", ""postdate"": ""20260526""}"
콜라,single_term_fallback,콜라,합정 분위기 좋은 술집의 기준,https://blog.naver.com/queen_cool/224297128046,20260526,때 <b>콜라</b> 먹으면 눈치 보이고 뻘줌하거든요 블루레몬이라 청량하고 맛있어요 그야말로 초딩 입 맛인 저로서는 음료수를 먹는 느낌 청량하고 톡 쏘는 게 뭐랄까 사이다에 고급 버젼이라고 해야할까? 레몬과 톡... ,"아린월드, 오늘도 새로운 설렘",blog.naver.com/queen_cool,naver_blog,콜라,canonical,1.0,2026-05-26T11:01:39.710152+00:00,0,0,0,0,"아린월드, 오늘도 새로운 설렘",때 <b>콜라</b> 먹으면 눈치 보이고 뻘줌하거든요 블루레몬이라 청량하고 맛있어요 그야말로 초딩 입 맛인 저로서는 음료수를 먹는 느낌 청량하고 톡 쏘는 게 뭐랄까 사이다에 고급 버젼이라고 해야할까? 레몬과 톡... ,"{""title"": ""합정 분위기 좋은 술집의 기준"", ""link"": ""https://blog.naver.com/queen_cool/224297128046"", ""description"": ""때 <b>콜라</b> 먹으면 눈치 보이고 뻘줌하거든요 블루레몬이라 청량하고 맛있어요 그야말로 초딩 입 맛인 저로서는 음료수를 먹는 느낌 청량하고 톡 쏘는 게 뭐랄까 사이다에 고급 버젼이라고 해야할까? 레몬과 톡... "", ""bloggername"": ""아린월드, 오늘도 새로운 설렘"", ""bloggerlink"": ""blog.naver.com/queen_cool"", ""postdate"": ""20260526""}"
콜라,single_term_fallback,콜라,수원영통 피자 파스타 양식 맛집 그로또,https://blog.naver.com/cksl7599/224297127287,20260526,"우리가 주문한 메뉴는 2인 그로또 세트 멕시코 크림 파스타, 차돌박이 듬뿍피자 망고쥬스 ,제로<b>콜라</b> 1 2인 그로또 세트 구성은 모짜렐라 샐러드 + 파스타or리조또 + 피자 + 음료2 가격도 4만원대여서 가성비도... ",:-),blog.naver.com/cksl7599,naver_blog,콜라,canonical,1.0,2026-05-26T11:01:39.710152+00:00,0,0,0,0,:-),"우리가 주문한 메뉴는 2인 그로또 세트 멕시코 크림 파스타, 차돌박이 듬뿍피자 망고쥬스 ,제로<b>콜라</b> 1 2인 그로또 세트 구성은 모짜렐라 샐러드 + 파스타or리조또 + 피자 + 음료2 가격도 4만원대여서 가성비도... ","{""title"": ""수원영통 피자 파스타 양식 맛집 그로또"", ""link"": ""https://blog.naver.com/cksl7599/224297127287"", ""description"": ""우리가 주문한 메뉴는 2인 그로또 세트 멕시코 크림 파스타, 차돌박이 듬뿍피자 망고쥬스 ,제로<b>콜라</b> 1 2인 그로또 세트 구성은 모짜렐라 샐러드 + 파스타or리조또 + 피자 + 음료2 가격도 4만원대여서 가성비도... "", ""bloggername"": "":-)"", ""bloggerlink"": ""blog.naver.com/cksl7599"", ""postdate"": ""20260526""}"
콜라,single_term_fallback,콜라,덕수궁 야간개장 맛집 라멘 먹으러 간 멘츠루 시청점 혼밥 후기,https://blog.naver.com/light_the_universe/224297126108,20260526,"소바는 마제소바와 모츠소바 덮밥류로는 규동과 차슈동(차슈덮밥), 미니 덮밥도 있었습니다~ 수제 가라아게, 닭껍질교자, 교자후라이가 사이드 메뉴였습니다ㅇㅇ 음료는 탄산 음료(코카<b>콜라</b>, 제로, 펩시 제로... ",루의 끄적끄적 일기장,blog.naver.com/light_the_universe,naver_blog,콜라,canonical,1.0,2026-05-26T11:01:39.710152+00:00,0,0,0,0,루의 끄적끄적 일기장,"소바는 마제소바와 모츠소바 덮밥류로는 규동과 차슈동(차슈덮밥), 미니 덮밥도 있었습니다~ 수제 가라아게, 닭껍질교자, 교자후라이가 사이드 메뉴였습니다ㅇㅇ 음료는 탄산 음료(코카<b>콜라</b>, 제로, 펩시 제로... ","{""title"": ""덕수궁 야간개장 맛집 라멘 먹으러 간 멘츠루 시청점 혼밥 후기"", ""link"": ""https://blog.naver.com/light_the_universe/224297126108"", ""description"": ""소바는 마제소바와 모츠소바 덮밥류로는 규동과 차슈동(차슈덮밥), 미니 덮밥도 있었습니다~ 수제 가라아게, 닭껍질교자, 교자후라이가 사이드 메뉴였습니다ㅇㅇ 음료는 탄산 음료(코카<b>콜라</b>, 제로, 펩시 제로... "", ""bloggername"": ""루의 끄적끄적 일기장"", ""bloggerlink"": ""blog.naver.com/light_the_universe"", ""postdate"": ""20260526""}"
콜라,single_term_fallback,콜라,[이탈리아 코모] Santa Pasta | 사장님이 직접 나와 홍보하시던... ,https://blog.naver.com/dongnesaenghwal/224297124589,20260526,"나중에 알고 보니 코카<b>콜라</b>에서 나온 유명한 아이스티 브랜드더라구요ㅋㅋㅋㅋ  복숭아 맛은 우리가 아는 아이스티 맛에 가까워서 무난히 먹기 좋았고,  레몬 맛은 뭔가 탄산이 있었다면 더 맛있었을... ",동네생활,blog.naver.com/dongnesaenghwal,naver_blog,콜라,canonical,1.0,2026-05-26T11:01:39.710152+00:00,0,0,0,0,동네생활,"나중에 알고 보니 코카<b>콜라</b>에서 나온 유명한 아이스티 브랜드더라구요ㅋㅋㅋㅋ  복숭아 맛은 우리가 아는 아이스티 맛에 가까워서 무난히 먹기 좋았고,  레몬 맛은 뭔가 탄산이 있었다면 더 맛있었을... ","{""title"": ""[이탈리아 코모] Santa Pasta | 사장님이 직접 나와 홍보하시던... "", ""link"": ""https://blog.naver.com/dongnesaenghwal/224297124589"", ""description"": ""나중에 알고 보니 코카<b>콜라</b>에서 나온 유명한 아이스티 브랜드더라구요ㅋㅋㅋㅋ  복숭아 맛은 우리가 아는 아이스티 맛에 가까워서 무난히 먹기 좋았고,  레몬 맛은 뭔가 탄산이 있었다면 더 맛있었을... "", ""bloggername"": ""동네생활"", ""bloggerlink"": ""blog.naver.com/dongnesaenghwal"", ""postdate"": ""20260526""}"
콜라,single_term_fallback,콜라,속초 닭강정 맛집 서민갑부 시장닭집 속초 중앙시장 먹거리... ,https://blog.naver.com/silluvcozy/224297123637,20260526,그리고 네이버 리뷰이벤트에 참여하면 제로<b>콜라</b>도 서비스로 받을 수 있으니까 꼭 참여해보시길 바랄게요 ㅎㅎ 마늘닭강정 솔직 후기 제가 알리오올리오를 해먹을 때도 최소 마늘 10알에 다진마늘 1큰술도... ,시리의 집밥일기,blog.naver.com/silluvcozy,naver_blog,콜라,canonical,1.0,2026-05-26T11:01:39.710152+00:00,0,0,0,0,시리의 집밥일기,그리고 네이버 리뷰이벤트에 참여하면 제로<b>콜라</b>도 서비스로 받을 수 있으니까 꼭 참여해보시길 바랄게요 ㅎㅎ 마늘닭강정 솔직 후기 제가 알리오올리오를 해먹을 때도 최소 마늘 10알에 다진마늘 1큰술도... ,"{""title"": ""속초 닭강정 맛집 서민갑부 시장닭집 속초 중앙시장 먹거리... "", ""link"": ""https://blog.naver.com/silluvcozy/224297123637"", ""description"": ""그리고 네이버 리뷰이벤트에 참여하면 제로<b>콜라</b>도 서비스로 받을 수 있으니까 꼭 참여해보시길 바랄게요 ㅎㅎ 마늘닭강정 솔직 후기 제가 알리오올리오를 해먹을 때도 최소 마늘 10알에 다진마늘 1큰술도... "", ""bloggername"": ""시리의 집밥일기"", ""bloggerlink"": ""blog.naver.com/silluvcozy"", ""postdate"": ""20260526""}"
콜라,single_term_fallback,콜라,릴렉스프로 팟 2% 고농도부터 기본 함량까지 맛 종류와 후기,https://blog.naver.com/apple6175/224297122806,20260526,싶습니다 <b>콜라</b> 1% / 2% 달짝지근한 <b>콜라</b> 맛이 청량하게 입안 가득 퍼지며 깔끔한 쿨링감으로 마무리가 되는데 생각보다 단향이 물리지 않고 지속적으로 사용하기에도 좋은 것 같더라구요 파인애플 1% / 2... ,원더베이프 마곡,blog.naver.com/apple6175,naver_blog,콜라,canonical,1.0,2026-05-26T11:01:39.710152+00:00,0,0,0,0,원더베이프 마곡,싶습니다 <b>콜라</b> 1% / 2% 달짝지근한 <b>콜라</b> 맛이 청량하게 입안 가득 퍼지며 깔끔한 쿨링감으로 마무리가 되는데 생각보다 단향이 물리지 않고 지속적으로 사용하기에도 좋은 것 같더라구요 파인애플 1% / 2... ,"{""title"": ""릴렉스프로 팟 2% 고농도부터 기본 함량까지 맛 종류와 후기"", ""link"": ""https://blog.naver.com/apple6175/224297122806"", ""description"": ""싶습니다 <b>콜라</b> 1% / 2% 달짝지근한 <b>콜라</b> 맛이 청량하게 입안 가득 퍼지며 깔끔한 쿨링감으로 마무리가 되는데 생각보다 단향이 물리지 않고 지속적으로 사용하기에도 좋은 것 같더라구요 파인애플 1% / 2... "", ""bloggername"": ""원더베이프 마곡"", ""bloggerlink"": ""blog.naver.com/apple6175"", ""postdate"": ""20260526""}"
콜라,single_term_fallback,콜라,[인천 송도] 송해도 :: 중국집의 정석 자극적이지 않은 맛,https://blog.naver.com/fulfilled_foolfilled/224297122079,20260526,"가오픈때 갔더니 사진이 등록 안되어있었는데 단품 구매시 짜장 9,000 간짜장 12,000 짬뽕 10,000 짜장밥 10,000 탕수육 소 20,000 중 32,000 음료는 제로<b>콜라</b>까지 있는 좋은곳 저는 이때 이벤트가로 짜장 짬뽕 탕수육을... ",꽉 채운 블로그,blog.naver.com/fulfilled_foolfilled,naver_blog,콜라,canonical,1.0,2026-05-26T11:01:39.710152+00:00,0,0,0,0,꽉 채운 블로그,"가오픈때 갔더니 사진이 등록 안되어있었는데 단품 구매시 짜장 9,000 간짜장 12,000 짬뽕 10,000 짜장밥 10,000 탕수육 소 20,000 중 32,000 음료는 제로<b>콜라</b>까지 있는 좋은곳 저는 이때 이벤트가로 짜장 짬뽕 탕수육을... ","{""title"": ""[인천 송도] 송해도 :: 중국집의 정석 자극적이지 않은 맛"", ""link"": ""https://blog.naver.com/fulfilled_foolfilled/224297122079"", ""description"": ""가오픈때 갔더니 사진이 등록 안되어있었는데 단품 구매시 짜장 9,000 간짜장 12,000 짬뽕 10,000 짜장밥 10,000 탕수육 소 20,000 중 32,000 음료는 제로<b>콜라</b>까지 있는 좋은곳 저는 이때 이벤트가로 짜장 짬뽕 탕수육을... "", ""bloggername"": ""꽉 채운 블로그"", ""bloggerlink"": ""blog.naver.com/fulfilled_foolfilled"", ""postdate"": ""20260526""}"
콜라,single_term_fallback,콜라,물감 얼룩빼기 얼룩 프로도 페인트 세탁법과 옷얼룩지우는법,https://www.bluelog.kr/100588,20260526,"사이다, <b>콜라</b>, 주스 엷은 소금물에 가제를 적셔 두드리듯이 닦아내면 유화 물감 먼저 테레빈유로 닦고 다리미로 얼룩빼기 말린 , 신나로 두드리듯이 닦는다. ▷보면 옷이나 카펫, 가구 등에 커피 얼룩이... ",bluelog.kr,https://www.bluelog.kr/,naver_blog,콜라,canonical,1.0,2026-05-26T11:01:39.710152+00:00,0,0,0,0,bluelog.kr,"사이다, <b>콜라</b>, 주스 엷은 소금물에 가제를 적셔 두드리듯이 닦아내면 유화 물감 먼저 테레빈유로 닦고 다리미로 얼룩빼기 말린 , 신나로 두드리듯이 닦는다. ▷보면 옷이나 카펫, 가구 등에 커피 얼룩이... ","{""title"": ""물감 얼룩빼기 얼룩 프로도 페인트 세탁법과 옷얼룩지우는법"", ""link"": ""https://www.bluelog.kr/100588"", ""description"": ""사이다, <b>콜라</b>, 주스 엷은 소금물에 가제를 적셔 두드리듯이 닦아내면 유화 물감 먼저 테레빈유로 닦고 다리미로 얼룩빼기 말린 , 신나로 두드리듯이 닦는다. ▷보면 옷이나 카펫, 가구 등에 커피 얼룩이... "", ""bloggername"": ""bluelog.kr"", ""bloggerlink"": ""https://www.bluelog.kr/"", ""postdate"": ""20260526""}"
콜라,single_term_fallback,콜라,[상봉 맛집] 에그드랍 상봉역점 | 든든한 한 끼 가능한 샌드위치... ,https://blog.naver.com/choyh0104/224297119566,20260526,"디즈니 <b>콜라</b>보 매장이라 외관부터 눈길이 가더라구요!! 미키마우스랑 미니마우스, 도널드덕... 디즈니 <b>콜라</b>보 굿즈도 따로 진열되어 있었어요!! ㅎㅎ 미키 키링이랑 미니 키링 같은 다양한 굿즈들이 판매되고... ","디자이너 프린이의 핫플 맛집, 꿀팁 기록:*+.",blog.naver.com/choyh0104,naver_blog,콜라,canonical,1.0,2026-05-26T11:01:39.710152+00:00,0,0,0,0,"디자이너 프린이의 핫플 맛집, 꿀팁 기록:*+.","디즈니 <b>콜라</b>보 매장이라 외관부터 눈길이 가더라구요!! 미키마우스랑 미니마우스, 도널드덕... 디즈니 <b>콜라</b>보 굿즈도 따로 진열되어 있었어요!! ㅎㅎ 미키 키링이랑 미니 키링 같은 다양한 굿즈들이 판매되고... ","{""title"": ""[상봉 맛집] 에그드랍 상봉역점 | 든든한 한 끼 가능한 샌드위치... "", ""link"": ""https://blog.naver.com/choyh0104/224297119566"", ""description"": ""디즈니 <b>콜라</b>보 매장이라 외관부터 눈길이 가더라구요!! 미키마우스랑 미니마우스, 도널드덕... 디즈니 <b>콜라</b>보 굿즈도 따로 진열되어 있었어요!! ㅎㅎ 미키 키링이랑 미니 키링 같은 다양한 굿즈들이 판매되고... "", ""bloggername"": ""디자이너 프린이의 핫플 맛집, 꿀팁 기록:*+."", ""bloggerlink"": ""blog.naver.com/choyh0104"", ""postdate"": ""20260526""}"
콜라,single_term_fallback,콜라,[강릉 여행] 중앙시장 내돈내산 먹거리 투어! (주차장 꿀팁... ,https://blog.naver.com/junwoo_91/224293678359,20260526,"통 두 개에 한개는 <b>콜라</b>맛, 한개는 복숭아맛으로 가득 채웠어요. 더운 날씨에 시원한 슬러시 한 모금 쭉 마시니 더위가 싹 가시는 기분이었어요. 아이도 예쁜 통 덕분에 기분이 최고조에 달했답니다. (4) 비주얼... ",Great hopes make great men.,blog.naver.com/junwoo_91,naver_blog,콜라,canonical,1.0,2026-05-26T11:01:39.710152+00:00,0,0,0,0,Great hopes make great men.,"통 두 개에 한개는 <b>콜라</b>맛, 한개는 복숭아맛으로 가득 채웠어요. 더운 날씨에 시원한 슬러시 한 모금 쭉 마시니 더위가 싹 가시는 기분이었어요. 아이도 예쁜 통 덕분에 기분이 최고조에 달했답니다. (4) 비주얼... ","{""title"": ""[강릉 여행] 중앙시장 내돈내산 먹거리 투어! (주차장 꿀팁... "", ""link"": ""https://blog.naver.com/junwoo_91/224293678359"", ""description"": ""통 두 개에 한개는 <b>콜라</b>맛, 한개는 복숭아맛으로 가득 채웠어요. 더운 날씨에 시원한 슬러시 한 모금 쭉 마시니 더위가 싹 가시는 기분이었어요. 아이도 예쁜 통 덕분에 기분이 최고조에 달했답니다. (4) 비주얼... "", ""bloggername"": ""Great hopes make great men."", ""bloggerlink"": ""blog.naver.com/junwoo_91"", ""postdate"": ""20260526""}"
콜라,single_term_fallback,콜라,등촌샤브칼국수 구로점 방문후기│내돈내산│구로구청 맛집,https://blog.naver.com/nalong2307/224291281774,20260526,"일반<b>콜라</b>, 환타, 제로<b>콜라</b>, 사이다가 있습니다. 저희는 칼국수 2인분을 시키고 당시 배가많이고파 고기 3개를 시켰습니다. 이렇게 칼국수가 나오는데 우선 국물이 끓으면 야채먼저 건져먹고 그 다음엔 고기... ",항상 이따~만큼 행복하세요!,blog.naver.com/nalong2307,naver_blog,콜라,canonical,1.0,2026-05-26T11:01:39.710152+00:00,0,0,0,0,항상 이따~만큼 행복하세요!,"일반<b>콜라</b>, 환타, 제로<b>콜라</b>, 사이다가 있습니다. 저희는 칼국수 2인분을 시키고 당시 배가많이고파 고기 3개를 시켰습니다. 이렇게 칼국수가 나오는데 우선 국물이 끓으면 야채먼저 건져먹고 그 다음엔 고기... ","{""title"": ""등촌샤브칼국수 구로점 방문후기│내돈내산│구로구청 맛집"", ""link"": ""https://blog.naver.com/nalong2307/224291281774"", ""description"": ""일반<b>콜라</b>, 환타, 제로<b>콜라</b>, 사이다가 있습니다. 저희는 칼국수 2인분을 시키고 당시 배가많이고파 고기 3개를 시켰습니다. 이렇게 칼국수가 나오는데 우선 국물이 끓으면 야채먼저 건져먹고 그 다음엔 고기... "", ""bloggername"": ""항상 이따~만큼 행복하세요!"", ""bloggerlink"": ""blog.naver.com/nalong2307"", ""postdate"": ""20260526""}"
콜라,single_term_fallback,콜라,양재역 삼겹살 맛집 식껍 서초직영점 후기 | 양재역 근처 맛집... ,https://blog.naver.com/0l04s/224296774698,20260526,"7,0 <b>콜라</b>/사이다/토닉워트 3,0 레몬 슬라이스 2,0 [와인] 스페셜 와인 4종 세트 9,0 봄날의 꽃 처럼 29.0 / 5,9 행복한 하루 29.0 / 5,9 한걸음씩 걷다보면 29,0 / 5,9 지금이순간 29,0 / 5,9 수고했어, 오늘도 39,0 / 7,9... ",다욘로그♪(´ε｀*),blog.naver.com/0l04s,naver_blog,콜라,canonical,1.0,2026-05-26T11:01:39.710152+00:00,0,0,0,0,다욘로그♪(´ε｀*),"7,0 <b>콜라</b>/사이다/토닉워트 3,0 레몬 슬라이스 2,0 [와인] 스페셜 와인 4종 세트 9,0 봄날의 꽃 처럼 29.0 / 5,9 행복한 하루 29.0 / 5,9 한걸음씩 걷다보면 29,0 / 5,9 지금이순간 29,0 / 5,9 수고했어, 오늘도 39,0 / 7,9... ","{""title"": ""양재역 삼겹살 맛집 식껍 서초직영점 후기 | 양재역 근처 맛집... "", ""link"": ""https://blog.naver.com/0l04s/224296774698"", ""description"": ""7,0 <b>콜라</b>/사이다/토닉워트 3,0 레몬 슬라이스 2,0 [와인] 스페셜 와인 4종 세트 9,0 봄날의 꽃 처럼 29.0 / 5,9 행복한 하루 29.0 / 5,9 한걸음씩 걷다보면 29,0 / 5,9 지금이순간 29,0 / 5,9 수고했어, 오늘도 39,0 / 7,9... "", ""bloggername"": ""다욘로그♪(´ε｀*)"", ""bloggerlink"": ""blog.naver.com/0l04s"", ""postdate"": ""20260526""}"
콜라,single_term_fallback,콜라,나트랑 해산물 맛집｜동하이 씨푸드 솔직 후기 (치즈 가리비 추천),https://blog.naver.com/llk33/224295040641,20260526,"먼저 시원하게 <b>콜라</b>랑 맥주 치즈 가리비 구이 (Grilled Scallops with Cheese) 185,000동 (약 10,000원) 가리비 위에 노란 치즈가 올라가있는데, 와... 진짜 너무 맛있었다. 이거만 또 먹으러 가고 싶은 정도... ",캡망의 기록장 ✍ 일상+먹방+여행까지,blog.naver.com/llk33,naver_blog,콜라,canonical,1.0,2026-05-26T11:01:39.710152+00:00,0,0,0,0,캡망의 기록장 ✍ 일상+먹방+여행까지,"먼저 시원하게 <b>콜라</b>랑 맥주 치즈 가리비 구이 (Grilled Scallops with Cheese) 185,000동 (약 10,000원) 가리비 위에 노란 치즈가 올라가있는데, 와... 진짜 너무 맛있었다. 이거만 또 먹으러 가고 싶은 정도... ","{""title"": ""나트랑 해산물 맛집｜동하이 씨푸드 솔직 후기 (치즈 가리비 추천)"", ""link"": ""https://blog.naver.com/llk33/224295040641"", ""description"": ""먼저 시원하게 <b>콜라</b>랑 맥주 치즈 가리비 구이 (Grilled Scallops with Cheese) 185,000동 (약 10,000원) 가리비 위에 노란 치즈가 올라가있는데, 와... 진짜 너무 맛있었다. 이거만 또 먹으러 가고 싶은 정도... "", ""bloggername"": ""캡망의 기록장 ✍ 일상+먹방+여행까지"", ""bloggerlink"": ""blog.naver.com/llk33"", ""postdate"": ""20260526""}"
콜라,single_term_fallback,콜라,로니스개러지 종로피자맛집  대구종로맛집 종로피맥추천... ,https://blog.naver.com/ownerjangg/224295797412,20260526,"(제 픽 하나, 남편 픽 하나) 루꼴라랜치 &amp; 페퍼로니 반반 레귤러 25,000원 *도우 선택 가능 / 저는 팬도우 선택했어요ㅎㅎ 글라스 와인 1잔 7,500원 탄산음료 <b>콜라</b> 3,000원 이렇게 주문했습니다! 주문 후 가져다주신... ",green_yul,blog.naver.com/ownerjangg,naver_blog,콜라,canonical,1.0,2026-05-26T11:01:39.710152+00:00,0,0,0,0,green_yul,"(제 픽 하나, 남편 픽 하나) 루꼴라랜치 &amp; 페퍼로니 반반 레귤러 25,000원 *도우 선택 가능 / 저는 팬도우 선택했어요ㅎㅎ 글라스 와인 1잔 7,500원 탄산음료 <b>콜라</b> 3,000원 이렇게 주문했습니다! 주문 후 가져다주신... ","{""title"": ""로니스개러지 종로피자맛집  대구종로맛집 종로피맥추천... "", ""link"": ""https://blog.naver.com/ownerjangg/224295797412"", ""description"": ""(제 픽 하나, 남편 픽 하나) 루꼴라랜치 &amp; 페퍼로니 반반 레귤러 25,000원 *도우 선택 가능 / 저는 팬도우 선택했어요ㅎㅎ 글라스 와인 1잔 7,500원 탄산음료 <b>콜라</b> 3,000원 이렇게 주문했습니다! 주문 후 가져다주신... "", ""bloggername"": ""green_yul"", ""bloggerlink"": ""blog.naver.com/ownerjangg"", ""postdate"": ""20260526""}"
콜라,single_term_fallback,콜라,주식 장기투자 초보도 성공하는 전략과 주의사항,https://sibauchi.tistory.com/908,20260526,"코카<b>콜라</b>, 버크셔 해서웨이 테슬라, 아마존 평균 수익률 (가정치) 연 8~10% 연 15~20% (변동성 높음) 💡 상황별 최적의 선택 추천 안정적인 투자를 원하는 초보 투자자 (자본금 5천만원) 초보 투자자에게는 가치 투자... ",Falconer's Teatime :: 이제는 말하고 말겠다-라멘토 비평,https://sibauchi.tistory.com/,naver_blog,콜라,canonical,1.0,2026-05-26T11:01:39.710152+00:00,0,0,0,0,Falconer's Teatime :: 이제는 말하고 말겠다-라멘토 비평,"코카<b>콜라</b>, 버크셔 해서웨이 테슬라, 아마존 평균 수익률 (가정치) 연 8~10% 연 15~20% (변동성 높음) 💡 상황별 최적의 선택 추천 안정적인 투자를 원하는 초보 투자자 (자본금 5천만원) 초보 투자자에게는 가치 투자... ","{""title"": ""주식 장기투자 초보도 성공하는 전략과 주의사항"", ""link"": ""https://sibauchi.tistory.com/908"", ""description"": ""코카<b>콜라</b>, 버크셔 해서웨이 테슬라, 아마존 평균 수익률 (가정치) 연 8~10% 연 15~20% (변동성 높음) 💡 상황별 최적의 선택 추천 안정적인 투자를 원하는 초보 투자자 (자본금 5천만원) 초보 투자자에게는 가치 투자... "", ""bloggername"": ""Falconer's Teatime :: 이제는 말하고 말겠다-라멘토 비평"", ""bloggerlink"": ""https://sibauchi.tistory.com/"", ""postdate"": ""20260526""}"
콜라,single_term_fallback,콜라,구래동술집 엉클조 소시지 김포구래점에서 야구도 보고 맥주도... ,https://blog.naver.com/dbqls0307/224297119394,20260526,눈꽃치즈 올라간 감튀도 너무 맛있죠 엉클조소시지 김포구래점은 <b>콜라</b>를 시키면 병<b>콜라</b>를 줍니다! 무조건 시키세요ㅋㅋㅋ 술 못드시는 분이 계셔서 주문한 콜란데 다같이 나눠먹었습니다. 돈가스 추가주문... ,땃쥐소굴,blog.naver.com/dbqls0307,naver_blog,콜라,canonical,1.0,2026-05-26T11:01:39.710152+00:00,0,0,0,0,땃쥐소굴,눈꽃치즈 올라간 감튀도 너무 맛있죠 엉클조소시지 김포구래점은 <b>콜라</b>를 시키면 병<b>콜라</b>를 줍니다! 무조건 시키세요ㅋㅋㅋ 술 못드시는 분이 계셔서 주문한 콜란데 다같이 나눠먹었습니다. 돈가스 추가주문... ,"{""title"": ""구래동술집 엉클조 소시지 김포구래점에서 야구도 보고 맥주도... "", ""link"": ""https://blog.naver.com/dbqls0307/224297119394"", ""description"": ""눈꽃치즈 올라간 감튀도 너무 맛있죠 엉클조소시지 김포구래점은 <b>콜라</b>를 시키면 병<b>콜라</b>를 줍니다! 무조건 시키세요ㅋㅋㅋ 술 못드시는 분이 계셔서 주문한 콜란데 다같이 나눠먹었습니다. 돈가스 추가주문... "", ""bloggername"": ""땃쥐소굴"", ""bloggerlink"": ""blog.naver.com/dbqls0307"", ""postdate"": ""20260526""}"
콜라,single_term_fallback,콜라,"카페,베이커리 우유 및 휘핑크림은어디??추천",https://blog.naver.com/wys21c/224297118448,20260526,"코카<b>콜라</b>, 롯데칠성, 동아오츠카 공식 종합음료, 쿨피스, 쥬시쿨, 캔음료, 시럽, 파우더, 스무디 베이스, 냉동과일  소모품·생수: 먹는 샘물, 행사장/체육대회/식당용 얼음물 및 얼음, 빨대 및 테이크아웃... ","하나종합물류(카페우유,치즈,식당음료,생크림,식자재",blog.naver.com/wys21c,naver_blog,콜라,canonical,1.0,2026-05-26T11:01:39.710152+00:00,0,0,0,0,"하나종합물류(카페우유,치즈,식당음료,생크림,식자재","코카<b>콜라</b>, 롯데칠성, 동아오츠카 공식 종합음료, 쿨피스, 쥬시쿨, 캔음료, 시럽, 파우더, 스무디 베이스, 냉동과일  소모품·생수: 먹는 샘물, 행사장/체육대회/식당용 얼음물 및 얼음, 빨대 및 테이크아웃... ","{""title"": ""카페,베이커리 우유 및 휘핑크림은어디??추천"", ""link"": ""https://blog.naver.com/wys21c/224297118448"", ""description"": ""코카<b>콜라</b>, 롯데칠성, 동아오츠카 공식 종합음료, 쿨피스, 쥬시쿨, 캔음료, 시럽, 파우더, 스무디 베이스, 냉동과일  소모품·생수: 먹는 샘물, 행사장/체육대회/식당용 얼음물 및 얼음, 빨대 및 테이크아웃... "", ""bloggername"": ""하나종합물류(카페우유,치즈,식당음료,생크림,식자재"", ""bloggerlink"": ""blog.naver.com/wys21c"", ""postdate"": ""20260526""}"
콜라,single_term_fallback,콜라,요로결석초기증상 옆구리의 이상 신호 단순 근육통일까요 초기... ,https://blog.naver.com/clerk10969/224297118498,20260526,"만약 소변이 핑크빛이나 <b>콜라</b>색으로 변한다면, 이는 심각한 경고 신호일 수 있으므로 즉시 체크해야 합니다. 체한 것처럼 느껴진다면 즉시 점검하세요. 또한, 요로결석이 진행되면 체한 것처럼 속이... ",clerk10969님의 블로그,blog.naver.com/clerk10969,naver_blog,콜라,canonical,1.0,2026-05-26T11:01:39.710152+00:00,0,0,0,0,clerk10969님의 블로그,"만약 소변이 핑크빛이나 <b>콜라</b>색으로 변한다면, 이는 심각한 경고 신호일 수 있으므로 즉시 체크해야 합니다. 체한 것처럼 느껴진다면 즉시 점검하세요. 또한, 요로결석이 진행되면 체한 것처럼 속이... ","{""title"": ""요로결석초기증상 옆구리의 이상 신호 단순 근육통일까요 초기... "", ""link"": ""https://blog.naver.com/clerk10969/224297118498"", ""description"": ""만약 소변이 핑크빛이나 <b>콜라</b>색으로 변한다면, 이는 심각한 경고 신호일 수 있으므로 즉시 체크해야 합니다. 체한 것처럼 느껴진다면 즉시 점검하세요. 또한, 요로결석이 진행되면 체한 것처럼 속이... "", ""bloggername"": ""clerk10969님의 블로그"", ""bloggerlink"": ""blog.naver.com/clerk10969"", ""postdate"": ""20260526""}"
콜라,single_term_fallback,콜라,KFC 오리지널통다리 빅그레이비 영지s pick 비추 짜도 너무 짜,https://blog.naver.com/fromj402/224297118616,20260526,(징거+오리지널통다리2조각+빅그레이비 +살사소스+<b>콜라</b>) KFC 빅그레이비 1900원 저는 원래도 트러플치르르통다리라던지 핫그리스피통다리를 매쉬포테이토 그레이비에 찍어먹는 것을 엄청 좋아해서 이번... ,beautiful you,blog.naver.com/fromj402,naver_blog,콜라,canonical,1.0,2026-05-26T11:01:39.710152+00:00,0,0,0,0,beautiful you,(징거+오리지널통다리2조각+빅그레이비 +살사소스+<b>콜라</b>) KFC 빅그레이비 1900원 저는 원래도 트러플치르르통다리라던지 핫그리스피통다리를 매쉬포테이토 그레이비에 찍어먹는 것을 엄청 좋아해서 이번... ,"{""title"": ""KFC 오리지널통다리 빅그레이비 영지s pick 비추 짜도 너무 짜"", ""link"": ""https://blog.naver.com/fromj402/224297118616"", ""description"": ""(징거+오리지널통다리2조각+빅그레이비 +살사소스+<b>콜라</b>) KFC 빅그레이비 1900원 저는 원래도 트러플치르르통다리라던지 핫그리스피통다리를 매쉬포테이토 그레이비에 찍어먹는 것을 엄청 좋아해서 이번... "", ""bloggername"": ""beautiful you"", ""bloggerlink"": ""blog.naver.com/fromj402"", ""postdate"": ""20260526""}"
콜라,single_term_fallback,콜라,주식 처음이면 '이것'만은 알고 시작하세요!,https://blog.naver.com/yuhighlab/224297117645,20260526,우량주 튼튼하고 오래된 큰 기업 주식  예: 삼성전자 애플 코카<b>콜라</b> ✔ 망할 확률이 상대적으로 낮음 ✔ 초보들이 많이 시작하는 종목 .  매수 / 매도 ✔ 매수 → 주식 사는 것  “삼성전자 샀다” ✔ 매도 → 주식... ,유하이랩 | 안 무너지는 돈공부,blog.naver.com/yuhighlab,naver_blog,콜라,canonical,1.0,2026-05-26T11:01:39.710152+00:00,0,0,0,0,유하이랩 | 안 무너지는 돈공부,우량주 튼튼하고 오래된 큰 기업 주식  예: 삼성전자 애플 코카<b>콜라</b> ✔ 망할 확률이 상대적으로 낮음 ✔ 초보들이 많이 시작하는 종목 .  매수 / 매도 ✔ 매수 → 주식 사는 것  “삼성전자 샀다” ✔ 매도 → 주식... ,"{""title"": ""주식 처음이면 '이것'만은 알고 시작하세요!"", ""link"": ""https://blog.naver.com/yuhighlab/224297117645"", ""description"": ""우량주 튼튼하고 오래된 큰 기업 주식  예: 삼성전자 애플 코카<b>콜라</b> ✔ 망할 확률이 상대적으로 낮음 ✔ 초보들이 많이 시작하는 종목 .  매수 / 매도 ✔ 매수 → 주식 사는 것  “삼성전자 샀다” ✔ 매도 → 주식... "", ""bloggername"": ""유하이랩 | 안 무너지는 돈공부"", ""bloggerlink"": ""blog.naver.com/yuhighlab"", ""postdate"": ""20260526""}"
콜라,single_term_fallback,콜라,"부산 1일차 수변최고돼지국밥, 광안리 라푀유, 소품샵... ",https://blog.naver.com/yells_soap/224297117337,20260526,히동오빠 픽 페리카나랑 준호오빠 픽 허니콤보 주문해서 우리끼리 2차~ 나도 소맥같지만 사콜(사이다<b>콜라</b>) ㅋㅋㅋ여행 내내 사콜 마시면서 소맥팸에 합류한 척 ㅜㅜ 즐겁게 수다떨다가 평택에서 구매해 온... ,yells_daily,blog.naver.com/yells_soap,naver_blog,콜라,canonical,1.0,2026-05-26T11:01:39.710152+00:00,0,0,0,0,yells_daily,히동오빠 픽 페리카나랑 준호오빠 픽 허니콤보 주문해서 우리끼리 2차~ 나도 소맥같지만 사콜(사이다<b>콜라</b>) ㅋㅋㅋ여행 내내 사콜 마시면서 소맥팸에 합류한 척 ㅜㅜ 즐겁게 수다떨다가 평택에서 구매해 온... ,"{""title"": ""부산 1일차 수변최고돼지국밥, 광안리 라푀유, 소품샵... "", ""link"": ""https://blog.naver.com/yells_soap/224297117337"", ""description"": ""히동오빠 픽 페리카나랑 준호오빠 픽 허니콤보 주문해서 우리끼리 2차~ 나도 소맥같지만 사콜(사이다<b>콜라</b>) ㅋㅋㅋ여행 내내 사콜 마시면서 소맥팸에 합류한 척 ㅜㅜ 즐겁게 수다떨다가 평택에서 구매해 온... "", ""bloggername"": ""yells_daily"", ""bloggerlink"": ""blog.naver.com/yells_soap"", ""postdate"": ""20260526""}"
콜라,single_term_fallback,콜라,"판교 맛집, 파스타가 맛있는 세렌",https://blog.naver.com/cmwcww/224297115685,20260526,"세렌 메뉴 주문메뉴 리코타치즈샐러드 20,500원 초리조피자 24,000원 페쉐 24,000원 제로<b>콜라</b> 3,500원 먼저 리코타샐러드입니다. 상큼한 소스에 견과류까지 들어있어서 정말 맛있게 먹었어요. 샐러드와 빵이 함께... ",ME로그,blog.naver.com/cmwcww,naver_blog,콜라,canonical,1.0,2026-05-26T11:01:39.710152+00:00,0,0,0,0,ME로그,"세렌 메뉴 주문메뉴 리코타치즈샐러드 20,500원 초리조피자 24,000원 페쉐 24,000원 제로<b>콜라</b> 3,500원 먼저 리코타샐러드입니다. 상큼한 소스에 견과류까지 들어있어서 정말 맛있게 먹었어요. 샐러드와 빵이 함께... ","{""title"": ""판교 맛집, 파스타가 맛있는 세렌"", ""link"": ""https://blog.naver.com/cmwcww/224297115685"", ""description"": ""세렌 메뉴 주문메뉴 리코타치즈샐러드 20,500원 초리조피자 24,000원 페쉐 24,000원 제로<b>콜라</b> 3,500원 먼저 리코타샐러드입니다. 상큼한 소스에 견과류까지 들어있어서 정말 맛있게 먹었어요. 샐러드와 빵이 함께... "", ""bloggername"": ""ME로그"", ""bloggerlink"": ""blog.naver.com/cmwcww"", ""postdate"": ""20260526""}"
콜라,single_term_fallback,콜라,&quot;새 선장이 첫 항해에서 한 일&quot; 버크셔 해서웨이 13F [2],https://blog.naver.com/bmovaluetalks/224297114783,20260526,참고: Q1 2026 기준 버크셔 상위 5개 종목 — 1위 애플(AAPL) 21.99% / 2위 아메리칸 익스프레스(AXP) 17.43% / 3위 코카<b>콜라</b>(KO) 11.56% / 4위 뱅크오브아메리카(BAC) 9.52% / 5위 셰브론(CVX) 6.64%. 상위 5개 합산 비중 67.14... ,BMO Value Talks님의 블로그,blog.naver.com/bmovaluetalks,naver_blog,콜라,canonical,1.0,2026-05-26T11:01:39.710152+00:00,0,0,0,0,BMO Value Talks님의 블로그,참고: Q1 2026 기준 버크셔 상위 5개 종목 — 1위 애플(AAPL) 21.99% / 2위 아메리칸 익스프레스(AXP) 17.43% / 3위 코카<b>콜라</b>(KO) 11.56% / 4위 뱅크오브아메리카(BAC) 9.52% / 5위 셰브론(CVX) 6.64%. 상위 5개 합산 비중 67.14... ,"{""title"": ""&quot;새 선장이 첫 항해에서 한 일&quot; 버크셔 해서웨이 13F [2]"", ""link"": ""https://blog.naver.com/bmovaluetalks/224297114783"", ""description"": ""참고: Q1 2026 기준 버크셔 상위 5개 종목 — 1위 애플(AAPL) 21.99% / 2위 아메리칸 익스프레스(AXP) 17.43% / 3위 코카<b>콜라</b>(KO) 11.56% / 4위 뱅크오브아메리카(BAC) 9.52% / 5위 셰브론(CVX) 6.64%. 상위 5개 합산 비중 67.14... "", ""bloggername"": ""BMO Value Talks님의 블로그"", ""bloggerlink"": ""blog.naver.com/bmovaluetalks"", ""postdate"": ""20260526""}"
콜라,single_term_fallback,콜라,맥도날드 앱쿠폰으로 할인받고 즐기는 맥날…맥도날드... ,https://blog.naver.com/tjrgus0824/224297114038,20260526,<b>콜라</b>는 양심상 제로<b>콜라</b> <b>콜라</b>는 양심상 제로<b>콜라</b>로 주문. 햄버거 두 개 먹으면서 제로<b>콜라</b> 시키면 뭔가 양심이 살아있는 느낌 있음ㅋㅋ 이미 탄수화물과 패티와 소스를 몸에 넣고 있지만 “그래도 <b>콜라</b>는... ,영서티의 생기부,blog.naver.com/tjrgus0824,naver_blog,콜라,canonical,1.0,2026-05-26T11:01:39.710152+00:00,0,0,0,0,영서티의 생기부,<b>콜라</b>는 양심상 제로<b>콜라</b> <b>콜라</b>는 양심상 제로<b>콜라</b>로 주문. 햄버거 두 개 먹으면서 제로<b>콜라</b> 시키면 뭔가 양심이 살아있는 느낌 있음ㅋㅋ 이미 탄수화물과 패티와 소스를 몸에 넣고 있지만 “그래도 <b>콜라</b>는... ,"{""title"": ""맥도날드 앱쿠폰으로 할인받고 즐기는 맥날…맥도날드... "", ""link"": ""https://blog.naver.com/tjrgus0824/224297114038"", ""description"": ""<b>콜라</b>는 양심상 제로<b>콜라</b> <b>콜라</b>는 양심상 제로<b>콜라</b>로 주문. 햄버거 두 개 먹으면서 제로<b>콜라</b> 시키면 뭔가 양심이 살아있는 느낌 있음ㅋㅋ 이미 탄수화물과 패티와 소스를 몸에 넣고 있지만 “그래도 <b>콜라</b>는... "", ""bloggername"": ""영서티의 생기부"", ""bloggerlink"": ""blog.naver.com/tjrgus0824"", ""postdate"": ""20260526""}"
콜라,single_term_fallback,콜라,"부산 광안리 오션뷰 맛집 추천 , 나사리식당 분위기까지... ",https://blog.naver.com/dkdud1094/224297114340,20260526,후기였습니다 #부산 #부산광안리 #광안리맛집 #데이트추천 #오션뷰맛집 #부산오션뷰맛집 #광안리오션뷰맛집 #광안대교 #광안리 #해물칼국수 #충무김밥 #해물파전 #<b>콜라</b> #간장 #후추 #점심맛집 #저녘맛집... ,끄적끄적 제주기록공간,blog.naver.com/dkdud1094,naver_blog,콜라,canonical,1.0,2026-05-26T11:01:39.710152+00:00,0,0,0,0,끄적끄적 제주기록공간,후기였습니다 #부산 #부산광안리 #광안리맛집 #데이트추천 #오션뷰맛집 #부산오션뷰맛집 #광안리오션뷰맛집 #광안대교 #광안리 #해물칼국수 #충무김밥 #해물파전 #<b>콜라</b> #간장 #후추 #점심맛집 #저녘맛집... ,"{""title"": ""부산 광안리 오션뷰 맛집 추천 , 나사리식당 분위기까지... "", ""link"": ""https://blog.naver.com/dkdud1094/224297114340"", ""description"": ""후기였습니다 #부산 #부산광안리 #광안리맛집 #데이트추천 #오션뷰맛집 #부산오션뷰맛집 #광안리오션뷰맛집 #광안대교 #광안리 #해물칼국수 #충무김밥 #해물파전 #<b>콜라</b> #간장 #후추 #점심맛집 #저녘맛집... "", ""bloggername"": ""끄적끄적 제주기록공간"", ""bloggerlink"": ""blog.naver.com/dkdud1094"", ""postdate"": ""20260526""}"
콜라,single_term_fallback,콜라,"[동탄 이자까야] 비스트로 슈토, 데이트하기 좋은 이자까야",https://blog.naver.com/bravechipmunk/224297113221,20260526,한우암소육회 27000원 라구나스덴가꾸 22000원 마구로슈토동 22000원 와일드터키(101 8년) 하이볼 12000원 기린 생맥주 370ml 7000원 제로<b>콜라</b> 3000원 물도 레몬물로 주신다 난 안 먹었지만 하이볼도 맛있지만 특히... ,다람쥐 일상,blog.naver.com/bravechipmunk,naver_blog,콜라,canonical,1.0,2026-05-26T11:01:39.710152+00:00,0,0,0,0,다람쥐 일상,한우암소육회 27000원 라구나스덴가꾸 22000원 마구로슈토동 22000원 와일드터키(101 8년) 하이볼 12000원 기린 생맥주 370ml 7000원 제로<b>콜라</b> 3000원 물도 레몬물로 주신다 난 안 먹었지만 하이볼도 맛있지만 특히... ,"{""title"": ""[동탄 이자까야] 비스트로 슈토, 데이트하기 좋은 이자까야"", ""link"": ""https://blog.naver.com/bravechipmunk/224297113221"", ""description"": ""한우암소육회 27000원 라구나스덴가꾸 22000원 마구로슈토동 22000원 와일드터키(101 8년) 하이볼 12000원 기린 생맥주 370ml 7000원 제로<b>콜라</b> 3000원 물도 레몬물로 주신다 난 안 먹었지만 하이볼도 맛있지만 특히... "", ""bloggername"": ""다람쥐 일상"", ""bloggerlink"": ""blog.naver.com/bravechipmunk"", ""postdate"": ""20260526""}"
콜라,single_term_fallback,콜라,경기광주애견미용.행복한강아지-푸들 <b>콜라</b>~~♡♡,https://blog.naver.com/shim2916/224297113182,20260526,,행복한강아지,blog.naver.com/shim2916,naver_blog,콜라,canonical,1.0,2026-05-26T11:01:39.710152+00:00,0,0,0,0,행복한강아지,,"{""title"": ""경기광주애견미용.행복한강아지-푸들 <b>콜라</b>~~♡♡"", ""link"": ""https://blog.naver.com/shim2916/224297113182"", ""description"": """", ""bloggername"": ""행복한강아지"", ""bloggerlink"": ""blog.naver.com/shim2916"", ""postdate"": ""20260526""}"
콜라,single_term_fallback,콜라,2026-[6] 워런 버핏 삶의 원칙,https://blog.naver.com/hi_ghest/224297112861,20260526,언젠가는 어리석은 경영자가 나타나기 마련이니까요.&quot; 버크셔 해서웨이가 오랜 기간 보유하고 있는 코카<b>콜라</b>는 안정적인 수요를 밑바탕으로 국제시장에서 끊임없는 성장을 해왔다. 하지만 코카<b>콜라</b> 역시... ,blog,blog.naver.com/hi_ghest,naver_blog,콜라,canonical,1.0,2026-05-26T11:01:39.710152+00:00,0,0,0,0,blog,언젠가는 어리석은 경영자가 나타나기 마련이니까요.&quot; 버크셔 해서웨이가 오랜 기간 보유하고 있는 코카<b>콜라</b>는 안정적인 수요를 밑바탕으로 국제시장에서 끊임없는 성장을 해왔다. 하지만 코카<b>콜라</b> 역시... ,"{""title"": ""2026-[6] 워런 버핏 삶의 원칙"", ""link"": ""https://blog.naver.com/hi_ghest/224297112861"", ""description"": ""언젠가는 어리석은 경영자가 나타나기 마련이니까요.&quot; 버크셔 해서웨이가 오랜 기간 보유하고 있는 코카<b>콜라</b>는 안정적인 수요를 밑바탕으로 국제시장에서 끊임없는 성장을 해왔다. 하지만 코카<b>콜라</b> 역시... "", ""bloggername"": ""blog"", ""bloggerlink"": ""blog.naver.com/hi_ghest"", ""postdate"": ""20260526""}"
콜라,single_term_fallback,콜라,압구정 브런치 맛집: 마일드하이클럽,https://blog.naver.com/cksl7599/224297112027,20260526,프라이즈 -아메리카노 -제로<b>콜라</b> 주문했습니다! 주문한 메뉴가 많아서 오래 걸릴줄알았는데 모든 메뉴가 거의 한번에 나왔어요 ㅎㅎ 전메뉴 사진찍으려고 기다리지 않아도 돼서좋더라구요 ㅎㅎ 잠봉... ,:-),blog.naver.com/cksl7599,naver_blog,콜라,canonical,1.0,2026-05-26T11:01:39.710152+00:00,0,0,0,0,:-),프라이즈 -아메리카노 -제로<b>콜라</b> 주문했습니다! 주문한 메뉴가 많아서 오래 걸릴줄알았는데 모든 메뉴가 거의 한번에 나왔어요 ㅎㅎ 전메뉴 사진찍으려고 기다리지 않아도 돼서좋더라구요 ㅎㅎ 잠봉... ,"{""title"": ""압구정 브런치 맛집: 마일드하이클럽"", ""link"": ""https://blog.naver.com/cksl7599/224297112027"", ""description"": ""프라이즈 -아메리카노 -제로<b>콜라</b> 주문했습니다! 주문한 메뉴가 많아서 오래 걸릴줄알았는데 모든 메뉴가 거의 한번에 나왔어요 ㅎㅎ 전메뉴 사진찍으려고 기다리지 않아도 돼서좋더라구요 ㅎㅎ 잠봉... "", ""bloggername"": "":-)"", ""bloggerlink"": ""blog.naver.com/cksl7599"", ""postdate"": ""20260526""}"
콜라,single_term_fallback,콜라,수원 | 행궁동 델템포 | 델템포하우스 | 양식 | 만조 크림리조또... ,https://blog.naver.com/yamico_/224297111311,20260526,우리는 이미 <b>콜라</b>를 시켜서 착즙주스로 받음! 만조 크림리조또 평택에서도 무조건 이 리조또 시켜 먹는데 후회 절대~~~ 없어요. 리조또 뭔 맛으로 먹어~ 하시는 분들 만조 크림리조또 한입 드시면 생각이 싸악... ,어찌저찌 사는 삶,blog.naver.com/yamico_,naver_blog,콜라,canonical,1.0,2026-05-26T11:01:39.710152+00:00,0,0,0,0,어찌저찌 사는 삶,우리는 이미 <b>콜라</b>를 시켜서 착즙주스로 받음! 만조 크림리조또 평택에서도 무조건 이 리조또 시켜 먹는데 후회 절대~~~ 없어요. 리조또 뭔 맛으로 먹어~ 하시는 분들 만조 크림리조또 한입 드시면 생각이 싸악... ,"{""title"": ""수원 | 행궁동 델템포 | 델템포하우스 | 양식 | 만조 크림리조또... "", ""link"": ""https://blog.naver.com/yamico_/224297111311"", ""description"": ""우리는 이미 <b>콜라</b>를 시켜서 착즙주스로 받음! 만조 크림리조또 평택에서도 무조건 이 리조또 시켜 먹는데 후회 절대~~~ 없어요. 리조또 뭔 맛으로 먹어~ 하시는 분들 만조 크림리조또 한입 드시면 생각이 싸악... "", ""bloggername"": ""어찌저찌 사는 삶"", ""bloggerlink"": ""blog.naver.com/yamico_"", ""postdate"": ""20260526""}"
콜라,single_term_fallback,콜라,'침묵의 장기' 간이 안좋으면 나타나는 증상 TOP4,https://blog.naver.com/jongha3846/224297084938,20260526,소변 색이 진하게 변했다 소변 색이 갑자기 진한 갈색이나 <b>콜라</b>색으로 변했다면 절대 그냥 두면 안 돼요. ✔ 소변 색이 진한 갈색이나 <b>콜라</b>색이다 ✔ 물을 충분히 마셔도 색이 옅어지지 않는다 간 기능에 문제가... ,건돌이,blog.naver.com/jongha3846,naver_blog,콜라,canonical,1.0,2026-05-26T11:01:39.710152+00:00,0,0,0,0,건돌이,소변 색이 진하게 변했다 소변 색이 갑자기 진한 갈색이나 <b>콜라</b>색으로 변했다면 절대 그냥 두면 안 돼요. ✔ 소변 색이 진한 갈색이나 <b>콜라</b>색이다 ✔ 물을 충분히 마셔도 색이 옅어지지 않는다 간 기능에 문제가... ,"{""title"": ""'침묵의 장기' 간이 안좋으면 나타나는 증상 TOP4"", ""link"": ""https://blog.naver.com/jongha3846/224297084938"", ""description"": ""소변 색이 진하게 변했다 소변 색이 갑자기 진한 갈색이나 <b>콜라</b>색으로 변했다면 절대 그냥 두면 안 돼요. ✔ 소변 색이 진한 갈색이나 <b>콜라</b>색이다 ✔ 물을 충분히 마셔도 색이 옅어지지 않는다 간 기능에 문제가... "", ""bloggername"": ""건돌이"", ""bloggerlink"": ""blog.naver.com/jongha3846"", ""postdate"": ""20260526""}"
콜라,single_term_fallback,콜라,[체험 리뷰 프로젝트] 에피소드 24: 방클걸 음료 편,https://blog.naver.com/alsrudgus007/224271978774,20260526,카호의 체리 <b>콜라</b>: 톡 쏘는 정의의 맛! 에너지가 터지는 즐거움의 클라이맥스!  나츠하의 민트 프로틴... 그럼 오늘은 방클걸 <b>콜라</b>보 음료를 하나씩 마셔 보면서 감상회를 갖도록 하자! 광고한 음료에 대해... ,취미좋아,blog.naver.com/alsrudgus007,naver_blog,콜라,canonical,1.0,2026-05-26T11:01:39.710152+00:00,0,0,0,0,취미좋아,카호의 체리 <b>콜라</b>: 톡 쏘는 정의의 맛! 에너지가 터지는 즐거움의 클라이맥스!  나츠하의 민트 프로틴... 그럼 오늘은 방클걸 <b>콜라</b>보 음료를 하나씩 마셔 보면서 감상회를 갖도록 하자! 광고한 음료에 대해... ,"{""title"": ""[체험 리뷰 프로젝트] 에피소드 24: 방클걸 음료 편"", ""link"": ""https://blog.naver.com/alsrudgus007/224271978774"", ""description"": ""카호의 체리 <b>콜라</b>: 톡 쏘는 정의의 맛! 에너지가 터지는 즐거움의 클라이맥스!  나츠하의 민트 프로틴... 그럼 오늘은 방클걸 <b>콜라</b>보 음료를 하나씩 마셔 보면서 감상회를 갖도록 하자! 광고한 음료에 대해... "", ""bloggername"": ""취미좋아"", ""bloggerlink"": ""blog.naver.com/alsrudgus007"", ""postdate"": ""20260526""}"
콜라,single_term_fallback,콜라,행오버 보러 혜화 간 썰 푼다,https://blog.naver.com/ihinhng/224297110059,20260526,ㅜ (tmi 벌레가 날아다녀서 <b>콜라</b>에 입수함 따흑) 연극 전까지 시간이 뜨길래 스사도 찍음 그런데 스티커도 아니면서 왜 이름은 여전히 스사인가요 오랜만에 꾸미니까 그 시절 느낌 나고 잼있었음 벌써 이렇게... ,Null,blog.naver.com/ihinhng,naver_blog,콜라,canonical,1.0,2026-05-26T11:01:39.710152+00:00,0,0,0,0,Null,ㅜ (tmi 벌레가 날아다녀서 <b>콜라</b>에 입수함 따흑) 연극 전까지 시간이 뜨길래 스사도 찍음 그런데 스티커도 아니면서 왜 이름은 여전히 스사인가요 오랜만에 꾸미니까 그 시절 느낌 나고 잼있었음 벌써 이렇게... ,"{""title"": ""행오버 보러 혜화 간 썰 푼다"", ""link"": ""https://blog.naver.com/ihinhng/224297110059"", ""description"": ""ㅜ (tmi 벌레가 날아다녀서 <b>콜라</b>에 입수함 따흑) 연극 전까지 시간이 뜨길래 스사도 찍음 그런데 스티커도 아니면서 왜 이름은 여전히 스사인가요 오랜만에 꾸미니까 그 시절 느낌 나고 잼있었음 벌써 이렇게... "", ""bloggername"": ""Null"", ""bloggerlink"": ""blog.naver.com/ihinhng"", ""postdate"": ""20260526""}"
콜라,single_term_fallback,콜라,서면역치과병원 치아미백 후 꼭 알아야 할 관리법,https://blog.naver.com/inchae77777/224297109383,20260526,"그래서 최소 48시간 정도는 커피, 와인, <b>콜라</b>, 카레처럼 착색이 강한 음식은 줄여주는 것이 좋습니다. 흡연 역시 치아 변색을 빠르게 유발하는 대표적인 원인 중 하나이기 때문에 미백 효과를 오래 유지하고... ",❄️서면리셋치과 | 부산경남 첫 미니쉬멤버스클리닉,blog.naver.com/inchae77777,naver_blog,콜라,canonical,1.0,2026-05-26T11:01:39.710152+00:00,0,0,0,0,❄️서면리셋치과 | 부산경남 첫 미니쉬멤버스클리닉,"그래서 최소 48시간 정도는 커피, 와인, <b>콜라</b>, 카레처럼 착색이 강한 음식은 줄여주는 것이 좋습니다. 흡연 역시 치아 변색을 빠르게 유발하는 대표적인 원인 중 하나이기 때문에 미백 효과를 오래 유지하고... ","{""title"": ""서면역치과병원 치아미백 후 꼭 알아야 할 관리법"", ""link"": ""https://blog.naver.com/inchae77777/224297109383"", ""description"": ""그래서 최소 48시간 정도는 커피, 와인, <b>콜라</b>, 카레처럼 착색이 강한 음식은 줄여주는 것이 좋습니다. 흡연 역시 치아 변색을 빠르게 유발하는 대표적인 원인 중 하나이기 때문에 미백 효과를 오래 유지하고... "", ""bloggername"": ""❄️서면리셋치과 | 부산경남 첫 미니쉬멤버스클리닉"", ""bloggerlink"": ""blog.naver.com/inchae77777"", ""postdate"": ""20260526""}"
콜라,single_term_fallback,콜라,[파주] 파주 운정골감자탕 내돈내산 리뷰ʚ♡ɞ,https://blog.naver.com/monovue/224297109426,20260526,"아 참 그리고, 영수증 리뷰이벤트를 참여하시면 음료 증정 가능합니다 조심스럽게 제로<b>콜라</b>로 부탁드려도 흔쾌히 주셨어요 리뷰이벤트도 참여하셔서 음료수로 마무리 하시는걸 추천드립니댜 그럼 내돈내산... ",monovue님의 블로그,blog.naver.com/monovue,naver_blog,콜라,canonical,1.0,2026-05-26T11:01:39.710152+00:00,0,0,0,0,monovue님의 블로그,"아 참 그리고, 영수증 리뷰이벤트를 참여하시면 음료 증정 가능합니다 조심스럽게 제로<b>콜라</b>로 부탁드려도 흔쾌히 주셨어요 리뷰이벤트도 참여하셔서 음료수로 마무리 하시는걸 추천드립니댜 그럼 내돈내산... ","{""title"": ""[파주] 파주 운정골감자탕 내돈내산 리뷰ʚ♡ɞ"", ""link"": ""https://blog.naver.com/monovue/224297109426"", ""description"": ""아 참 그리고, 영수증 리뷰이벤트를 참여하시면 음료 증정 가능합니다 조심스럽게 제로<b>콜라</b>로 부탁드려도 흔쾌히 주셨어요 리뷰이벤트도 참여하셔서 음료수로 마무리 하시는걸 추천드립니댜 그럼 내돈내산... "", ""bloggername"": ""monovue님의 블로그"", ""bloggerlink"": ""blog.naver.com/monovue"", ""postdate"": ""20260526""}"
콜라,single_term_fallback,콜라,전포 멕시칸 맛집ㅣ잔둔가,https://blog.naver.com/aroorooo/224297108678,20260526,0 <b>콜라</b> 2.0 제로<b>콜라</b> 2.0 스프라이트 2.0 하마이카 4.5 음식 리뷰 음식은 한번에 안나오고 하나씩 천천히 나와서 순차적으로 여유있게 즐길 수 있었다 제일 먼저 나온 문어 토스타다 젤 맛있었음. 상큼하고... ,아루루,blog.naver.com/aroorooo,naver_blog,콜라,canonical,1.0,2026-05-26T11:01:39.710152+00:00,0,0,0,0,아루루,0 <b>콜라</b> 2.0 제로<b>콜라</b> 2.0 스프라이트 2.0 하마이카 4.5 음식 리뷰 음식은 한번에 안나오고 하나씩 천천히 나와서 순차적으로 여유있게 즐길 수 있었다 제일 먼저 나온 문어 토스타다 젤 맛있었음. 상큼하고... ,"{""title"": ""전포 멕시칸 맛집ㅣ잔둔가"", ""link"": ""https://blog.naver.com/aroorooo/224297108678"", ""description"": ""0 <b>콜라</b> 2.0 제로<b>콜라</b> 2.0 스프라이트 2.0 하마이카 4.5 음식 리뷰 음식은 한번에 안나오고 하나씩 천천히 나와서 순차적으로 여유있게 즐길 수 있었다 제일 먼저 나온 문어 토스타다 젤 맛있었음. 상큼하고... "", ""bloggername"": ""아루루"", ""bloggerlink"": ""blog.naver.com/aroorooo"", ""postdate"": ""20260526""}"
콜라,single_term_fallback,콜라,무계획 같아 보여도 이것도 다 내 계획(202604),https://blog.naver.com/serendipit-/224297107191,20260526,다미가 <b>콜라</b> 서비스 줬어요 터널 첨 가보는데 생각보다 멀다 여은이랑 재홍오빠랑 경제학개론 내기 했는데 서로 견제하는게 웃김 공부 못하게 하려고 산책 하자 했지 근데 나름 페어플레이.. 라혜가 나에게... ,Kitty,blog.naver.com/serendipit-,naver_blog,콜라,canonical,1.0,2026-05-26T11:01:39.710152+00:00,0,0,0,0,Kitty,다미가 <b>콜라</b> 서비스 줬어요 터널 첨 가보는데 생각보다 멀다 여은이랑 재홍오빠랑 경제학개론 내기 했는데 서로 견제하는게 웃김 공부 못하게 하려고 산책 하자 했지 근데 나름 페어플레이.. 라혜가 나에게... ,"{""title"": ""무계획 같아 보여도 이것도 다 내 계획(202604)"", ""link"": ""https://blog.naver.com/serendipit-/224297107191"", ""description"": ""다미가 <b>콜라</b> 서비스 줬어요 터널 첨 가보는데 생각보다 멀다 여은이랑 재홍오빠랑 경제학개론 내기 했는데 서로 견제하는게 웃김 공부 못하게 하려고 산책 하자 했지 근데 나름 페어플레이.. 라혜가 나에게... "", ""bloggername"": ""Kitty"", ""bloggerlink"": ""blog.naver.com/serendipit-"", ""postdate"": ""20260526""}"
