canonical_keyword,keyword_set_mode,keyword,video_id,title,published_at,view_count,like_count,comment_count,url,source,term,term_type,term_weight,collected_at,views,likes,comments,engagements,author,snippet,raw_payload,description,originallink,bloggername,bloggerlink
두쫀쿠,preset,두쫀쿠,ckGCtzSvUFU,보랏빛으로 물든 우베 두쫀쿠😁 #청담언니 #요리하는메이크업아티스트,2026-04-27T11:57:53Z,7544259.0,87785.0,643.0,https://www.youtube.com/watch?v=ckGCtzSvUFU,youtube,두쫀쿠,canonical,1.0,2026-05-26T06:08:43.481205+00:00,7544259,87785,643,88428,청담언니,,"{""kind"": ""youtube#video"", ""etag"": ""KCedQC9X_DZEGZ2nYjU_98QMXvc"", ""id"": ""ckGCtzSvUFU"", ""snippet"": {""publishedAt"": ""2026-04-27T11:57:53Z"", ""channelId"": ""UCWUs7iRHBk3p0YQ85Ae7OXg"", ""title"": ""보랏빛으로 물든 우베 두쫀쿠😁 #청담언니 #요리하는메이크업아티스트"", ""description"": """", ""thumbnails"": {""default"": {""url"": ""https://i.ytimg.com/vi/ckGCtzSvUFU/default.jpg"", ""width"": 120, ""height"": 90}, ""medium"": {""url"": ""https://i.ytimg.com/vi/ckGCtzSvUFU/mqdefault.jpg"", ""width"": 320, ""height"": 180}, ""high"": {""url"": ""https://i.ytimg.com/vi/ckGCtzSvUFU/hqdefault.jpg"", ""width"": 480, ""height"": 360}, ""standard"": {""url"": ""https://i.ytimg.com/vi/ckGCtzSvUFU/sddefault.jpg"", ""width"": 640, ""height"": 480}, ""maxres"": {""url"": ""https://i.ytimg.com/vi/ckGCtzSvUFU/maxresdefault.jpg"", ""width"": 1280, ""height"": 720}}, ""channelTitle"": ""청담언니"", ""categoryId"": ""22"", ""liveBroadcastContent"": ""none"", ""defaultLanguage"": ""ko"", ""localized"": {""title"": ""보랏빛으로 물든 우베 두쫀쿠😁 #청담언니 #요리하는메이크업아티스트"", ""description"": """"}, ""defaultAudioLanguage"": ""ko""}, ""statistics"": {""viewCount"": ""7544259"", ""likeCount"": ""87785"", ""favoriteCount"": ""0"", ""commentCount"": ""643""}}",,,,
두쫀쿠,preset,두쫀쿠,dsmVYG3X4Cg,"미국 살다 한국 오면 이렇게 돼요...(두쫀쿠, 버터떡 드디어 먹어봄!!!)",2026-05-06T10:01:06Z,597140.0,10807.0,1031.0,https://www.youtube.com/watch?v=dsmVYG3X4Cg,youtube,두쫀쿠,canonical,1.0,2026-05-26T06:08:43.481205+00:00,597140,10807,1031,11838,푸디젠 Foodie Jen,"이번 영상은 드디어!!! 한국에서 보내는 일상 브이로그입니다! 
유행했던 것들 너무 궁금했는데 한국 도착하자마자 다 먹어봤네요ㅎㅎㅎㅎㅎㅎ

영상 중간에 소개된 제품은 브랜드측에서 이벤트 준비해주셔서
내용 아래에 함께 정리해두었습니다.
많은 참여 부탁드려요!

시간관계상 이번 영상에서는 한국에서 보낸 시간들의 아주 일부만 담았는데, 
나머지 한국 브이로그는 다음편에서 또 찾아뵐게요!!

오늘도 영상 봐주셔서 감사합니다,,,💛

———————————————————————

※ 이벤트 기간 : 5/6 ~ 5/13 (단, 일주일)

📢 푸디젠 구독자 전용! 가정의 달 한정수량 비밀 특가

행사 특가로 구매하기 👉 https://m.site.naver.com/276ZY

𝙀𝙑𝙀𝙉𝙏! 미닉스가 통 크게 쏩니다, 더플렌더MAX댓글 이벤트 (참여시간 단 30초! )

𝗦𝗧𝗘𝗣𝟭 유튜브 영상 보고 댓글 달기 (좋아요 필수!)
*미닉스 더플렌더 MAX 언급시 당첨확률 UP!

𝗦𝗧𝗘𝗣𝟮 본인 댓글 캡쳐하고 구글폼 제출하면 끝!

🎁 선물 : 미닉스 더 플렌더 MAX (1명)

🔗참여링크 : https://m.site.naver.com/277nF

※ 당첨자 선정 : 익월 30일 내 문자 발표 (미 당첨자 별도 안내 X )

📌 음식물 처리기는 미닉스!

한 뼘의 공간, 강력한 분쇄 혁신. 미닉스 '더 플렌더 MAX'

✔️ 한 뼘 크기로 공간 차지 없는 3L 대용량
✔️ 닭뼈, 전복껍데기까지 가루로 만드는 강력한 분쇄력 (3세대 블레이드)
✔️ 2세대 오토케어 시스템으로 버리고 처리 효율까지 지능형으로 케어
✔️ 일상 속 불편함 ZERO. 소음 없고 냄새 없음
✔️ 국내생산, A/S 2년 무상","{""kind"": ""youtube#video"", ""etag"": ""tGBJS4CsCwGWAf5CU7vGm3MEIdQ"", ""id"": ""dsmVYG3X4Cg"", ""snippet"": {""publishedAt"": ""2026-05-06T10:01:06Z"", ""channelId"": ""UClrOEuBPOU5Gg60dJ_49M-g"", ""title"": ""미국 살다 한국 오면 이렇게 돼요...(두쫀쿠, 버터떡 드디어 먹어봄!!!)"", ""description"": ""이번 영상은 드디어!!! 한국에서 보내는 일상 브이로그입니다! \n유행했던 것들 너무 궁금했는데 한국 도착하자마자 다 먹어봤네요ㅎㅎㅎㅎㅎㅎ\n\n영상 중간에 소개된 제품은 브랜드측에서 이벤트 준비해주셔서\n내용 아래에 함께 정리해두었습니다.\n많은 참여 부탁드려요!\n\n시간관계상 이번 영상에서는 한국에서 보낸 시간들의 아주 일부만 담았는데, \n나머지 한국 브이로그는 다음편에서 또 찾아뵐게요!!\n\n오늘도 영상 봐주셔서 감사합니다,,,💛\n\n———————————————————————\n\n※ 이벤트 기간 : 5/6 ~ 5/13 (단, 일주일)\n\n📢 푸디젠 구독자 전용! 가정의 달 한정수량 비밀 특가\n\n행사 특가로 구매하기 👉 https://m.site.naver.com/276ZY\n\n𝙀𝙑𝙀𝙉𝙏! 미닉스가 통 크게 쏩니다, 더플렌더MAX댓글 이벤트 (참여시간 단 30초! )\n\n𝗦𝗧𝗘𝗣𝟭 유튜브 영상 보고 댓글 달기 (좋아요 필수!)\n*미닉스 더플렌더 MAX 언급시 당첨확률 UP!\n\n𝗦𝗧𝗘𝗣𝟮 본인 댓글 캡쳐하고 구글폼 제출하면 끝!\n\n🎁 선물 : 미닉스 더 플렌더 MAX (1명)\n\n🔗참여링크 : https://m.site.naver.com/277nF\n\n※ 당첨자 선정 : 익월 30일 내 문자 발표 (미 당첨자 별도 안내 X )\n\n📌 음식물 처리기는 미닉스!\n\n한 뼘의 공간, 강력한 분쇄 혁신. 미닉스 '더 플렌더 MAX'\n\n✔️ 한 뼘 크기로 공간 차지 없는 3L 대용량\n✔️ 닭뼈, 전복껍데기까지 가루로 만드는 강력한 분쇄력 (3세대 블레이드)\n✔️ 2세대 오토케어 시스템으로 버리고 처리 효율까지 지능형으로 케어\n✔️ 일상 속 불편함 ZERO. 소음 없고 냄새 없음\n✔️ 국내생산, A/S 2년 무상"", ""thumbnails"": {""default"": {""url"": ""https://i.ytimg.com/vi/dsmVYG3X4Cg/default.jpg"", ""width"": 120, ""height"": 90}, ""medium"": {""url"": ""https://i.ytimg.com/vi/dsmVYG3X4Cg/mqdefault.jpg"", ""width"": 320, ""height"": 180}, ""high"": {""url"": ""https://i.ytimg.com/vi/dsmVYG3X4Cg/hqdefault.jpg"", ""width"": 480, ""height"": 360}, ""standard"": {""url"": ""https://i.ytimg.com/vi/dsmVYG3X4Cg/sddefault.jpg"", ""width"": 640, ""height"": 480}, ""maxres"": {""url"": ""https://i.ytimg.com/vi/dsmVYG3X4Cg/maxresdefault.jpg"", ""width"": 1280, ""height"": 720}}, ""channelTitle"": ""푸디젠 Foodie Jen"", ""tags"": [""#한국브이로그"", ""#브이로그"", ""#일상브이로그"", ""#먹방"", ""#먹방브이로그"", ""#한국먹방"", ""#먹방유튜버"", ""#요즘유행"", ""#한국핫플"", ""#핫플레이스"", ""#맛집투어"", ""#한국맛집"", ""#길거리음식"", ""#집밥"", ""#간단요리"", ""#요리브이로그"", ""#신상먹방"", ""#유행먹방"", ""#두쫀쿠"", ""#디저트먹방"", ""#카페투어"", ""#카페브이로그"", ""#디저트투어"", ""#한국여행"", ""#서울브이로그"", ""#여행브이로그"", ""#먹방추천"", ""#맛집추천"", ""#핫한음식"", ""#리얼먹방"", ""#일상기록"", ""#육아브이로그"", ""#엄마브이로그"", ""#육아일상"", ""#힐링브이로그"", ""#소소한일상"", ""#일상공유"", ""#조회수폭발"", ""#인기영상"", ""#유튜브추천"", ""#오늘의영상"", ""#핫한영상"", ""#트렌드"", ""#유행"", ""#맛집브이로그"", ""#디저트맛집"", ""#간식추천"", ""#먹부림"", ""#폭식브이로그"", ""#야식추천"", ""#야식먹방"", ""#야식브이로그"", ""#혼밥"", ""#혼밥브이로그"", ""#간편요리"", ""#집콕요리"", ""#집콕일상"", ""#자취요리"", ""#자취일상"", ""#요리기록"", ""#맛집탐방"", ""#핫플투어"", ""#서울맛집"", ""#서울핫플"", ""#디저트추천"", ""#카페추천"", ""#카페맛집"", ""#먹방일상"", ""#일상먹방"", ""#오늘뭐먹지""], ""categoryId"": ""22"", ""liveBroadcastContent"": ""none"", ""defaultLanguage"": ""ko"", ""localized"": {""title"": ""미국 살다 한국 오면 이렇게 돼요...(두쫀쿠, 버터떡 드디어 먹어봄!!!)"", ""description"": ""이번 영상은 드디어!!! 한국에서 보내는 일상 브이로그입니다! \n유행했던 것들 너무 궁금했는데 한국 도착하자마자 다 먹어봤네요ㅎㅎㅎㅎㅎㅎ\n\n영상 중간에 소개된 제품은 브랜드측에서 이벤트 준비해주셔서\n내용 아래에 함께 정리해두었습니다.\n많은 참여 부탁드려요!\n\n시간관계상 이번 영상에서는 한국에서 보낸 시간들의 아주 일부만 담았는데, \n나머지 한국 브이로그는 다음편에서 또 찾아뵐게요!!\n\n오늘도 영상 봐주셔서 감사합니다,,,💛\n\n———————————————————————\n\n※ 이벤트 기간 : 5/6 ~ 5/13 (단, 일주일)\n\n📢 푸디젠 구독자 전용! 가정의 달 한정수량 비밀 특가\n\n행사 특가로 구매하기 👉 https://m.site.naver.com/276ZY\n\n𝙀𝙑𝙀𝙉𝙏! 미닉스가 통 크게 쏩니다, 더플렌더MAX댓글 이벤트 (참여시간 단 30초! )\n\n𝗦𝗧𝗘𝗣𝟭 유튜브 영상 보고 댓글 달기 (좋아요 필수!)\n*미닉스 더플렌더 MAX 언급시 당첨확률 UP!\n\n𝗦𝗧𝗘𝗣𝟮 본인 댓글 캡쳐하고 구글폼 제출하면 끝!\n\n🎁 선물 : 미닉스 더 플렌더 MAX (1명)\n\n🔗참여링크 : https://m.site.naver.com/277nF\n\n※ 당첨자 선정 : 익월 30일 내 문자 발표 (미 당첨자 별도 안내 X )\n\n📌 음식물 처리기는 미닉스!\n\n한 뼘의 공간, 강력한 분쇄 혁신. 미닉스 '더 플렌더 MAX'\n\n✔️ 한 뼘 크기로 공간 차지 없는 3L 대용량\n✔️ 닭뼈, 전복껍데기까지 가루로 만드는 강력한 분쇄력 (3세대 블레이드)\n✔️ 2세대 오토케어 시스템으로 버리고 처리 효율까지 지능형으로 케어\n✔️ 일상 속 불편함 ZERO. 소음 없고 냄새 없음\n✔️ 국내생산, A/S 2년 무상""}, ""defaultAudioLanguage"": ""ko""}, ""statistics"": {""viewCount"": ""597140"", ""likeCount"": ""10807"", ""favoriteCount"": ""0"", ""commentCount"": ""1031""}}",,,,
두쫀쿠,preset,두바이 쫀득 쿠키,kbTl-ylFIz8,ASMR Dubai Chocolate Desserts【Mukbang/ Eating Sounds】【English subtitles】,2026-05-11T09:00:56Z,831789.0,13732.0,702.0,https://www.youtube.com/watch?v=kbTl-ylFIz8,youtube,두바이 쫀득 쿠키,alias,1.0,2026-05-26T06:08:43.481205+00:00,831789,13732,702,14434,MIYU ASMR,"Please turn on subtitles ✨
You can enable them by clicking the settings button at the top right of the screen.

0:03 Lindt Dubai Style Chocolate Bar

0:56 Lindt Dubai Style Chocolate Bar White

1:51 Lindt Dubai Style Chocolate Bar + Lindt Dubai Style Chocolate Bar White

2:37 Milk

2:44 Lindt Dubai Chocolate

3:13 Lindt Dubai Chocolate + Dubai Rich Chocolate Pistachio Paste with Kadaif

4:58 Lindt Dubai Style Chocolate Praline

5:26 Lindt Dubai Style Chocolate Praline + Pistachio Paste

5:54 Seijo Ishii Homemade Dubai-Style Chocolate Cake

6:40 Seijo Ishii Homemade Dubai-Style Chocolate Cake + Pistachio Paste

7:16 Radiant Dubai Chocolate

8:10 Chocovia Dubai Chocolate

9:28 My Way Dubai Style Chewy Chocolate

10:30 MACAPRESSO Dubai Chocolate Chewy Cookie

11:49 COOING Dubai Chewy Cookie

15:50 CHOCO ZEN Dubai Chocolate Dark

16:27 CHOCO ZEN Dubai Chocolate Dark + Pistachio Paste

17:06 CHOCO ZEN Dubai Chocolate Milk

18:12 CHOCO ZEN Dubai Chocolate Milk + Pistachio Paste

19:43 Dubai Rich Chocolate Dubai Chocolate

20:51 Dubai Rich Chocolate Dubai Chocolate + Pistachio Paste


Good evening!
Thank you so much for choosing this video 💖
I’m Miyu, a girl who loves to eat! ✨🇯🇵

Today I gathered a variety of Dubai chocolate desserts and had a Dubai chocolate party💖
Dubai chocolate has been trending for so long because it’s just that delicious💚🤎
The sweet-and-salty flavor and amazing texture make it impossible to get tired of, and I already want to eat it again🤤
This time I found a really good pistachio paste with kadaif, so I’d love to try making it at home too♪
My drink is milk🥛

Please subscribe to my channel!
Don’t forget to like this video 💖

Another channel → https://youtu.be/3BlzKmC9kew

Instagram → https://www.instagram.com/miyuasmr/?hl=ja

#asmr
#mukbang
#eating
#eatingsounds
#asmreating
#asmreatingsounds
#asmrfood
#foodasmr
#satisfying
#relaxing
#miyuasmr","{""kind"": ""youtube#video"", ""etag"": ""BjXnGVivfpkRVMKafQ26QRw49Vc"", ""id"": ""kbTl-ylFIz8"", ""snippet"": {""publishedAt"": ""2026-05-11T09:00:56Z"", ""channelId"": ""UCvrPcj-vRAhxdYVyn05CijQ"", ""title"": ""ASMR Dubai Chocolate Desserts【Mukbang/ Eating Sounds】【English subtitles】"", ""description"": ""Please turn on subtitles ✨\nYou can enable them by clicking the settings button at the top right of the screen.\n\n0:03 Lindt Dubai Style Chocolate Bar\n\n0:56 Lindt Dubai Style Chocolate Bar White\n\n1:51 Lindt Dubai Style Chocolate Bar + Lindt Dubai Style Chocolate Bar White\n\n2:37 Milk\n\n2:44 Lindt Dubai Chocolate\n\n3:13 Lindt Dubai Chocolate + Dubai Rich Chocolate Pistachio Paste with Kadaif\n\n4:58 Lindt Dubai Style Chocolate Praline\n\n5:26 Lindt Dubai Style Chocolate Praline + Pistachio Paste\n\n5:54 Seijo Ishii Homemade Dubai-Style Chocolate Cake\n\n6:40 Seijo Ishii Homemade Dubai-Style Chocolate Cake + Pistachio Paste\n\n7:16 Radiant Dubai Chocolate\n\n8:10 Chocovia Dubai Chocolate\n\n9:28 My Way Dubai Style Chewy Chocolate\n\n10:30 MACAPRESSO Dubai Chocolate Chewy Cookie\n\n11:49 COOING Dubai Chewy Cookie\n\n15:50 CHOCO ZEN Dubai Chocolate Dark\n\n16:27 CHOCO ZEN Dubai Chocolate Dark + Pistachio Paste\n\n17:06 CHOCO ZEN Dubai Chocolate Milk\n\n18:12 CHOCO ZEN Dubai Chocolate Milk + Pistachio Paste\n\n19:43 Dubai Rich Chocolate Dubai Chocolate\n\n20:51 Dubai Rich Chocolate Dubai Chocolate + Pistachio Paste\n\n\nGood evening!\nThank you so much for choosing this video 💖\nI’m Miyu, a girl who loves to eat! ✨🇯🇵\n\nToday I gathered a variety of Dubai chocolate desserts and had a Dubai chocolate party💖\nDubai chocolate has been trending for so long because it’s just that delicious💚🤎\nThe sweet-and-salty flavor and amazing texture make it impossible to get tired of, and I already want to eat it again🤤\nThis time I found a really good pistachio paste with kadaif, so I’d love to try making it at home too♪\nMy drink is milk🥛\n\nPlease subscribe to my channel!\nDon’t forget to like this video 💖\n\nAnother channel → https://youtu.be/3BlzKmC9kew\n\nInstagram → https://www.instagram.com/miyuasmr/?hl=ja\n\n#asmr\n#mukbang\n#eating\n#eatingsounds\n#asmreating\n#asmreatingsounds\n#asmrfood\n#foodasmr\n#satisfying\n#relaxing\n#miyuasmr"", ""thumbnails"": {""default"": {""url"": ""https://i.ytimg.com/vi/kbTl-ylFIz8/default.jpg"", ""width"": 120, ""height"": 90}, ""medium"": {""url"": ""https://i.ytimg.com/vi/kbTl-ylFIz8/mqdefault.jpg"", ""width"": 320, ""height"": 180}, ""high"": {""url"": ""https://i.ytimg.com/vi/kbTl-ylFIz8/hqdefault.jpg"", ""width"": 480, ""height"": 360}, ""standard"": {""url"": ""https://i.ytimg.com/vi/kbTl-ylFIz8/sddefault.jpg"", ""width"": 640, ""height"": 480}, ""maxres"": {""url"": ""https://i.ytimg.com/vi/kbTl-ylFIz8/maxresdefault.jpg"", ""width"": 1280, ""height"": 720}}, ""channelTitle"": ""MIYU ASMR"", ""categoryId"": ""22"", ""liveBroadcastContent"": ""none"", ""defaultLanguage"": ""en"", ""localized"": {""title"": ""ASMR Dubai Chocolate Desserts【Mukbang/ Eating Sounds】【English subtitles】"", ""description"": ""Please turn on subtitles ✨\nYou can enable them by clicking the settings button at the top right of the screen.\n\n0:03 Lindt Dubai Style Chocolate Bar\n\n0:56 Lindt Dubai Style Chocolate Bar White\n\n1:51 Lindt Dubai Style Chocolate Bar + Lindt Dubai Style Chocolate Bar White\n\n2:37 Milk\n\n2:44 Lindt Dubai Chocolate\n\n3:13 Lindt Dubai Chocolate + Dubai Rich Chocolate Pistachio Paste with Kadaif\n\n4:58 Lindt Dubai Style Chocolate Praline\n\n5:26 Lindt Dubai Style Chocolate Praline + Pistachio Paste\n\n5:54 Seijo Ishii Homemade Dubai-Style Chocolate Cake\n\n6:40 Seijo Ishii Homemade Dubai-Style Chocolate Cake + Pistachio Paste\n\n7:16 Radiant Dubai Chocolate\n\n8:10 Chocovia Dubai Chocolate\n\n9:28 My Way Dubai Style Chewy Chocolate\n\n10:30 MACAPRESSO Dubai Chocolate Chewy Cookie\n\n11:49 COOING Dubai Chewy Cookie\n\n15:50 CHOCO ZEN Dubai Chocolate Dark\n\n16:27 CHOCO ZEN Dubai Chocolate Dark + Pistachio Paste\n\n17:06 CHOCO ZEN Dubai Chocolate Milk\n\n18:12 CHOCO ZEN Dubai Chocolate Milk + Pistachio Paste\n\n19:43 Dubai Rich Chocolate Dubai Chocolate\n\n20:51 Dubai Rich Chocolate Dubai Chocolate + Pistachio Paste\n\n\nGood evening!\nThank you so much for choosing this video 💖\nI’m Miyu, a girl who loves to eat! ✨🇯🇵\n\nToday I gathered a variety of Dubai chocolate desserts and had a Dubai chocolate party💖\nDubai chocolate has been trending for so long because it’s just that delicious💚🤎\nThe sweet-and-salty flavor and amazing texture make it impossible to get tired of, and I already want to eat it again🤤\nThis time I found a really good pistachio paste with kadaif, so I’d love to try making it at home too♪\nMy drink is milk🥛\n\nPlease subscribe to my channel!\nDon’t forget to like this video 💖\n\nAnother channel → https://youtu.be/3BlzKmC9kew\n\nInstagram → https://www.instagram.com/miyuasmr/?hl=ja\n\n#asmr\n#mukbang\n#eating\n#eatingsounds\n#asmreating\n#asmreatingsounds\n#asmrfood\n#foodasmr\n#satisfying\n#relaxing\n#miyuasmr""}, ""defaultAudioLanguage"": ""en""}, ""statistics"": {""viewCount"": ""831789"", ""likeCount"": ""13732"", ""favoriteCount"": ""0"", ""commentCount"": ""702""}}",,,,
두쫀쿠,preset,두바이 쫀득 쿠키,Hr0RqUzBQ-g,유행은 지났지만 역대급 사운드 두쫀쿠 & 초콜렛 asmr 먹방,2026-05-19T09:50:01Z,321464.0,8766.0,90.0,https://www.youtube.com/watch?v=Hr0RqUzBQ-g,youtube,두바이 쫀득 쿠키,alias,1.0,2026-05-26T06:08:43.481205+00:00,321464,8766,90,8856,자곰 JAGOM ASMR,#shorts,"{""kind"": ""youtube#video"", ""etag"": ""wtn-7ZwpHxuV5qsudMxOLs9G0HM"", ""id"": ""Hr0RqUzBQ-g"", ""snippet"": {""publishedAt"": ""2026-05-19T09:50:01Z"", ""channelId"": ""UCXnv4nN5sz1CLAZeteyH90g"", ""title"": ""유행은 지났지만 역대급 사운드 두쫀쿠 & 초콜렛 asmr 먹방"", ""description"": ""#shorts"", ""thumbnails"": {""default"": {""url"": ""https://i.ytimg.com/vi/Hr0RqUzBQ-g/default.jpg"", ""width"": 120, ""height"": 90}, ""medium"": {""url"": ""https://i.ytimg.com/vi/Hr0RqUzBQ-g/mqdefault.jpg"", ""width"": 320, ""height"": 180}, ""high"": {""url"": ""https://i.ytimg.com/vi/Hr0RqUzBQ-g/hqdefault.jpg"", ""width"": 480, ""height"": 360}, ""standard"": {""url"": ""https://i.ytimg.com/vi/Hr0RqUzBQ-g/sddefault.jpg"", ""width"": 640, ""height"": 480}, ""maxres"": {""url"": ""https://i.ytimg.com/vi/Hr0RqUzBQ-g/maxresdefault.jpg"", ""width"": 1280, ""height"": 720}}, ""channelTitle"": ""자곰 JAGOM ASMR"", ""tags"": [""두바이쫀득쿠키"", ""두쫀쿠 먹방"", ""초콜릿 먹방"", ""초콜릿 먹방 asmr"", ""간식 추천"", ""간식 먹방"", ""간식 먹방 asmr"", ""초코 과자 먹방"", ""초코 먹방"", ""두바이 초콜릿 먹방""], ""categoryId"": ""22"", ""liveBroadcastContent"": ""none"", ""defaultLanguage"": ""ko"", ""localized"": {""title"": ""유행은 지났지만 역대급 사운드 두쫀쿠 & 초콜렛 asmr 먹방"", ""description"": ""#shorts""}, ""defaultAudioLanguage"": ""ko""}, ""statistics"": {""viewCount"": ""321464"", ""likeCount"": ""8766"", ""favoriteCount"": ""0"", ""commentCount"": ""90""}}",,,,
두쫀쿠,preset,두존쿠,_pUdda4hbrc,두바이 왁뿌볼 아그작 #몬트쿠키 #아그작 #왁뿌볼 #두바이 #두쫀쿠,2026-05-12T12:31:13Z,40692.0,505.0,54.0,https://www.youtube.com/watch?v=_pUdda4hbrc,youtube,두존쿠,typo,0.8,2026-05-26T06:08:43.481205+00:00,40692,505,54,559,몬트쿠키 | 두바이쫀득쿠키 원조🧆,,"{""kind"": ""youtube#video"", ""etag"": ""k7iNW1aUEOgte63fOAv5IEc2Vkw"", ""id"": ""_pUdda4hbrc"", ""snippet"": {""publishedAt"": ""2026-05-12T12:31:13Z"", ""channelId"": ""UCAKiaMq_H1Vq8xBFYgGsj_Q"", ""title"": ""두바이 왁뿌볼 아그작 #몬트쿠키 #아그작 #왁뿌볼 #두바이 #두쫀쿠"", ""description"": """", ""thumbnails"": {""default"": {""url"": ""https://i.ytimg.com/vi/_pUdda4hbrc/default.jpg"", ""width"": 120, ""height"": 90}, ""medium"": {""url"": ""https://i.ytimg.com/vi/_pUdda4hbrc/mqdefault.jpg"", ""width"": 320, ""height"": 180}, ""high"": {""url"": ""https://i.ytimg.com/vi/_pUdda4hbrc/hqdefault.jpg"", ""width"": 480, ""height"": 360}, ""standard"": {""url"": ""https://i.ytimg.com/vi/_pUdda4hbrc/sddefault.jpg"", ""width"": 640, ""height"": 480}, ""maxres"": {""url"": ""https://i.ytimg.com/vi/_pUdda4hbrc/maxresdefault.jpg"", ""width"": 1280, ""height"": 720}}, ""channelTitle"": ""몬트쿠키 | 두바이쫀득쿠키 원조🧆"", ""categoryId"": ""22"", ""liveBroadcastContent"": ""none"", ""defaultLanguage"": ""ko"", ""localized"": {""title"": ""두바이 왁뿌볼 아그작 #몬트쿠키 #아그작 #왁뿌볼 #두바이 #두쫀쿠"", ""description"": """"}, ""defaultAudioLanguage"": ""ko""}, ""statistics"": {""viewCount"": ""40692"", ""likeCount"": ""505"", ""favoriteCount"": ""0"", ""commentCount"": ""54""}}",,,,
두쫀쿠,preset,두존쿠,LYtbD0iN6qk,"돌싱N모솔 출연진 직업 추측, 자녀 발각, 연프 재도전녀 정체, 뷰티 기업 CEO, 회계사, 스포",2026-04-29T09:37:38Z,23896.0,55.0,20.0,https://www.youtube.com/watch?v=LYtbD0iN6qk,youtube,두존쿠,typo,0.8,2026-05-26T06:08:43.481205+00:00,23896,55,20,75,별일잇슈,"오늘 또 별일잇슈!
매일밤 핫잇슈가 업로드됩니다.💖","{""kind"": ""youtube#video"", ""etag"": ""TtlFXKS7Tar09S2NUZJBzzZ5zgk"", ""id"": ""LYtbD0iN6qk"", ""snippet"": {""publishedAt"": ""2026-04-29T09:37:38Z"", ""channelId"": ""UCQQMHtZm9pPwXjzQBhRteUg"", ""title"": ""돌싱N모솔 출연진 직업 추측, 자녀 발각, 연프 재도전녀 정체, 뷰티 기업 CEO, 회계사, 스포"", ""description"": ""오늘 또 별일잇슈!\n매일밤 핫잇슈가 업로드됩니다.💖"", ""thumbnails"": {""default"": {""url"": ""https://i.ytimg.com/vi/LYtbD0iN6qk/default.jpg"", ""width"": 120, ""height"": 90}, ""medium"": {""url"": ""https://i.ytimg.com/vi/LYtbD0iN6qk/mqdefault.jpg"", ""width"": 320, ""height"": 180}, ""high"": {""url"": ""https://i.ytimg.com/vi/LYtbD0iN6qk/hqdefault.jpg"", ""width"": 480, ""height"": 360}, ""standard"": {""url"": ""https://i.ytimg.com/vi/LYtbD0iN6qk/sddefault.jpg"", ""width"": 640, ""height"": 480}, ""maxres"": {""url"": ""https://i.ytimg.com/vi/LYtbD0iN6qk/maxresdefault.jpg"", ""width"": 1280, ""height"": 720}}, ""channelTitle"": ""별일잇슈"", ""tags"": [""돌싱N모솔"", ""돌싱 모솔 직업"", ""돌싱N모솔 여출"", ""돌싱N모솔 스포"", ""돌싱N모솔 자녀유무"", ""돌싱N모솔 박혜경"", ""고윤정"", ""돌싱N모솔 고윤정"", ""돌싱 N 모솔 고윤정"", ""돌싱 N 모솔 두쫀쿠"", ""두쫀쿠 고윤정"", ""돌싱N모솔 조지"", ""돌싱N모솔 최커"", ""돌싱n모솔 스포""], ""categoryId"": ""24"", ""liveBroadcastContent"": ""none"", ""defaultLanguage"": ""ko"", ""localized"": {""title"": ""돌싱N모솔 출연진 직업 추측, 자녀 발각, 연프 재도전녀 정체, 뷰티 기업 CEO, 회계사, 스포"", ""description"": ""오늘 또 별일잇슈!\n매일밤 핫잇슈가 업로드됩니다.💖""}}, ""statistics"": {""viewCount"": ""23896"", ""likeCount"": ""55"", ""favoriteCount"": ""0"", ""commentCount"": ""20""}}",,,,
두쫀쿠,preset,카다이프,AoihbreJG3I,코스트코가 제일 억울했던 순간,2026-04-27T09:00:22Z,34171.0,223.0,6.0,https://www.youtube.com/watch?v=AoihbreJG3I,youtube,카다이프,related,0.3,2026-05-26T06:08:43.481205+00:00,34171,223,6,229,썰토끼_v,"코스트코가 억울할 만했던 두바이 스프레드 이야기
해외에선 카다이프 식감이랑 피스타치오 크림 때문에
반응 좋았는데

한국에서는 다들 비벼 먹어버려서
초코범벅 스프레드로 오해받았다고 함

근데먹는 방식이 알려지면서 다시 반응 뒤집힌 제품
진짜 한국에서 팔려면 맛보다 먼저 비비지 말라고 써놔야 할 듯

#코스트코 #코스트코추천템 #코스트코신상 #두바이스프레드 #두바이초콜릿 #피스타치오스프레드 #카다이프 #디저트추천 #마트추천템 #쇼츠대본","{""kind"": ""youtube#video"", ""etag"": ""SwdZDdcgiXmHuzKpO4c3zyDbubo"", ""id"": ""AoihbreJG3I"", ""snippet"": {""publishedAt"": ""2026-04-27T09:00:22Z"", ""channelId"": ""UCf4G6tUX58PlwR_ypVadarA"", ""title"": ""코스트코가 제일 억울했던 순간"", ""description"": ""코스트코가 억울할 만했던 두바이 스프레드 이야기\n해외에선 카다이프 식감이랑 피스타치오 크림 때문에\n반응 좋았는데\n\n한국에서는 다들 비벼 먹어버려서\n초코범벅 스프레드로 오해받았다고 함\n\n근데먹는 방식이 알려지면서 다시 반응 뒤집힌 제품\n진짜 한국에서 팔려면 맛보다 먼저 비비지 말라고 써놔야 할 듯\n\n#코스트코 #코스트코추천템 #코스트코신상 #두바이스프레드 #두바이초콜릿 #피스타치오스프레드 #카다이프 #디저트추천 #마트추천템 #쇼츠대본"", ""thumbnails"": {""default"": {""url"": ""https://i.ytimg.com/vi/AoihbreJG3I/default.jpg"", ""width"": 120, ""height"": 90}, ""medium"": {""url"": ""https://i.ytimg.com/vi/AoihbreJG3I/mqdefault.jpg"", ""width"": 320, ""height"": 180}, ""high"": {""url"": ""https://i.ytimg.com/vi/AoihbreJG3I/hqdefault.jpg"", ""width"": 480, ""height"": 360}, ""standard"": {""url"": ""https://i.ytimg.com/vi/AoihbreJG3I/sddefault.jpg"", ""width"": 640, ""height"": 480}, ""maxres"": {""url"": ""https://i.ytimg.com/vi/AoihbreJG3I/maxresdefault.jpg"", ""width"": 1280, ""height"": 720}}, ""channelTitle"": ""썰토끼_v"", ""categoryId"": ""22"", ""liveBroadcastContent"": ""none"", ""defaultLanguage"": ""ko"", ""localized"": {""title"": ""코스트코가 제일 억울했던 순간"", ""description"": ""코스트코가 억울할 만했던 두바이 스프레드 이야기\n해외에선 카다이프 식감이랑 피스타치오 크림 때문에\n반응 좋았는데\n\n한국에서는 다들 비벼 먹어버려서\n초코범벅 스프레드로 오해받았다고 함\n\n근데먹는 방식이 알려지면서 다시 반응 뒤집힌 제품\n진짜 한국에서 팔려면 맛보다 먼저 비비지 말라고 써놔야 할 듯\n\n#코스트코 #코스트코추천템 #코스트코신상 #두바이스프레드 #두바이초콜릿 #피스타치오스프레드 #카다이프 #디저트추천 #마트추천템 #쇼츠대본""}}, ""statistics"": {""viewCount"": ""34171"", ""likeCount"": ""223"", ""favoriteCount"": ""0"", ""commentCount"": ""6""}}",,,,
두쫀쿠,preset,카다이프,-w5WF6GFqPU,₺3900'ye Bir Tepsi Burmalı Kadayıf Aldı! 😱#tatlı #kadayıf #delicious #işbirliği,2026-05-20T15:50:00Z,27982.0,206.0,8.0,https://www.youtube.com/watch?v=-w5WF6GFqPU,youtube,카다이프,related,0.3,2026-05-26T06:08:43.481205+00:00,27982,206,8,214,-CreativeMedya,,"{""kind"": ""youtube#video"", ""etag"": ""Hroz3lF_xGd08VIbcnhNKuaofBk"", ""id"": ""-w5WF6GFqPU"", ""snippet"": {""publishedAt"": ""2026-05-20T15:50:00Z"", ""channelId"": ""UCXywki6mHZmStjjUHKcT66Q"", ""title"": ""₺3900'ye Bir Tepsi Burmalı Kadayıf Aldı! 😱#tatlı #kadayıf #delicious #işbirliği"", ""description"": """", ""thumbnails"": {""default"": {""url"": ""https://i.ytimg.com/vi/-w5WF6GFqPU/default.jpg"", ""width"": 120, ""height"": 90}, ""medium"": {""url"": ""https://i.ytimg.com/vi/-w5WF6GFqPU/mqdefault.jpg"", ""width"": 320, ""height"": 180}, ""high"": {""url"": ""https://i.ytimg.com/vi/-w5WF6GFqPU/hqdefault.jpg"", ""width"": 480, ""height"": 360}, ""standard"": {""url"": ""https://i.ytimg.com/vi/-w5WF6GFqPU/sddefault.jpg"", ""width"": 640, ""height"": 480}, ""maxres"": {""url"": ""https://i.ytimg.com/vi/-w5WF6GFqPU/maxresdefault.jpg"", ""width"": 1280, ""height"": 720}}, ""channelTitle"": ""-CreativeMedya"", ""categoryId"": ""22"", ""liveBroadcastContent"": ""none"", ""defaultLanguage"": ""tr"", ""localized"": {""title"": ""₺3900'ye Bir Tepsi Burmalı Kadayıf Aldı! 😱#tatlı #kadayıf #delicious #işbirliği"", ""description"": """"}}, ""statistics"": {""viewCount"": ""27982"", ""likeCount"": ""206"", ""favoriteCount"": ""0"", ""commentCount"": ""8""}}",,,,
두쫀쿠,preset,피스타치오,mesLyPMUV20,#fruit #pistachio,2026-04-28T02:34:12Z,16934022.0,45492.0,8.0,https://www.youtube.com/watch?v=mesLyPMUV20,youtube,피스타치오,related,0.3,2026-05-26T06:08:43.481205+00:00,16934022,45492,8,45500,Mr Macro,,"{""kind"": ""youtube#video"", ""etag"": ""tHF4rGsi0HhsTARNr2PUV9Lxj6g"", ""id"": ""mesLyPMUV20"", ""snippet"": {""publishedAt"": ""2026-04-28T02:34:12Z"", ""channelId"": ""UCwMFLn2LNj-ZDWXJ-curTjQ"", ""title"": ""#fruit #pistachio"", ""description"": """", ""thumbnails"": {""default"": {""url"": ""https://i.ytimg.com/vi/mesLyPMUV20/default.jpg"", ""width"": 120, ""height"": 90}, ""medium"": {""url"": ""https://i.ytimg.com/vi/mesLyPMUV20/mqdefault.jpg"", ""width"": 320, ""height"": 180}, ""high"": {""url"": ""https://i.ytimg.com/vi/mesLyPMUV20/hqdefault.jpg"", ""width"": 480, ""height"": 360}, ""standard"": {""url"": ""https://i.ytimg.com/vi/mesLyPMUV20/sddefault.jpg"", ""width"": 640, ""height"": 480}, ""maxres"": {""url"": ""https://i.ytimg.com/vi/mesLyPMUV20/maxresdefault.jpg"", ""width"": 1280, ""height"": 720}}, ""channelTitle"": ""Mr Macro"", ""categoryId"": ""22"", ""liveBroadcastContent"": ""none"", ""defaultLanguage"": ""en"", ""localized"": {""title"": ""#fruit #pistachio"", ""description"": """"}}, ""statistics"": {""viewCount"": ""16934022"", ""likeCount"": ""45492"", ""favoriteCount"": ""0"", ""commentCount"": ""8""}}",,,,
두쫀쿠,preset,피스타치오,CifuDXgwdPU,How To Open A Stuck Pistachio 😮,2026-05-04T19:30:03Z,9612123.0,287944.0,4785.0,https://www.youtube.com/watch?v=CifuDXgwdPU,youtube,피스타치오,related,0.3,2026-05-26T06:08:43.481205+00:00,9612123,287944,4785,292729,Zack D. Films,,"{""kind"": ""youtube#video"", ""etag"": ""ObmUDJXvUSDwaDBfHne2zIPovz8"", ""id"": ""CifuDXgwdPU"", ""snippet"": {""publishedAt"": ""2026-05-04T19:30:03Z"", ""channelId"": ""UCvz84_Q0BbvZThy75mbd-Dg"", ""title"": ""How To Open A Stuck Pistachio 😮"", ""description"": """", ""thumbnails"": {""default"": {""url"": ""https://i.ytimg.com/vi/CifuDXgwdPU/default.jpg"", ""width"": 120, ""height"": 90}, ""medium"": {""url"": ""https://i.ytimg.com/vi/CifuDXgwdPU/mqdefault.jpg"", ""width"": 320, ""height"": 180}, ""high"": {""url"": ""https://i.ytimg.com/vi/CifuDXgwdPU/hqdefault.jpg"", ""width"": 480, ""height"": 360}, ""standard"": {""url"": ""https://i.ytimg.com/vi/CifuDXgwdPU/sddefault.jpg"", ""width"": 640, ""height"": 480}, ""maxres"": {""url"": ""https://i.ytimg.com/vi/CifuDXgwdPU/maxresdefault.jpg"", ""width"": 1280, ""height"": 720}}, ""channelTitle"": ""Zack D. Films"", ""categoryId"": ""19"", ""liveBroadcastContent"": ""none"", ""defaultLanguage"": ""en"", ""localized"": {""title"": ""How To Open A Stuck Pistachio 😮"", ""description"": """"}, ""defaultAudioLanguage"": ""en""}, ""statistics"": {""viewCount"": ""9612123"", ""likeCount"": ""287944"", ""favoriteCount"": ""0"", ""commentCount"": ""4785""}}",,,,
두쫀쿠,preset,두쫀쿠,,'돌싱N모솔' 돌싱녀들 이혼 사유 공개…수금지화 &quot;기분 안 좋아져&quot; 심경...,"Tue, 26 May 2026 14:55:00 +0900",,,,https://m.entertain.naver.com/article/311/0002015309,naver_news,두쫀쿠,canonical,1.0,2026-05-26T06:08:46.137123+00:00,0,0,0,0,,또한 <b>두쫀쿠</b>를 향해 일편단심 직진을 이어오던 모솔남 수금지화에게도 거대한 심경 변화가 찾아온다. 그토록 기다렸던 <b>두쫀쿠</b>의 사연을 듣게 된 수금지화는 고백이 끝난 후 제작진과의 인터뷰에서 &quot;솔직히 기분이 안... ,"{""title"": ""'돌싱N모솔' 돌싱녀들 이혼 사유 공개…수금지화 &quot;기분 안 좋아져&quot; 심경..."", ""originallink"": ""https://www.xportsnews.com/article/2153238"", ""link"": ""https://m.entertain.naver.com/article/311/0002015309"", ""description"": ""또한 <b>두쫀쿠</b>를 향해 일편단심 직진을 이어오던 모솔남 수금지화에게도 거대한 심경 변화가 찾아온다. 그토록 기다렸던 <b>두쫀쿠</b>의 사연을 듣게 된 수금지화는 고백이 끝난 후 제작진과의 인터뷰에서 &quot;솔직히 기분이 안... "", ""pubDate"": ""Tue, 26 May 2026 14:55:00 +0900""}",또한 <b>두쫀쿠</b>를 향해 일편단심 직진을 이어오던 모솔남 수금지화에게도 거대한 심경 변화가 찾아온다. 그토록 기다렸던 <b>두쫀쿠</b>의 사연을 듣게 된 수금지화는 고백이 끝난 후 제작진과의 인터뷰에서 &quot;솔직히 기분이 안... ,https://www.xportsnews.com/article/2153238,,
두쫀쿠,preset,두쫀쿠,,돌싱녀들 이혼 사유→자녀 공개...채정안·김풍 결국 '오열' (돌싱N모솔...,"Tue, 26 May 2026 14:44:00 +0900",,,,https://m.entertain.naver.com/article/109/0005540898,naver_news,두쫀쿠,canonical,1.0,2026-05-26T06:08:46.137123+00:00,0,0,0,0,,여기에 '<b>두쫀쿠</b>'를 향해 일편단심 직진을 이어오던 모솔남 '수금지화'에게도 거대한 심경 변화가 찾아와 충격을 더한다. 그토록 기다렸던 <b>두쫀쿠</b>의 진짜 사연을 듣게 된 수금지화는 고백이 끝난 후 제작진과의... ,"{""title"": ""돌싱녀들 이혼 사유→자녀 공개...채정안·김풍 결국 '오열' (돌싱N모솔..."", ""originallink"": ""http://www.osen.co.kr/article/G1112808447"", ""link"": ""https://m.entertain.naver.com/article/109/0005540898"", ""description"": ""여기에 '<b>두쫀쿠</b>'를 향해 일편단심 직진을 이어오던 모솔남 '수금지화'에게도 거대한 심경 변화가 찾아와 충격을 더한다. 그토록 기다렸던 <b>두쫀쿠</b>의 진짜 사연을 듣게 된 수금지화는 고백이 끝난 후 제작진과의... "", ""pubDate"": ""Tue, 26 May 2026 14:44:00 +0900""}",여기에 '<b>두쫀쿠</b>'를 향해 일편단심 직진을 이어오던 모솔남 '수금지화'에게도 거대한 심경 변화가 찾아와 충격을 더한다. 그토록 기다렸던 <b>두쫀쿠</b>의 진짜 사연을 듣게 된 수금지화는 고백이 끝난 후 제작진과의... ,http://www.osen.co.kr/article/G1112808447,,
두쫀쿠,preset,두바이 쫀득 쿠키,,‘한국인처럼 먹고 즐긴다’…진화하는 외국인관광,"Tue, 26 May 2026 11:31:00 +0900",,,,https://n.news.naver.com/mnews/article/016/0002648104?sid=103,naver_news,두바이 쫀득 쿠키,alias,1.0,2026-05-26T06:08:46.137123+00:00,0,0,0,0,,"<b>두바이 쫀득 쿠키</b>, 소금빵 등 SNS 기반 유행 메뉴의 확산으로 관련 언급량이 지난 3월 24만7300건을 기록, 분기 중 최대치를 나타냈다. 다만 개별 자유 여행객(FIT)의 비중이 늘어남에 따른 어려움이나 대중교통 혼잡도... ","{""title"": ""‘한국인처럼 먹고 즐긴다’…진화하는 외국인관광"", ""originallink"": ""https://biz.heraldcorp.com/article/10755991?ref=naver"", ""link"": ""https://n.news.naver.com/mnews/article/016/0002648104?sid=103"", ""description"": ""<b>두바이 쫀득 쿠키</b>, 소금빵 등 SNS 기반 유행 메뉴의 확산으로 관련 언급량이 지난 3월 24만7300건을 기록, 분기 중 최대치를 나타냈다. 다만 개별 자유 여행객(FIT)의 비중이 늘어남에 따른 어려움이나 대중교통 혼잡도... "", ""pubDate"": ""Tue, 26 May 2026 11:31:00 +0900""}","<b>두바이 쫀득 쿠키</b>, 소금빵 등 SNS 기반 유행 메뉴의 확산으로 관련 언급량이 지난 3월 24만7300건을 기록, 분기 중 최대치를 나타냈다. 다만 개별 자유 여행객(FIT)의 비중이 늘어남에 따른 어려움이나 대중교통 혼잡도... ",https://biz.heraldcorp.com/article/10755991?ref=naver,,
두쫀쿠,preset,두바이 쫀득 쿠키,,"정유미, 최우식 옷에 '초코가루' 슥슥…&quot;친해도 선 넘었다 vs 흔한 장난...","Tue, 26 May 2026 11:01:00 +0900",,,,https://m.entertain.naver.com/article/213/0001387792,naver_news,두바이 쫀득 쿠키,alias,1.0,2026-05-26T06:08:46.137123+00:00,0,0,0,0,,"세 사람은 이동 중 팬에게 선물로 받은 '두쫀쿠(<b>두바이쫀득쿠키</b>)'를 나누어 먹으며 허기를 달랬다. 최우식이 가방에서 쿠키를 꺼내 먼저 맛을 본 뒤 박서준에게 넘겼고, 박서준이 이를 다시 정유미에게 건네며 세 사람은... ","{""title"": ""정유미, 최우식 옷에 '초코가루' 슥슥…&quot;친해도 선 넘었다 vs 흔한 장난..."", ""originallink"": ""https://www.tvreport.co.kr/entertainment/article/1047831/"", ""link"": ""https://m.entertain.naver.com/article/213/0001387792"", ""description"": ""세 사람은 이동 중 팬에게 선물로 받은 '두쫀쿠(<b>두바이쫀득쿠키</b>)'를 나누어 먹으며 허기를 달랬다. 최우식이 가방에서 쿠키를 꺼내 먼저 맛을 본 뒤 박서준에게 넘겼고, 박서준이 이를 다시 정유미에게 건네며 세 사람은... "", ""pubDate"": ""Tue, 26 May 2026 11:01:00 +0900""}","세 사람은 이동 중 팬에게 선물로 받은 '두쫀쿠(<b>두바이쫀득쿠키</b>)'를 나누어 먹으며 허기를 달랬다. 최우식이 가방에서 쿠키를 꺼내 먼저 맛을 본 뒤 박서준에게 넘겼고, 박서준이 이를 다시 정유미에게 건네며 세 사람은... ",https://www.tvreport.co.kr/entertainment/article/1047831/,,
두쫀쿠,preset,두존쿠,,[김경은 여행작가의 한중일(韓中日) 문화 엿보기(15)] 봄의 제철 음식: ...,"Mon, 13 Apr 2026 09:22:00 +0900",,,,https://www.ilyoseoul.co.kr/news/articleView.html?idxno=515488,naver_news,두존쿠,typo,0.8,2026-05-26T06:08:46.137123+00:00,0,0,0,0,,"MZ세대 '밈' 봄동, <b>두존쿠</b>, 버터떡, 창억떡 '인기' 미나리 삼겹살. 뉴시스뉴시스 확산된 '밈' 콘텐트는 봄동에... 정약용이 쓴 경제유표에 미나리를 키우는 게 벼를 키우는 것보다 경제성이 두 배나 좋다며 미나리 재배를... ","{""title"": ""[김경은 여행작가의 한중일(韓中日) 문화 엿보기(15)] 봄의 제철 음식: ..."", ""originallink"": ""https://www.ilyoseoul.co.kr/news/articleView.html?idxno=515488"", ""link"": ""https://www.ilyoseoul.co.kr/news/articleView.html?idxno=515488"", ""description"": ""MZ세대 '밈' 봄동, <b>두존쿠</b>, 버터떡, 창억떡 '인기' 미나리 삼겹살. 뉴시스뉴시스 확산된 '밈' 콘텐트는 봄동에... 정약용이 쓴 경제유표에 미나리를 키우는 게 벼를 키우는 것보다 경제성이 두 배나 좋다며 미나리 재배를... "", ""pubDate"": ""Mon, 13 Apr 2026 09:22:00 +0900""}","MZ세대 '밈' 봄동, <b>두존쿠</b>, 버터떡, 창억떡 '인기' 미나리 삼겹살. 뉴시스뉴시스 확산된 '밈' 콘텐트는 봄동에... 정약용이 쓴 경제유표에 미나리를 키우는 게 벼를 키우는 것보다 경제성이 두 배나 좋다며 미나리 재배를... ",https://www.ilyoseoul.co.kr/news/articleView.html?idxno=515488,,
두쫀쿠,preset,두존쿠,,"'공무원♥' 곽튜브, 아빠된 소감 &quot;분유 먹는 날 기대&quot;···귀여운 철부...","Wed, 25 Mar 2026 19:27:00 +0900",,,,https://m.entertain.naver.com/article/109/0005500648,naver_news,두존쿠,typo,0.8,2026-05-26T06:08:46.137123+00:00,0,0,0,0,,"곽튜브는 &quot;느즈막에 봄동비빔밥 디저트는 <b>두존쿠</b>&quot;라고 적으며 나름의 일상을 즐기는 듯했다. 네티즌들은 &quot;육아하느라 바쁠 텐데 분유+봄동비빔밥 너무 잘 먹는 거 같다&quot;, &quot;봄동비빔밥 누가 비빈 거예요?&quot; 등... ","{""title"": ""'공무원♥' 곽튜브, 아빠된 소감 &quot;분유 먹는 날 기대&quot;···귀여운 철부..."", ""originallink"": ""http://www.osen.co.kr/article/G1112767417"", ""link"": ""https://m.entertain.naver.com/article/109/0005500648"", ""description"": ""곽튜브는 &quot;느즈막에 봄동비빔밥 디저트는 <b>두존쿠</b>&quot;라고 적으며 나름의 일상을 즐기는 듯했다. 네티즌들은 &quot;육아하느라 바쁠 텐데 분유+봄동비빔밥 너무 잘 먹는 거 같다&quot;, &quot;봄동비빔밥 누가 비빈 거예요?&quot; 등... "", ""pubDate"": ""Wed, 25 Mar 2026 19:27:00 +0900""}","곽튜브는 &quot;느즈막에 봄동비빔밥 디저트는 <b>두존쿠</b>&quot;라고 적으며 나름의 일상을 즐기는 듯했다. 네티즌들은 &quot;육아하느라 바쁠 텐데 분유+봄동비빔밥 너무 잘 먹는 거 같다&quot;, &quot;봄동비빔밥 누가 비빈 거예요?&quot; 등... ",http://www.osen.co.kr/article/G1112767417,,
두쫀쿠,preset,카다이프,,"샘표, 美조지아대 학생들과 한식 체험행사→플라스머, '쫀득 찹쌀떡' 美...","Mon, 25 May 2026 10:52:00 +0900",,,,https://www.slist.kr/news/articleView.html?idxno=741118,naver_news,카다이프,related,0.3,2026-05-26T06:08:46.137123+00:00,0,0,0,0,,"제품은 쫀득하면서도 부드러운 찹쌀떡 식감을 기반으로, 바삭한 <b>카다이프</b>와 진한 초콜릿 코팅을 더해 서로 다른 식감의 조화를 구현했다. 특히 최근 글로벌 시장에서 주목받고 있는 '두바이 스타일 디저트' 감성을 한국식... ","{""title"": ""샘표, 美조지아대 학생들과 한식 체험행사→플라스머, '쫀득 찹쌀떡' 美..."", ""originallink"": ""https://www.slist.kr/news/articleView.html?idxno=741118"", ""link"": ""https://www.slist.kr/news/articleView.html?idxno=741118"", ""description"": ""제품은 쫀득하면서도 부드러운 찹쌀떡 식감을 기반으로, 바삭한 <b>카다이프</b>와 진한 초콜릿 코팅을 더해 서로 다른 식감의 조화를 구현했다. 특히 최근 글로벌 시장에서 주목받고 있는 '두바이 스타일 디저트' 감성을 한국식... "", ""pubDate"": ""Mon, 25 May 2026 10:52:00 +0900""}","제품은 쫀득하면서도 부드러운 찹쌀떡 식감을 기반으로, 바삭한 <b>카다이프</b>와 진한 초콜릿 코팅을 더해 서로 다른 식감의 조화를 구현했다. 특히 최근 글로벌 시장에서 주목받고 있는 '두바이 스타일 디저트' 감성을 한국식... ",https://www.slist.kr/news/articleView.html?idxno=741118,,
두쫀쿠,preset,카다이프,,"동서양이 공존하는 튀르키예, 미식부터 열기구·럭셔리 휴양까지","Fri, 22 May 2026 11:52:00 +0900",,,,https://www.slist.kr/news/articleView.html?idxno=740784,naver_news,카다이프,related,0.3,2026-05-26T06:08:46.137123+00:00,0,0,0,0,,"참가자는 유네스코 인류무형문화유산에 등재된 튀르키예 차(Tea) 문화를 경험하고, <b>카다이프</b>(를 활용한 전통 디저트를 직접 만들어보며 튀르키예 고유의 미식을 생생하게 체험할 수 있다. 올해 미식 주간을  다섯 가지... ","{""title"": ""동서양이 공존하는 튀르키예, 미식부터 열기구·럭셔리 휴양까지"", ""originallink"": ""https://www.slist.kr/news/articleView.html?idxno=740784"", ""link"": ""https://www.slist.kr/news/articleView.html?idxno=740784"", ""description"": ""참가자는 유네스코 인류무형문화유산에 등재된 튀르키예 차(Tea) 문화를 경험하고, <b>카다이프</b>(를 활용한 전통 디저트를 직접 만들어보며 튀르키예 고유의 미식을 생생하게 체험할 수 있다. 올해 미식 주간을  다섯 가지... "", ""pubDate"": ""Fri, 22 May 2026 11:52:00 +0900""}","참가자는 유네스코 인류무형문화유산에 등재된 튀르키예 차(Tea) 문화를 경험하고, <b>카다이프</b>(를 활용한 전통 디저트를 직접 만들어보며 튀르키예 고유의 미식을 생생하게 체험할 수 있다. 올해 미식 주간을  다섯 가지... ",https://www.slist.kr/news/articleView.html?idxno=740784,,
두쫀쿠,preset,피스타치오,,"목원대 외식조리·제과제빵학과, 챌린지컵 국제요리대회 석권","Tue, 26 May 2026 15:04:00 +0900",,,,http://www.chungnamilbo.co.kr/news/articleView.html?idxno=890388,naver_news,피스타치오,related,0.3,2026-05-26T06:08:46.137123+00:00,0,0,0,0,,"이들은 에피타이저로 올리브와 아티초크를 곁들인 지중해풍 문어 샐러드, 메인요리로 보헤미엔 소스를 곁들인 <b>피스타치오</b> 허브 크러스트 양갈비, 디저트로 블러드 오렌지 요거트 무스를 선보였다. 심사위원들은 메뉴... ","{""title"": ""목원대 외식조리·제과제빵학과, 챌린지컵 국제요리대회 석권"", ""originallink"": ""http://www.chungnamilbo.co.kr/news/articleView.html?idxno=890388"", ""link"": ""http://www.chungnamilbo.co.kr/news/articleView.html?idxno=890388"", ""description"": ""이들은 에피타이저로 올리브와 아티초크를 곁들인 지중해풍 문어 샐러드, 메인요리로 보헤미엔 소스를 곁들인 <b>피스타치오</b> 허브 크러스트 양갈비, 디저트로 블러드 오렌지 요거트 무스를 선보였다. 심사위원들은 메뉴... "", ""pubDate"": ""Tue, 26 May 2026 15:04:00 +0900""}","이들은 에피타이저로 올리브와 아티초크를 곁들인 지중해풍 문어 샐러드, 메인요리로 보헤미엔 소스를 곁들인 <b>피스타치오</b> 허브 크러스트 양갈비, 디저트로 블러드 오렌지 요거트 무스를 선보였다. 심사위원들은 메뉴... ",http://www.chungnamilbo.co.kr/news/articleView.html?idxno=890388,,
두쫀쿠,preset,피스타치오,,' 3년 연속 대상' 목원대 외식조리·제과제빵학과,"Tue, 26 May 2026 14:22:00 +0900",,,,http://www.dtnews24.com/news/articleView.html?idxno=811909,naver_news,피스타치오,related,0.3,2026-05-26T06:08:46.137123+00:00,0,0,0,0,,"이들은 에피타이저로 올리브와 아티초크를 곁들인 지중해풍 문어 샐러드, 메인요리로 보헤미엔 소스를 곁들인 <b>피스타치오</b> 허브 크러스트 양갈비, 디저트로 블러드 오렌지 요거트 무스를 선보였다. 심사위원들은 메뉴... ","{""title"": ""' 3년 연속 대상' 목원대 외식조리·제과제빵학과"", ""originallink"": ""http://www.dtnews24.com/news/articleView.html?idxno=811909"", ""link"": ""http://www.dtnews24.com/news/articleView.html?idxno=811909"", ""description"": ""이들은 에피타이저로 올리브와 아티초크를 곁들인 지중해풍 문어 샐러드, 메인요리로 보헤미엔 소스를 곁들인 <b>피스타치오</b> 허브 크러스트 양갈비, 디저트로 블러드 오렌지 요거트 무스를 선보였다. 심사위원들은 메뉴... "", ""pubDate"": ""Tue, 26 May 2026 14:22:00 +0900""}","이들은 에피타이저로 올리브와 아티초크를 곁들인 지중해풍 문어 샐러드, 메인요리로 보헤미엔 소스를 곁들인 <b>피스타치오</b> 허브 크러스트 양갈비, 디저트로 블러드 오렌지 요거트 무스를 선보였다. 심사위원들은 메뉴... ",http://www.dtnews24.com/news/articleView.html?idxno=811909,,
두쫀쿠,preset,두쫀쿠,,대천맛집 대천브루어리 수제맥주 양조장&amp;펍,20260526,,,,https://blog.naver.com/bbae_kobee/224296867168,naver_blog,두쫀쿠,canonical,1.0,2026-05-26T06:08:47.680025+00:00,0,0,0,0,배꼽잡는 배꼬비,최근에는 부드럽고 달콤한 풍미가 매력적인 피스타치오 맥주와 특별한 개성이 담긴 <b>두쫀쿠</b> 맥주도 판매 중이라 색다른 수제맥주를 좋아하는 분들에게 더욱 인기예요. 정말 특이하고도 좋은 서비스인게 8인 이상... ,"{""title"": ""대천맛집 대천브루어리 수제맥주 양조장&amp;펍"", ""link"": ""https://blog.naver.com/bbae_kobee/224296867168"", ""description"": ""최근에는 부드럽고 달콤한 풍미가 매력적인 피스타치오 맥주와 특별한 개성이 담긴 <b>두쫀쿠</b> 맥주도 판매 중이라 색다른 수제맥주를 좋아하는 분들에게 더욱 인기예요. 정말 특이하고도 좋은 서비스인게 8인 이상... "", ""bloggername"": ""배꼽잡는 배꼬비"", ""bloggerlink"": ""blog.naver.com/bbae_kobee"", ""postdate"": ""20260526""}",최근에는 부드럽고 달콤한 풍미가 매력적인 피스타치오 맥주와 특별한 개성이 담긴 <b>두쫀쿠</b> 맥주도 판매 중이라 색다른 수제맥주를 좋아하는 분들에게 더욱 인기예요. 정말 특이하고도 좋은 서비스인게 8인 이상... ,,배꼽잡는 배꼬비,blog.naver.com/bbae_kobee
두쫀쿠,preset,두쫀쿠,,"오르클로버 라운지 #5. <b>두쫀쿠</b>, 오픈런 없이 더 편하게!",20260526,,,,https://blog.naver.com/eeeeejay/224296864487,naver_blog,두쫀쿠,canonical,1.0,2026-05-26T06:08:47.680025+00:00,0,0,0,0,kimi2me,"게 화제였던 <b>두쫀쿠</b>, 기억하시나요? 진짜 유행 한창일 때는 오픈런에 구매 수량 제한까지 걸리고, 줄... 가격 부담은 낮추고, 퀄리티는 제대로 챙긴 <b>두쫀쿠</b>를 발견! 여러분께 소개해드리려고 가져왔습니다 : )... ","{""title"": ""오르클로버 라운지 #5. <b>두쫀쿠</b>, 오픈런 없이 더 편하게!"", ""link"": ""https://blog.naver.com/eeeeejay/224296864487"", ""description"": ""게 화제였던 <b>두쫀쿠</b>, 기억하시나요? 진짜 유행 한창일 때는 오픈런에 구매 수량 제한까지 걸리고, 줄... 가격 부담은 낮추고, 퀄리티는 제대로 챙긴 <b>두쫀쿠</b>를 발견! 여러분께 소개해드리려고 가져왔습니다 : )... "", ""bloggername"": ""kimi2me"", ""bloggerlink"": ""blog.naver.com/eeeeejay"", ""postdate"": ""20260526""}","게 화제였던 <b>두쫀쿠</b>, 기억하시나요? 진짜 유행 한창일 때는 오픈런에 구매 수량 제한까지 걸리고, 줄... 가격 부담은 낮추고, 퀄리티는 제대로 챙긴 <b>두쫀쿠</b>를 발견! 여러분께 소개해드리려고 가져왔습니다 : )... ",,kimi2me,blog.naver.com/eeeeejay
두쫀쿠,preset,두바이 쫀득 쿠키,,홈플러스에서 구매한 내돈내산 <b>두바이 쫀득 쿠키</b>,20260526,,,,https://blog.naver.com/1133oo/224296856309,naver_blog,두바이 쫀득 쿠키,alias,1.0,2026-05-26T06:08:47.680025+00:00,0,0,0,0,건강한 지식 오픈 일기장,"아직도 <b>두바이 쫀득 쿠키</b>의 맛을 못 보내는 1인,,,ㅎㅎㅎ 처음 접한 그 맛이 잊혀지지않아서... 오,, 두바이식 도 아니고 진짜 두존쿠의 모습인데?!!! 싶어서 놀랬습니다. 성분표는 대충 이렇게 구성되어... ","{""title"": ""홈플러스에서 구매한 내돈내산 <b>두바이 쫀득 쿠키</b>"", ""link"": ""https://blog.naver.com/1133oo/224296856309"", ""description"": ""아직도 <b>두바이 쫀득 쿠키</b>의 맛을 못 보내는 1인,,,ㅎㅎㅎ 처음 접한 그 맛이 잊혀지지않아서... 오,, 두바이식 도 아니고 진짜 두존쿠의 모습인데?!!! 싶어서 놀랬습니다. 성분표는 대충 이렇게 구성되어... "", ""bloggername"": ""건강한 지식 오픈 일기장"", ""bloggerlink"": ""blog.naver.com/1133oo"", ""postdate"": ""20260526""}","아직도 <b>두바이 쫀득 쿠키</b>의 맛을 못 보내는 1인,,,ㅎㅎㅎ 처음 접한 그 맛이 잊혀지지않아서... 오,, 두바이식 도 아니고 진짜 두존쿠의 모습인데?!!! 싶어서 놀랬습니다. 성분표는 대충 이렇게 구성되어... ",,건강한 지식 오픈 일기장,blog.naver.com/1133oo
두쫀쿠,preset,두존쿠,,"카카오톡 선물하기로 받은 배스킨라빈스 하프갤런, 매장 사용... ",20260526,,,,https://blog.naver.com/mj840225/224296724842,naver_blog,두존쿠,typo,0.8,2026-05-26T06:08:47.680025+00:00,0,0,0,0,끄적이는 일상,저장해 둔 쿠폰이 생각나서 얼른 집 근처 매장으로 달려갔어요!  카카오톡 선물함에서 꺼내 쓰기 (이용... 쏙쏙박혀있어 <b>두존쿠</b> 아이스크림 느낌이 나요 통을 열어보니 역시나 빈틈없이 꽉꽉 채워... ,"{""title"": ""카카오톡 선물하기로 받은 배스킨라빈스 하프갤런, 매장 사용... "", ""link"": ""https://blog.naver.com/mj840225/224296724842"", ""description"": ""저장해 둔 쿠폰이 생각나서 얼른 집 근처 매장으로 달려갔어요!  카카오톡 선물함에서 꺼내 쓰기 (이용... 쏙쏙박혀있어 <b>두존쿠</b> 아이스크림 느낌이 나요 통을 열어보니 역시나 빈틈없이 꽉꽉 채워... "", ""bloggername"": ""끄적이는 일상"", ""bloggerlink"": ""blog.naver.com/mj840225"", ""postdate"": ""20260526""}",저장해 둔 쿠폰이 생각나서 얼른 집 근처 매장으로 달려갔어요!  카카오톡 선물함에서 꺼내 쓰기 (이용... 쏙쏙박혀있어 <b>두존쿠</b> 아이스크림 느낌이 나요 통을 열어보니 역시나 빈틈없이 꽉꽉 채워... ,,끄적이는 일상,blog.naver.com/mj840225
두쫀쿠,preset,카다이프,,[남양주맛집] 호평동 파리바게뜨 두쫀팝케이크 솔직후기 / 메뉴... ,20260526,,,,https://blog.naver.com/muck_blanc/224296862104,naver_blog,카다이프,related,0.3,2026-05-26T06:08:47.680025+00:00,0,0,0,0,먹블랑 하우스,"7/10  좋았던 점 ✓ <b>카다이프</b>와 초코시트의 조화 ✓ 가격적인 면에선 선방  아쉬운 점 ✓ 마시멜로우는... 한입 맛보니 바삭한 <b>카다이프</b>랑 초코 시트가 제법 잘 어울려. 이 식감, 꽤 즐겁다. 하지만... 흠... ","{""title"": ""[남양주맛집] 호평동 파리바게뜨 두쫀팝케이크 솔직후기 / 메뉴... "", ""link"": ""https://blog.naver.com/muck_blanc/224296862104"", ""description"": ""7/10  좋았던 점 ✓ <b>카다이프</b>와 초코시트의 조화 ✓ 가격적인 면에선 선방  아쉬운 점 ✓ 마시멜로우는... 한입 맛보니 바삭한 <b>카다이프</b>랑 초코 시트가 제법 잘 어울려. 이 식감, 꽤 즐겁다. 하지만... 흠... "", ""bloggername"": ""먹블랑 하우스"", ""bloggerlink"": ""blog.naver.com/muck_blanc"", ""postdate"": ""20260526""}","7/10  좋았던 점 ✓ <b>카다이프</b>와 초코시트의 조화 ✓ 가격적인 면에선 선방  아쉬운 점 ✓ 마시멜로우는... 한입 맛보니 바삭한 <b>카다이프</b>랑 초코 시트가 제법 잘 어울려. 이 식감, 꽤 즐겁다. 하지만... 흠... ",,먹블랑 하우스,blog.naver.com/muck_blanc
두쫀쿠,preset,피스타치오,,"프레고피자 영등포 양평동 화덕피자 맛집 후기 [웨이팅, 예약... ",20260526,,,,https://blog.naver.com/jaja93_96/224296867717,naver_blog,피스타치오,related,0.3,2026-05-26T06:08:47.680025+00:00,0,0,0,0,오늘의 지꾸러미,"모르타델라<b>피스타치오</b> 20,000원 마르게리따 제노베제 23,500원 프로슈토에루꼴라 24,000원 마르게리타 16... 모르타델라 햄 위에 치즈와 바질, <b>피스타치오</b> 분태가 올라가 있어요 루꼴라랑도 잘 어울려요 피자... ","{""title"": ""프레고피자 영등포 양평동 화덕피자 맛집 후기 [웨이팅, 예약... "", ""link"": ""https://blog.naver.com/jaja93_96/224296867717"", ""description"": ""모르타델라<b>피스타치오</b> 20,000원 마르게리따 제노베제 23,500원 프로슈토에루꼴라 24,000원 마르게리타 16... 모르타델라 햄 위에 치즈와 바질, <b>피스타치오</b> 분태가 올라가 있어요 루꼴라랑도 잘 어울려요 피자... "", ""bloggername"": ""오늘의 지꾸러미"", ""bloggerlink"": ""blog.naver.com/jaja93_96"", ""postdate"": ""20260526""}","모르타델라<b>피스타치오</b> 20,000원 마르게리따 제노베제 23,500원 프로슈토에루꼴라 24,000원 마르게리타 16... 모르타델라 햄 위에 치즈와 바질, <b>피스타치오</b> 분태가 올라가 있어요 루꼴라랑도 잘 어울려요 피자... ",,오늘의 지꾸러미,blog.naver.com/jaja93_96
