canonical_keyword,keyword_set_mode,keyword,video_id,title,published_at,view_count,like_count,comment_count,url,source,term,term_type,term_weight,collected_at,views,likes,comments,engagements,author,snippet,raw_payload
왁뿌볼,preset,왁뿌볼,DTJUWbO_3zU,왁뿌볼 사러 나가는 메이크업 🍋 #세터데이스킨 #협찬 #메이크업,2026-06-14T04:08:43Z,10,0,0,https://www.youtube.com/watch?v=DTJUWbO_3zU,youtube,왁뿌볼,canonical,1.0,2026-06-14T04:32:08.673355+00:00,10,0,0,0,마미니 mamini,,"{""kind"": ""youtube#video"", ""etag"": ""dbVsM2z1TKEF5KviApZUc7Avf8E"", ""id"": ""DTJUWbO_3zU"", ""snippet"": {""publishedAt"": ""2026-06-14T04:08:43Z"", ""channelId"": ""UCOkql4U7kspnooyFZX48uGg"", ""title"": ""왁뿌볼 사러 나가는 메이크업 🍋 #세터데이스킨 #협찬 #메이크업"", ""description"": """", ""thumbnails"": {""default"": {""url"": ""https://i.ytimg.com/vi/DTJUWbO_3zU/default.jpg"", ""width"": 120, ""height"": 90}, ""medium"": {""url"": ""https://i.ytimg.com/vi/DTJUWbO_3zU/mqdefault.jpg"", ""width"": 320, ""height"": 180}, ""high"": {""url"": ""https://i.ytimg.com/vi/DTJUWbO_3zU/hqdefault.jpg"", ""width"": 480, ""height"": 360}, ""standard"": {""url"": ""https://i.ytimg.com/vi/DTJUWbO_3zU/sddefault.jpg"", ""width"": 640, ""height"": 480}, ""maxres"": {""url"": ""https://i.ytimg.com/vi/DTJUWbO_3zU/maxresdefault.jpg"", ""width"": 1280, ""height"": 720}}, ""channelTitle"": ""마미니 mamini"", ""categoryId"": ""22"", ""liveBroadcastContent"": ""none"", ""defaultLanguage"": ""ko"", ""localized"": {""title"": ""왁뿌볼 사러 나가는 메이크업 🍋 #세터데이스킨 #협찬 #메이크업"", ""description"": """"}, ""defaultAudioLanguage"": ""ko""}, ""statistics"": {""viewCount"": ""10"", ""favoriteCount"": ""0"", ""commentCount"": ""0""}}"
왁뿌볼,preset,왁뿌볼,vvtTQWU7lmQ,왁뿌볼도 있고 짱부부도 있는 완구시장,2026-06-14T04:02:25Z,322,2,0,https://www.youtube.com/watch?v=vvtTQWU7lmQ,youtube,왁뿌볼,canonical,1.0,2026-06-14T04:32:08.673355+00:00,322,2,0,2,방랑객 까를라,#창신동문구완구시장,"{""kind"": ""youtube#video"", ""etag"": ""Bjc-Uxnxkf0romPC9X8-OzyYTf4"", ""id"": ""vvtTQWU7lmQ"", ""snippet"": {""publishedAt"": ""2026-06-14T04:02:25Z"", ""channelId"": ""UC9AiSjQNSs3pinwbtf2YYyA"", ""title"": ""왁뿌볼도 있고 짱부부도 있는 완구시장"", ""description"": ""#창신동문구완구시장"", ""thumbnails"": {""default"": {""url"": ""https://i.ytimg.com/vi/vvtTQWU7lmQ/default.jpg"", ""width"": 120, ""height"": 90}, ""medium"": {""url"": ""https://i.ytimg.com/vi/vvtTQWU7lmQ/mqdefault.jpg"", ""width"": 320, ""height"": 180}, ""high"": {""url"": ""https://i.ytimg.com/vi/vvtTQWU7lmQ/hqdefault.jpg"", ""width"": 480, ""height"": 360}, ""standard"": {""url"": ""https://i.ytimg.com/vi/vvtTQWU7lmQ/sddefault.jpg"", ""width"": 640, ""height"": 480}, ""maxres"": {""url"": ""https://i.ytimg.com/vi/vvtTQWU7lmQ/maxresdefault.jpg"", ""width"": 1280, ""height"": 720}}, ""channelTitle"": ""방랑객 까를라"", ""categoryId"": ""19"", ""liveBroadcastContent"": ""none"", ""defaultLanguage"": ""ko"", ""localized"": {""title"": ""왁뿌볼도 있고 짱부부도 있는 완구시장"", ""description"": ""#창신동문구완구시장""}, ""defaultAudioLanguage"": ""ko""}, ""statistics"": {""viewCount"": ""322"", ""likeCount"": ""2"", ""favoriteCount"": ""0"", ""commentCount"": ""0""}}"
왁뿌볼,preset,왁뿌볼,7e8StlVEU8w,✨크런치 도넛 왁뿌볼 ASMR✨Crunchy Donut Wax Ball ASMR #toyasmr,2026-06-14T04:02:06Z,266,4,2,https://www.youtube.com/watch?v=7e8StlVEU8w,youtube,왁뿌볼,canonical,1.0,2026-06-14T04:32:08.673355+00:00,266,4,2,6,주황스마일,"재밌게 보셨으면 구독과 좋아요 눌러주세요👍🏻🩵🫶🏻

#왁뿌 #왁뿌볼 #말랑이 #스퀴시 #스트레스볼 #asmr #toys #toyasmr","{""kind"": ""youtube#video"", ""etag"": ""yoKx64qCkFuRfZhxet6SFOKh9aY"", ""id"": ""7e8StlVEU8w"", ""snippet"": {""publishedAt"": ""2026-06-14T04:02:06Z"", ""channelId"": ""UCUuYAz4Az-unFEmeT8uPoYg"", ""title"": ""✨크런치 도넛 왁뿌볼 ASMR✨Crunchy Donut Wax Ball ASMR #toyasmr"", ""description"": ""재밌게 보셨으면 구독과 좋아요 눌러주세요👍🏻🩵🫶🏻\n\n#왁뿌 #왁뿌볼 #말랑이 #스퀴시 #스트레스볼 #asmr #toys #toyasmr"", ""thumbnails"": {""default"": {""url"": ""https://i.ytimg.com/vi/7e8StlVEU8w/default.jpg"", ""width"": 120, ""height"": 90}, ""medium"": {""url"": ""https://i.ytimg.com/vi/7e8StlVEU8w/mqdefault.jpg"", ""width"": 320, ""height"": 180}, ""high"": {""url"": ""https://i.ytimg.com/vi/7e8StlVEU8w/hqdefault.jpg"", ""width"": 480, ""height"": 360}, ""standard"": {""url"": ""https://i.ytimg.com/vi/7e8StlVEU8w/sddefault.jpg"", ""width"": 640, ""height"": 480}, ""maxres"": {""url"": ""https://i.ytimg.com/vi/7e8StlVEU8w/maxresdefault.jpg"", ""width"": 1280, ""height"": 720}}, ""channelTitle"": ""주황스마일"", ""tags"": [""왁뿌"", ""왁뿌볼"", ""asmr"", ""toyasmr"", ""키덜트"", ""장난감"", ""말랑이"", ""스퀴시""], ""categoryId"": ""24"", ""liveBroadcastContent"": ""none"", ""defaultLanguage"": ""ko"", ""localized"": {""title"": ""✨크런치 도넛 왁뿌볼 ASMR✨Crunchy Donut Wax Ball ASMR #toyasmr"", ""description"": ""재밌게 보셨으면 구독과 좋아요 눌러주세요👍🏻🩵🫶🏻\n\n#왁뿌 #왁뿌볼 #말랑이 #스퀴시 #스트레스볼 #asmr #toys #toyasmr""}, ""defaultAudioLanguage"": ""ko""}, ""statistics"": {""viewCount"": ""266"", ""likeCount"": ""4"", ""favoriteCount"": ""0"", ""commentCount"": ""2""}}"
왁뿌볼,preset,왁뿌볼,C8FrO9JgGI8,가성비 청사과왁뿌볼 ‘청사과왁스모찌🍏' #왁뿌 #왁뿌볼 #말랑이 #슬랑이 #asmr,2026-06-14T03:47:22Z,733,5,0,https://www.youtube.com/watch?v=C8FrO9JgGI8,youtube,왁뿌볼,canonical,1.0,2026-06-14T04:32:08.673355+00:00,733,5,0,5,코코네놀이터kocoslime,,"{""kind"": ""youtube#video"", ""etag"": ""ZsFWdq1hSJtochwdLqfhao3qu0w"", ""id"": ""C8FrO9JgGI8"", ""snippet"": {""publishedAt"": ""2026-06-14T03:47:22Z"", ""channelId"": ""UC6Npn9jTeVl0u1l1zidfLsQ"", ""title"": ""가성비 청사과왁뿌볼 ‘청사과왁스모찌🍏' #왁뿌 #왁뿌볼 #말랑이 #슬랑이 #asmr"", ""description"": """", ""thumbnails"": {""default"": {""url"": ""https://i.ytimg.com/vi/C8FrO9JgGI8/default.jpg"", ""width"": 120, ""height"": 90}, ""medium"": {""url"": ""https://i.ytimg.com/vi/C8FrO9JgGI8/mqdefault.jpg"", ""width"": 320, ""height"": 180}, ""high"": {""url"": ""https://i.ytimg.com/vi/C8FrO9JgGI8/hqdefault.jpg"", ""width"": 480, ""height"": 360}, ""standard"": {""url"": ""https://i.ytimg.com/vi/C8FrO9JgGI8/sddefault.jpg"", ""width"": 640, ""height"": 480}, ""maxres"": {""url"": ""https://i.ytimg.com/vi/C8FrO9JgGI8/maxresdefault.jpg"", ""width"": 1280, ""height"": 720}}, ""channelTitle"": ""코코네놀이터kocoslime"", ""categoryId"": ""24"", ""liveBroadcastContent"": ""none"", ""defaultLanguage"": ""ko"", ""localized"": {""title"": ""가성비 청사과왁뿌볼 ‘청사과왁스모찌🍏' #왁뿌 #왁뿌볼 #말랑이 #슬랑이 #asmr"", ""description"": """"}, ""defaultAudioLanguage"": ""en""}, ""statistics"": {""viewCount"": ""733"", ""likeCount"": ""5"", ""favoriteCount"": ""0"", ""commentCount"": ""0""}}"
왁뿌볼,preset,왁뿌볼,LQR5_YWvmhI,[shorts] no.41 - 왁뿌볼 첫 도전 결과는...?🤣 창신동 완구거리 쇼핑,2026-06-14T03:20:29Z,523,5,0,https://www.youtube.com/watch?v=LQR5_YWvmhI,youtube,왁뿌볼,canonical,1.0,2026-06-14T04:32:08.673355+00:00,523,5,0,5,쿠누네 가족 이야기 ,"* 2026.6.13.토 

창신동 완구거리에서 왁뿌볼, 말랑이 쇼핑하고 왔어요✨

처음 해보는 왁뿌볼은 생각보다 쉽지 않았지만😅
무지개 말랑이와 사장님 추천 청사과 말랑이까지 대만족!

결국 또 사러 가야겠네요😂

#창신동완구거리 #왁뿌볼 #말랑이 #말랑이언박싱
#ASMR #무지개말랑이 #청사과왁뿌볼 #완구거리","{""kind"": ""youtube#video"", ""etag"": ""g2jq4I_HN4-nrQnV2nEDnfT9Mjs"", ""id"": ""LQR5_YWvmhI"", ""snippet"": {""publishedAt"": ""2026-06-14T03:20:29Z"", ""channelId"": ""UC_9kxtCExdRCgvsCp_QJBWQ"", ""title"": ""[shorts] no.41 - 왁뿌볼 첫 도전 결과는...?🤣 창신동 완구거리 쇼핑"", ""description"": ""* 2026.6.13.토 \n\n창신동 완구거리에서 왁뿌볼, 말랑이 쇼핑하고 왔어요✨\n\n처음 해보는 왁뿌볼은 생각보다 쉽지 않았지만😅\n무지개 말랑이와 사장님 추천 청사과 말랑이까지 대만족!\n\n결국 또 사러 가야겠네요😂\n\n#창신동완구거리 #왁뿌볼 #말랑이 #말랑이언박싱\n#ASMR #무지개말랑이 #청사과왁뿌볼 #완구거리"", ""thumbnails"": {""default"": {""url"": ""https://i.ytimg.com/vi/LQR5_YWvmhI/default.jpg"", ""width"": 120, ""height"": 90}, ""medium"": {""url"": ""https://i.ytimg.com/vi/LQR5_YWvmhI/mqdefault.jpg"", ""width"": 320, ""height"": 180}, ""high"": {""url"": ""https://i.ytimg.com/vi/LQR5_YWvmhI/hqdefault.jpg"", ""width"": 480, ""height"": 360}, ""standard"": {""url"": ""https://i.ytimg.com/vi/LQR5_YWvmhI/sddefault.jpg"", ""width"": 640, ""height"": 480}, ""maxres"": {""url"": ""https://i.ytimg.com/vi/LQR5_YWvmhI/maxresdefault.jpg"", ""width"": 1280, ""height"": 720}}, ""channelTitle"": ""쿠누네 가족 이야기 "", ""categoryId"": ""22"", ""liveBroadcastContent"": ""none"", ""defaultLanguage"": ""ko"", ""localized"": {""title"": ""[shorts] no.41 - 왁뿌볼 첫 도전 결과는...?🤣 창신동 완구거리 쇼핑"", ""description"": ""* 2026.6.13.토 \n\n창신동 완구거리에서 왁뿌볼, 말랑이 쇼핑하고 왔어요✨\n\n처음 해보는 왁뿌볼은 생각보다 쉽지 않았지만😅\n무지개 말랑이와 사장님 추천 청사과 말랑이까지 대만족!\n\n결국 또 사러 가야겠네요😂\n\n#창신동완구거리 #왁뿌볼 #말랑이 #말랑이언박싱\n#ASMR #무지개말랑이 #청사과왁뿌볼 #완구거리""}, ""defaultAudioLanguage"": ""ko""}, ""statistics"": {""viewCount"": ""523"", ""likeCount"": ""5"", ""favoriteCount"": ""0"", ""commentCount"": ""0""}}"
왁뿌볼,preset,왁뿌볼,4k7pZw1I-ek,현대인의 스트레스는 왁뿌볼로 뿌셔! 왁뿌볼 200% 즐기는 방법 #왁뿌볼 #브이로그 #vlog #스트레스해소 #뿌셔뿌셔,2026-06-14T03:00:30Z,0,0,0,https://www.youtube.com/watch?v=4k7pZw1I-ek,youtube,왁뿌볼,canonical,1.0,2026-06-14T04:32:08.673355+00:00,0,0,0,0,필카피카(Filcapika),,"{""kind"": ""youtube#video"", ""etag"": ""Wwfj68Z0JgX4D10UrAMtpfXimDQ"", ""id"": ""4k7pZw1I-ek"", ""snippet"": {""publishedAt"": ""2026-06-14T03:00:30Z"", ""channelId"": ""UC10JalYipxkEKRoXhqWV9Ng"", ""title"": ""현대인의 스트레스는 왁뿌볼로 뿌셔! 왁뿌볼 200% 즐기는 방법 #왁뿌볼 #브이로그 #vlog #스트레스해소 #뿌셔뿌셔"", ""description"": """", ""thumbnails"": {""default"": {""url"": ""https://i.ytimg.com/vi/4k7pZw1I-ek/default.jpg"", ""width"": 120, ""height"": 90}, ""medium"": {""url"": ""https://i.ytimg.com/vi/4k7pZw1I-ek/mqdefault.jpg"", ""width"": 320, ""height"": 180}, ""high"": {""url"": ""https://i.ytimg.com/vi/4k7pZw1I-ek/hqdefault.jpg"", ""width"": 480, ""height"": 360}, ""standard"": {""url"": ""https://i.ytimg.com/vi/4k7pZw1I-ek/sddefault.jpg"", ""width"": 640, ""height"": 480}, ""maxres"": {""url"": ""https://i.ytimg.com/vi/4k7pZw1I-ek/maxresdefault.jpg"", ""width"": 1280, ""height"": 720}}, ""channelTitle"": ""필카피카(Filcapika)"", ""categoryId"": ""26"", ""liveBroadcastContent"": ""none"", ""defaultLanguage"": ""ko"", ""localized"": {""title"": ""현대인의 스트레스는 왁뿌볼로 뿌셔! 왁뿌볼 200% 즐기는 방법 #왁뿌볼 #브이로그 #vlog #스트레스해소 #뿌셔뿌셔"", ""description"": """"}, ""defaultAudioLanguage"": ""ko""}, ""statistics"": {""viewCount"": ""0"", ""likeCount"": ""0"", ""favoriteCount"": ""0"", ""commentCount"": ""0""}}"
왁뿌볼,preset,왁뿌볼,wxJAPJ7SkUQ,“나도 드디어 왁뿌볼 터지기구했다냐옹”만두말랑,2026-06-14T02:15:12Z,580,5,0,https://www.youtube.com/watch?v=wxJAPJ7SkUQ,youtube,왁뿌볼,canonical,1.0,2026-06-14T04:32:08.673355+00:00,580,5,0,5,"밤우유,밤곰",,"{""kind"": ""youtube#video"", ""etag"": ""NrAc3_DlZhEKCnO4HhQqsjhKm0o"", ""id"": ""wxJAPJ7SkUQ"", ""snippet"": {""publishedAt"": ""2026-06-14T02:15:12Z"", ""channelId"": ""UC9cJp7JHcwLi3bu4MERuvCg"", ""title"": ""“나도 드디어 왁뿌볼 터지기구했다냐옹”만두말랑"", ""description"": """", ""thumbnails"": {""default"": {""url"": ""https://i.ytimg.com/vi/wxJAPJ7SkUQ/default.jpg"", ""width"": 120, ""height"": 90}, ""medium"": {""url"": ""https://i.ytimg.com/vi/wxJAPJ7SkUQ/mqdefault.jpg"", ""width"": 320, ""height"": 180}, ""high"": {""url"": ""https://i.ytimg.com/vi/wxJAPJ7SkUQ/hqdefault.jpg"", ""width"": 480, ""height"": 360}, ""standard"": {""url"": ""https://i.ytimg.com/vi/wxJAPJ7SkUQ/sddefault.jpg"", ""width"": 640, ""height"": 480}, ""maxres"": {""url"": ""https://i.ytimg.com/vi/wxJAPJ7SkUQ/maxresdefault.jpg"", ""width"": 1280, ""height"": 720}}, ""channelTitle"": ""밤우유,밤곰"", ""categoryId"": ""22"", ""liveBroadcastContent"": ""none"", ""defaultLanguage"": ""ko"", ""localized"": {""title"": ""“나도 드디어 왁뿌볼 터지기구했다냐옹”만두말랑"", ""description"": """"}, ""defaultAudioLanguage"": ""ko""}, ""statistics"": {""viewCount"": ""580"", ""likeCount"": ""5"", ""favoriteCount"": ""0""}}"
왁뿌볼,preset,왁뿌볼,I0q-frwl-1c,왁스로 만든 왁뿌볼,2026-06-14T01:54:04Z,479,6,0,https://www.youtube.com/watch?v=I0q-frwl-1c,youtube,왁뿌볼,canonical,1.0,2026-06-14T04:32:08.673355+00:00,479,6,0,6,카피바라 좋아하는 사람,,"{""kind"": ""youtube#video"", ""etag"": ""EPucz5-0ScoDQ3DTu3GGYdAH-bw"", ""id"": ""I0q-frwl-1c"", ""snippet"": {""publishedAt"": ""2026-06-14T01:54:04Z"", ""channelId"": ""UC-ccxuHRpDk0o-ztpAi9w4w"", ""title"": ""왁스로 만든 왁뿌볼"", ""description"": """", ""thumbnails"": {""default"": {""url"": ""https://i.ytimg.com/vi/I0q-frwl-1c/default.jpg"", ""width"": 120, ""height"": 90}, ""medium"": {""url"": ""https://i.ytimg.com/vi/I0q-frwl-1c/mqdefault.jpg"", ""width"": 320, ""height"": 180}, ""high"": {""url"": ""https://i.ytimg.com/vi/I0q-frwl-1c/hqdefault.jpg"", ""width"": 480, ""height"": 360}, ""standard"": {""url"": ""https://i.ytimg.com/vi/I0q-frwl-1c/sddefault.jpg"", ""width"": 640, ""height"": 480}, ""maxres"": {""url"": ""https://i.ytimg.com/vi/I0q-frwl-1c/maxresdefault.jpg"", ""width"": 1280, ""height"": 720}}, ""channelTitle"": ""카피바라 좋아하는 사람"", ""categoryId"": ""22"", ""liveBroadcastContent"": ""none"", ""defaultLanguage"": ""ko"", ""localized"": {""title"": ""왁스로 만든 왁뿌볼"", ""description"": """"}, ""defaultAudioLanguage"": ""ko""}, ""statistics"": {""viewCount"": ""479"", ""likeCount"": ""6"", ""favoriteCount"": ""0""}}"
왁뿌볼,preset,왁뿌볼,tJ6v1n5Gy3A,왁뿌볼,2026-06-14T01:45:33Z,291,16,22,https://www.youtube.com/watch?v=tJ6v1n5Gy3A,youtube,왁뿌볼,canonical,1.0,2026-06-14T04:32:08.673355+00:00,291,16,22,38,김로리,"왁뿌볼도 요즘 유행이라길래 영상으로 만듬
#병맛 #왁뿌볼","{""kind"": ""youtube#video"", ""etag"": ""gtWCYeaCa0u8T7Mhd1RFY_cNyS8"", ""id"": ""tJ6v1n5Gy3A"", ""snippet"": {""publishedAt"": ""2026-06-14T01:45:33Z"", ""channelId"": ""UC9pLmO20LJj40xZSEi7ODQA"", ""title"": ""왁뿌볼"", ""description"": ""왁뿌볼도 요즘 유행이라길래 영상으로 만듬\n#병맛 #왁뿌볼"", ""thumbnails"": {""default"": {""url"": ""https://i.ytimg.com/vi/tJ6v1n5Gy3A/default.jpg"", ""width"": 120, ""height"": 90}, ""medium"": {""url"": ""https://i.ytimg.com/vi/tJ6v1n5Gy3A/mqdefault.jpg"", ""width"": 320, ""height"": 180}, ""high"": {""url"": ""https://i.ytimg.com/vi/tJ6v1n5Gy3A/hqdefault.jpg"", ""width"": 480, ""height"": 360}, ""standard"": {""url"": ""https://i.ytimg.com/vi/tJ6v1n5Gy3A/sddefault.jpg"", ""width"": 640, ""height"": 480}, ""maxres"": {""url"": ""https://i.ytimg.com/vi/tJ6v1n5Gy3A/maxresdefault.jpg"", ""width"": 1280, ""height"": 720}}, ""channelTitle"": ""김로리"", ""tags"": [""왁뿌볼""], ""categoryId"": ""23"", ""liveBroadcastContent"": ""none"", ""defaultLanguage"": ""ko"", ""localized"": {""title"": ""왁뿌볼"", ""description"": ""왁뿌볼도 요즘 유행이라길래 영상으로 만듬\n#병맛 #왁뿌볼""}, ""defaultAudioLanguage"": ""ko""}, ""statistics"": {""viewCount"": ""291"", ""likeCount"": ""16"", ""favoriteCount"": ""0"", ""commentCount"": ""22""}}"
왁뿌볼,preset,왁뿌볼,5mKntmOHsE0,무한 왁뿌볼,2026-06-14T01:36:52Z,1086,6,0,https://www.youtube.com/watch?v=5mKntmOHsE0,youtube,왁뿌볼,canonical,1.0,2026-06-14T04:32:08.673355+00:00,1086,6,0,6,루피의 하루!!,,"{""kind"": ""youtube#video"", ""etag"": ""OogwUMhptZw1yoR8to4ZmN3wxAs"", ""id"": ""5mKntmOHsE0"", ""snippet"": {""publishedAt"": ""2026-06-14T01:36:52Z"", ""channelId"": ""UCCh2p6JtNJzzSi_o6KQXU3Q"", ""title"": ""무한 왁뿌볼"", ""description"": """", ""thumbnails"": {""default"": {""url"": ""https://i.ytimg.com/vi/5mKntmOHsE0/default.jpg"", ""width"": 120, ""height"": 90}, ""medium"": {""url"": ""https://i.ytimg.com/vi/5mKntmOHsE0/mqdefault.jpg"", ""width"": 320, ""height"": 180}, ""high"": {""url"": ""https://i.ytimg.com/vi/5mKntmOHsE0/hqdefault.jpg"", ""width"": 480, ""height"": 360}, ""standard"": {""url"": ""https://i.ytimg.com/vi/5mKntmOHsE0/sddefault.jpg"", ""width"": 640, ""height"": 480}, ""maxres"": {""url"": ""https://i.ytimg.com/vi/5mKntmOHsE0/maxresdefault.jpg"", ""width"": 1280, ""height"": 720}}, ""channelTitle"": ""루피의 하루!!"", ""categoryId"": ""22"", ""liveBroadcastContent"": ""none"", ""defaultLanguage"": ""ko"", ""localized"": {""title"": ""무한 왁뿌볼"", ""description"": """"}, ""defaultAudioLanguage"": ""ko""}, ""statistics"": {""viewCount"": ""1086"", ""likeCount"": ""6"", ""favoriteCount"": ""0"", ""commentCount"": ""0""}}"
왁뿌볼,preset,왁뿌볼,hHbCas8Ub2w,#따니네 만들기 #왁뿌볼 #스퀴시,2026-06-14T01:23:08Z,650,7,0,https://www.youtube.com/watch?v=hHbCas8Ub2w,youtube,왁뿌볼,canonical,1.0,2026-06-14T04:32:08.673355+00:00,650,7,0,7,ento,,"{""kind"": ""youtube#video"", ""etag"": ""0u1pSKqUM3tHKbd5NgNlXtS5Yvs"", ""id"": ""hHbCas8Ub2w"", ""snippet"": {""publishedAt"": ""2026-06-14T01:23:08Z"", ""channelId"": ""UCAk3mBC8BUcp5oPfoq5c4vw"", ""title"": ""#따니네 만들기 #왁뿌볼 #스퀴시"", ""description"": """", ""thumbnails"": {""default"": {""url"": ""https://i.ytimg.com/vi/hHbCas8Ub2w/default.jpg"", ""width"": 120, ""height"": 90}, ""medium"": {""url"": ""https://i.ytimg.com/vi/hHbCas8Ub2w/mqdefault.jpg"", ""width"": 320, ""height"": 180}, ""high"": {""url"": ""https://i.ytimg.com/vi/hHbCas8Ub2w/hqdefault.jpg"", ""width"": 480, ""height"": 360}, ""standard"": {""url"": ""https://i.ytimg.com/vi/hHbCas8Ub2w/sddefault.jpg"", ""width"": 640, ""height"": 480}, ""maxres"": {""url"": ""https://i.ytimg.com/vi/hHbCas8Ub2w/maxresdefault.jpg"", ""width"": 1280, ""height"": 720}}, ""channelTitle"": ""ento"", ""categoryId"": ""22"", ""liveBroadcastContent"": ""none"", ""defaultLanguage"": ""ko"", ""localized"": {""title"": ""#따니네 만들기 #왁뿌볼 #스퀴시"", ""description"": """"}, ""defaultAudioLanguage"": ""ko""}, ""statistics"": {""viewCount"": ""650"", ""likeCount"": ""7"", ""favoriteCount"": ""0""}}"
왁뿌볼,preset,왁뿌볼,pm5va_MBSSg,"조회수 100만찍은 부자유치원 모아보기!! (돈키캣, 황금왁뿌볼, 황금슬라임까지 전부! 조회수만큼 대박꿀잼ㅋㅋㅋ)",2026-06-14T01:00:34Z,2968,0,16,https://www.youtube.com/watch?v=pm5va_MBSSg,youtube,왁뿌볼,canonical,1.0,2026-06-14T04:32:08.673355+00:00,2968,0,16,16,라이채널 Dorai Games,,"{""kind"": ""youtube#video"", ""etag"": ""X5uc_4IUu2XQNRNn-YJ6N-OWDJY"", ""id"": ""pm5va_MBSSg"", ""snippet"": {""publishedAt"": ""2026-06-14T01:00:34Z"", ""channelId"": ""UCLYCSlC4vJp7yxaKcyU81Kw"", ""title"": ""조회수 100만찍은 부자유치원 모아보기!! (돈키캣, 황금왁뿌볼, 황금슬라임까지 전부! 조회수만큼 대박꿀잼ㅋㅋㅋ)"", ""description"": """", ""thumbnails"": {""default"": {""url"": ""https://i.ytimg.com/vi/pm5va_MBSSg/default.jpg"", ""width"": 120, ""height"": 90}, ""medium"": {""url"": ""https://i.ytimg.com/vi/pm5va_MBSSg/mqdefault.jpg"", ""width"": 320, ""height"": 180}, ""high"": {""url"": ""https://i.ytimg.com/vi/pm5va_MBSSg/hqdefault.jpg"", ""width"": 480, ""height"": 360}, ""standard"": {""url"": ""https://i.ytimg.com/vi/pm5va_MBSSg/sddefault.jpg"", ""width"": 640, ""height"": 480}, ""maxres"": {""url"": ""https://i.ytimg.com/vi/pm5va_MBSSg/maxresdefault.jpg"", ""width"": 1280, ""height"": 720}}, ""channelTitle"": ""라이채널 Dorai Games"", ""categoryId"": ""23"", ""liveBroadcastContent"": ""none"", ""defaultLanguage"": ""ko"", ""localized"": {""title"": ""조회수 100만찍은 부자유치원 모아보기!! (돈키캣, 황금왁뿌볼, 황금슬라임까지 전부! 조회수만큼 대박꿀잼ㅋㅋㅋ)"", ""description"": """"}, ""defaultAudioLanguage"": ""ko""}, ""statistics"": {""viewCount"": ""2968"", ""favoriteCount"": ""0"", ""commentCount"": ""16""}}"
왁뿌볼,preset,왁뿌볼,cQnJuK32Gts,공주대 근처 문구점 / 스퀴시 왁뿌볼 #공주여행,2026-06-14T00:57:01Z,1466,9,0,https://www.youtube.com/watch?v=cQnJuK32Gts,youtube,왁뿌볼,canonical,1.0,2026-06-14T04:32:08.673355+00:00,1466,9,0,9,행하로그,,"{""kind"": ""youtube#video"", ""etag"": ""SvwGOamkOyS9JQdQp4t9CXl36Q8"", ""id"": ""cQnJuK32Gts"", ""snippet"": {""publishedAt"": ""2026-06-14T00:57:01Z"", ""channelId"": ""UCoa7HLVi_C7RYiMruuOen9g"", ""title"": ""공주대 근처 문구점 / 스퀴시 왁뿌볼 #공주여행"", ""description"": """", ""thumbnails"": {""default"": {""url"": ""https://i.ytimg.com/vi/cQnJuK32Gts/default.jpg"", ""width"": 120, ""height"": 90}, ""medium"": {""url"": ""https://i.ytimg.com/vi/cQnJuK32Gts/mqdefault.jpg"", ""width"": 320, ""height"": 180}, ""high"": {""url"": ""https://i.ytimg.com/vi/cQnJuK32Gts/hqdefault.jpg"", ""width"": 480, ""height"": 360}, ""standard"": {""url"": ""https://i.ytimg.com/vi/cQnJuK32Gts/sddefault.jpg"", ""width"": 640, ""height"": 480}, ""maxres"": {""url"": ""https://i.ytimg.com/vi/cQnJuK32Gts/maxresdefault.jpg"", ""width"": 1280, ""height"": 720}}, ""channelTitle"": ""행하로그"", ""categoryId"": ""22"", ""liveBroadcastContent"": ""none"", ""defaultLanguage"": ""ko"", ""localized"": {""title"": ""공주대 근처 문구점 / 스퀴시 왁뿌볼 #공주여행"", ""description"": """"}, ""defaultAudioLanguage"": ""ko""}, ""statistics"": {""viewCount"": ""1466"", ""likeCount"": ""9"", ""favoriteCount"": ""0"", ""commentCount"": ""0""}}"
왁뿌볼,preset,왁뿌볼,6QIJ5Gt0eD4,왁뿌볼 뿌시긔,2026-06-14T00:52:39Z,8,1,0,https://www.youtube.com/watch?v=6QIJ5Gt0eD4,youtube,왁뿌볼,canonical,1.0,2026-06-14T04:32:08.673355+00:00,8,1,0,1,단해 왔당!,,"{""kind"": ""youtube#video"", ""etag"": ""ORDCFUKx1aQBi-4iag-EsvtrM7E"", ""id"": ""6QIJ5Gt0eD4"", ""snippet"": {""publishedAt"": ""2026-06-14T00:52:39Z"", ""channelId"": ""UC-GUsloxM8sB9PEdTA7YyGw"", ""title"": ""왁뿌볼 뿌시긔"", ""description"": """", ""thumbnails"": {""default"": {""url"": ""https://i.ytimg.com/vi/6QIJ5Gt0eD4/default.jpg"", ""width"": 120, ""height"": 90}, ""medium"": {""url"": ""https://i.ytimg.com/vi/6QIJ5Gt0eD4/mqdefault.jpg"", ""width"": 320, ""height"": 180}, ""high"": {""url"": ""https://i.ytimg.com/vi/6QIJ5Gt0eD4/hqdefault.jpg"", ""width"": 480, ""height"": 360}, ""standard"": {""url"": ""https://i.ytimg.com/vi/6QIJ5Gt0eD4/sddefault.jpg"", ""width"": 640, ""height"": 480}, ""maxres"": {""url"": ""https://i.ytimg.com/vi/6QIJ5Gt0eD4/maxresdefault.jpg"", ""width"": 1280, ""height"": 720}}, ""channelTitle"": ""단해 왔당!"", ""categoryId"": ""20"", ""liveBroadcastContent"": ""none"", ""defaultLanguage"": ""ko"", ""localized"": {""title"": ""왁뿌볼 뿌시긔"", ""description"": """"}, ""defaultAudioLanguage"": ""ko""}, ""statistics"": {""viewCount"": ""8"", ""likeCount"": ""1"", ""favoriteCount"": ""0""}}"
왁뿌볼,preset,왁뿌볼,hwNxgq2Zpuc,왁뿌볼 ASMR,2026-06-14T00:06:32Z,966,14,2,https://www.youtube.com/watch?v=hwNxgq2Zpuc,youtube,왁뿌볼,canonical,1.0,2026-06-14T04:32:08.673355+00:00,966,14,2,16,쇼핑죠아,"소리 켜고 들어보세요.

이거 왜 이렇게 중독되는 거죠?

한 번 깨기 시작하면 계속 깨고 싶어집니다.

ASMR 좋아하시는 분들은 특히 좋아할 것 같네요.

제품 정보가 궁금하시면 댓글링크 참고해주세요!

#왁뿌볼 #asmr #중독영상 #힐링영상 #만족영상 #스트레스해소 #쇼츠 #릴스 #틱톡추천 #꿀템
※ 쿠팡 파트너스 활동의 일환으로 일정액의 수수료를 제공받을 수 있습니다.","{""kind"": ""youtube#video"", ""etag"": ""9odx17zUO8MNE1YJH1uAyfzWAk8"", ""id"": ""hwNxgq2Zpuc"", ""snippet"": {""publishedAt"": ""2026-06-14T00:06:32Z"", ""channelId"": ""UClJOA4cWVeLrfjOWMwoP8eQ"", ""title"": ""왁뿌볼 ASMR"", ""description"": ""소리 켜고 들어보세요.\n\n이거 왜 이렇게 중독되는 거죠?\n\n한 번 깨기 시작하면 계속 깨고 싶어집니다.\n\nASMR 좋아하시는 분들은 특히 좋아할 것 같네요.\n\n제품 정보가 궁금하시면 댓글링크 참고해주세요!\n\n#왁뿌볼 #asmr #중독영상 #힐링영상 #만족영상 #스트레스해소 #쇼츠 #릴스 #틱톡추천 #꿀템\n※ 쿠팡 파트너스 활동의 일환으로 일정액의 수수료를 제공받을 수 있습니다."", ""thumbnails"": {""default"": {""url"": ""https://i.ytimg.com/vi/hwNxgq2Zpuc/default.jpg"", ""width"": 120, ""height"": 90}, ""medium"": {""url"": ""https://i.ytimg.com/vi/hwNxgq2Zpuc/mqdefault.jpg"", ""width"": 320, ""height"": 180}, ""high"": {""url"": ""https://i.ytimg.com/vi/hwNxgq2Zpuc/hqdefault.jpg"", ""width"": 480, ""height"": 360}, ""standard"": {""url"": ""https://i.ytimg.com/vi/hwNxgq2Zpuc/sddefault.jpg"", ""width"": 640, ""height"": 480}, ""maxres"": {""url"": ""https://i.ytimg.com/vi/hwNxgq2Zpuc/maxresdefault.jpg"", ""width"": 1280, ""height"": 720}}, ""channelTitle"": ""쇼핑죠아"", ""categoryId"": ""22"", ""liveBroadcastContent"": ""none"", ""defaultLanguage"": ""ko"", ""localized"": {""title"": ""왁뿌볼 ASMR"", ""description"": ""소리 켜고 들어보세요.\n\n이거 왜 이렇게 중독되는 거죠?\n\n한 번 깨기 시작하면 계속 깨고 싶어집니다.\n\nASMR 좋아하시는 분들은 특히 좋아할 것 같네요.\n\n제품 정보가 궁금하시면 댓글링크 참고해주세요!\n\n#왁뿌볼 #asmr #중독영상 #힐링영상 #만족영상 #스트레스해소 #쇼츠 #릴스 #틱톡추천 #꿀템\n※ 쿠팡 파트너스 활동의 일환으로 일정액의 수수료를 제공받을 수 있습니다.""}, ""defaultAudioLanguage"": ""ko""}, ""statistics"": {""viewCount"": ""966"", ""likeCount"": ""14"", ""favoriteCount"": ""0"", ""commentCount"": ""2""}}"
왁뿌볼,preset,왁뿌볼,gR5qGCFGcTk,'왁뿌볼' 이었던 것,2026-06-14T00:00:29Z,72557,2283,274,https://www.youtube.com/watch?v=gR5qGCFGcTk,youtube,왁뿌볼,canonical,1.0,2026-06-14T04:32:08.673355+00:00,72557,2283,274,2557,밍모,"#shorts
#왁뿌볼 
#밍모","{""kind"": ""youtube#video"", ""etag"": ""MLi-jc0MoNt5Qybx_UZ-uS6Bv7I"", ""id"": ""gR5qGCFGcTk"", ""snippet"": {""publishedAt"": ""2026-06-14T00:00:29Z"", ""channelId"": ""UCgjaQlejpAnIu0q-xtVfTEw"", ""title"": ""'왁뿌볼' 이었던 것"", ""description"": ""#shorts\n#왁뿌볼 \n#밍모"", ""thumbnails"": {""default"": {""url"": ""https://i.ytimg.com/vi/gR5qGCFGcTk/default.jpg"", ""width"": 120, ""height"": 90}, ""medium"": {""url"": ""https://i.ytimg.com/vi/gR5qGCFGcTk/mqdefault.jpg"", ""width"": 320, ""height"": 180}, ""high"": {""url"": ""https://i.ytimg.com/vi/gR5qGCFGcTk/hqdefault.jpg"", ""width"": 480, ""height"": 360}, ""standard"": {""url"": ""https://i.ytimg.com/vi/gR5qGCFGcTk/sddefault.jpg"", ""width"": 640, ""height"": 480}, ""maxres"": {""url"": ""https://i.ytimg.com/vi/gR5qGCFGcTk/maxresdefault.jpg"", ""width"": 1280, ""height"": 720}}, ""channelTitle"": ""밍모"", ""tags"": [""shorts"", ""쇼츠"", ""밍모 쇼츠"", ""밍모 shorts"", ""유튜브"", ""유튜버"", ""100만 유튜버"", ""밍모"", ""왁뿌"", ""왁뿌볼"", ""밍모 왁뿌볼"", ""아이들 트랜드""], ""categoryId"": ""20"", ""liveBroadcastContent"": ""none"", ""defaultLanguage"": ""ko"", ""localized"": {""title"": ""'왁뿌볼' 이었던 것"", ""description"": ""#shorts\n#왁뿌볼 \n#밍모""}, ""defaultAudioLanguage"": ""ko""}, ""statistics"": {""viewCount"": ""72557"", ""likeCount"": ""2283"", ""favoriteCount"": ""0"", ""commentCount"": ""274""}}"
왁뿌볼,preset,왁뿌볼,rCjsUVdSl04,왁뿌볼ASMR,2026-06-13T23:21:23Z,3025,32,4,https://www.youtube.com/watch?v=rCjsUVdSl04,youtube,왁뿌볼,canonical,1.0,2026-06-14T04:32:08.673355+00:00,3025,32,4,36,방랑객 까를라,"청사과 왁뿌볼 부숴보기

덕분에 할미도 왁뿌 해봤다ㅋㅋㅋ

#창신동문구완구시장 #왁뿌볼 #왁뿌말랑이
#청사과왁뿌말랑이 #장난감 #asmr","{""kind"": ""youtube#video"", ""etag"": ""BiMJT-qa3VozZPKduBCxMnbK3Ik"", ""id"": ""rCjsUVdSl04"", ""snippet"": {""publishedAt"": ""2026-06-13T23:21:23Z"", ""channelId"": ""UC9AiSjQNSs3pinwbtf2YYyA"", ""title"": ""왁뿌볼ASMR"", ""description"": ""청사과 왁뿌볼 부숴보기\n\n덕분에 할미도 왁뿌 해봤다ㅋㅋㅋ\n\n#창신동문구완구시장 #왁뿌볼 #왁뿌말랑이\n#청사과왁뿌말랑이 #장난감 #asmr"", ""thumbnails"": {""default"": {""url"": ""https://i.ytimg.com/vi/rCjsUVdSl04/default.jpg"", ""width"": 120, ""height"": 90}, ""medium"": {""url"": ""https://i.ytimg.com/vi/rCjsUVdSl04/mqdefault.jpg"", ""width"": 320, ""height"": 180}, ""high"": {""url"": ""https://i.ytimg.com/vi/rCjsUVdSl04/hqdefault.jpg"", ""width"": 480, ""height"": 360}, ""standard"": {""url"": ""https://i.ytimg.com/vi/rCjsUVdSl04/sddefault.jpg"", ""width"": 640, ""height"": 480}, ""maxres"": {""url"": ""https://i.ytimg.com/vi/rCjsUVdSl04/maxresdefault.jpg"", ""width"": 1280, ""height"": 720}}, ""channelTitle"": ""방랑객 까를라"", ""categoryId"": ""19"", ""liveBroadcastContent"": ""none"", ""defaultLanguage"": ""ko"", ""localized"": {""title"": ""왁뿌볼ASMR"", ""description"": ""청사과 왁뿌볼 부숴보기\n\n덕분에 할미도 왁뿌 해봤다ㅋㅋㅋ\n\n#창신동문구완구시장 #왁뿌볼 #왁뿌말랑이\n#청사과왁뿌말랑이 #장난감 #asmr""}, ""defaultAudioLanguage"": ""ko""}, ""statistics"": {""viewCount"": ""3025"", ""likeCount"": ""32"", ""favoriteCount"": ""0"", ""commentCount"": ""4""}}"
왁뿌볼,preset,왁뿌볼,6CKXHN_lG9I,#두쫀쿠 #왁뿌볼 #두쫀쿠왁뿌볼 #asmr,2026-06-13T23:11:36Z,8,1,0,https://www.youtube.com/watch?v=6CKXHN_lG9I,youtube,왁뿌볼,canonical,1.0,2026-06-14T04:32:08.673355+00:00,8,1,0,1,규빈짱,,"{""kind"": ""youtube#video"", ""etag"": ""8roN-_kSKqZEQk1PEGMWk9Bj8lw"", ""id"": ""6CKXHN_lG9I"", ""snippet"": {""publishedAt"": ""2026-06-13T23:11:36Z"", ""channelId"": ""UCJG0ZZh3wDcLGLN7tLnoUrg"", ""title"": ""#두쫀쿠 #왁뿌볼 #두쫀쿠왁뿌볼 #asmr"", ""description"": """", ""thumbnails"": {""default"": {""url"": ""https://i.ytimg.com/vi/6CKXHN_lG9I/default.jpg"", ""width"": 120, ""height"": 90}, ""medium"": {""url"": ""https://i.ytimg.com/vi/6CKXHN_lG9I/mqdefault.jpg"", ""width"": 320, ""height"": 180}, ""high"": {""url"": ""https://i.ytimg.com/vi/6CKXHN_lG9I/hqdefault.jpg"", ""width"": 480, ""height"": 360}, ""standard"": {""url"": ""https://i.ytimg.com/vi/6CKXHN_lG9I/sddefault.jpg"", ""width"": 640, ""height"": 480}, ""maxres"": {""url"": ""https://i.ytimg.com/vi/6CKXHN_lG9I/maxresdefault.jpg"", ""width"": 1280, ""height"": 720}}, ""channelTitle"": ""규빈짱"", ""categoryId"": ""22"", ""liveBroadcastContent"": ""none"", ""defaultLanguage"": ""ko"", ""localized"": {""title"": ""#두쫀쿠 #왁뿌볼 #두쫀쿠왁뿌볼 #asmr"", ""description"": """"}, ""defaultAudioLanguage"": ""ko""}, ""statistics"": {""viewCount"": ""8"", ""likeCount"": ""1"", ""favoriteCount"": ""0""}}"
왁뿌볼,preset,왁뿌볼,MRA9LeDmx5E,내가 만든 왁뿌볼,2026-06-13T23:04:21Z,1715,5,1,https://www.youtube.com/watch?v=MRA9LeDmx5E,youtube,왁뿌볼,canonical,1.0,2026-06-14T04:32:08.673355+00:00,1715,5,1,6,로블록스 세상,,"{""kind"": ""youtube#video"", ""etag"": ""gDMIHFUqpiuiR1XtttX_yQMI9PE"", ""id"": ""MRA9LeDmx5E"", ""snippet"": {""publishedAt"": ""2026-06-13T23:04:21Z"", ""channelId"": ""UCcZ_m3i2tmSPWhvBflvyDjw"", ""title"": ""내가 만든 왁뿌볼"", ""description"": """", ""thumbnails"": {""default"": {""url"": ""https://i.ytimg.com/vi/MRA9LeDmx5E/default.jpg"", ""width"": 120, ""height"": 90}, ""medium"": {""url"": ""https://i.ytimg.com/vi/MRA9LeDmx5E/mqdefault.jpg"", ""width"": 320, ""height"": 180}, ""high"": {""url"": ""https://i.ytimg.com/vi/MRA9LeDmx5E/hqdefault.jpg"", ""width"": 480, ""height"": 360}, ""standard"": {""url"": ""https://i.ytimg.com/vi/MRA9LeDmx5E/sddefault.jpg"", ""width"": 640, ""height"": 480}, ""maxres"": {""url"": ""https://i.ytimg.com/vi/MRA9LeDmx5E/maxresdefault.jpg"", ""width"": 1280, ""height"": 720}}, ""channelTitle"": ""로블록스 세상"", ""categoryId"": ""22"", ""liveBroadcastContent"": ""none"", ""defaultLanguage"": ""ko"", ""localized"": {""title"": ""내가 만든 왁뿌볼"", ""description"": """"}, ""defaultAudioLanguage"": ""ko""}, ""statistics"": {""viewCount"": ""1715"", ""likeCount"": ""5"", ""favoriteCount"": ""0"", ""commentCount"": ""1""}}"
왁뿌볼,preset,왁뿌볼,Tq9jTLu9fGo,💖다이소 재료로 왁뿌볼 만들기 (feat. 시행착오편) #shorts,2026-06-13T16:52:48Z,1463,18,0,https://www.youtube.com/watch?v=Tq9jTLu9fGo,youtube,왁뿌볼,canonical,1.0,2026-06-14T04:32:08.673355+00:00,1463,18,0,18,🩵루링힐링☁️,,"{""kind"": ""youtube#video"", ""etag"": ""B7MeW-eiyduHdm9_FicqRaD-xOY"", ""id"": ""Tq9jTLu9fGo"", ""snippet"": {""publishedAt"": ""2026-06-13T16:52:48Z"", ""channelId"": ""UCxa0Kpvie1AKkue8XpkJCuQ"", ""title"": ""💖다이소 재료로 왁뿌볼 만들기 (feat. 시행착오편) #shorts"", ""description"": """", ""thumbnails"": {""default"": {""url"": ""https://i.ytimg.com/vi/Tq9jTLu9fGo/default.jpg"", ""width"": 120, ""height"": 90}, ""medium"": {""url"": ""https://i.ytimg.com/vi/Tq9jTLu9fGo/mqdefault.jpg"", ""width"": 320, ""height"": 180}, ""high"": {""url"": ""https://i.ytimg.com/vi/Tq9jTLu9fGo/hqdefault.jpg"", ""width"": 480, ""height"": 360}, ""standard"": {""url"": ""https://i.ytimg.com/vi/Tq9jTLu9fGo/sddefault.jpg"", ""width"": 640, ""height"": 480}, ""maxres"": {""url"": ""https://i.ytimg.com/vi/Tq9jTLu9fGo/maxresdefault.jpg"", ""width"": 1280, ""height"": 720}}, ""channelTitle"": ""🩵루링힐링☁️"", ""tags"": [""왁뿌볼"", ""왁뿌볼만들기"", ""다이소"", ""Asmr"", ""메이킹"", ""만드는법""], ""categoryId"": ""22"", ""liveBroadcastContent"": ""none"", ""defaultLanguage"": ""ko"", ""localized"": {""title"": ""💖다이소 재료로 왁뿌볼 만들기 (feat. 시행착오편) #shorts"", ""description"": """"}, ""defaultAudioLanguage"": ""ko""}, ""statistics"": {""viewCount"": ""1463"", ""likeCount"": ""18"", ""favoriteCount"": ""0"", ""commentCount"": ""0""}}"
왁뿌볼,preset,왁뿌볼,L91wr3s3Erg,드디어 왁뿌볼 도전(๑•᎑•๑),2026-06-13T16:37:24Z,1127,9,2,https://www.youtube.com/watch?v=L91wr3s3Erg,youtube,왁뿌볼,canonical,1.0,2026-06-14T04:32:08.673355+00:00,1127,9,2,11,은이,"다이소 재료로 만들어봤는데
소리 어떤가요 .ᐣ.ᐟ","{""kind"": ""youtube#video"", ""etag"": ""AX7sWHJkMrN6TEuZtGG_RkBBwEw"", ""id"": ""L91wr3s3Erg"", ""snippet"": {""publishedAt"": ""2026-06-13T16:37:24Z"", ""channelId"": ""UC3P2iD1qx0T_qKOFHWkVelw"", ""title"": ""드디어 왁뿌볼 도전(๑•᎑•๑)"", ""description"": ""다이소 재료로 만들어봤는데\n소리 어떤가요 .ᐣ.ᐟ"", ""thumbnails"": {""default"": {""url"": ""https://i.ytimg.com/vi/L91wr3s3Erg/default.jpg"", ""width"": 120, ""height"": 90}, ""medium"": {""url"": ""https://i.ytimg.com/vi/L91wr3s3Erg/mqdefault.jpg"", ""width"": 320, ""height"": 180}, ""high"": {""url"": ""https://i.ytimg.com/vi/L91wr3s3Erg/hqdefault.jpg"", ""width"": 480, ""height"": 360}, ""standard"": {""url"": ""https://i.ytimg.com/vi/L91wr3s3Erg/sddefault.jpg"", ""width"": 640, ""height"": 480}, ""maxres"": {""url"": ""https://i.ytimg.com/vi/L91wr3s3Erg/maxresdefault.jpg"", ""width"": 1280, ""height"": 720}}, ""channelTitle"": ""은이"", ""categoryId"": ""26"", ""liveBroadcastContent"": ""none"", ""defaultLanguage"": ""ko"", ""localized"": {""title"": ""드디어 왁뿌볼 도전(๑•᎑•๑)"", ""description"": ""다이소 재료로 만들어봤는데\n소리 어떤가요 .ᐣ.ᐟ""}, ""defaultAudioLanguage"": ""ko""}, ""statistics"": {""viewCount"": ""1127"", ""likeCount"": ""9"", ""favoriteCount"": ""0"", ""commentCount"": ""2""}}"
왁뿌볼,preset,왁뿌볼,XpgsR5Jbj3w,왁뿌볼 asmr 1탄! 와구와구 뿌셔보자 #vlogs #릴스 #shortvideo #shots #왁뿌볼 #신상 #인기 #브이로그 #쇼츠 #핫템 #asmr #레시피 #vlog #일상,2026-06-13T16:34:34Z,4830,30,0,https://www.youtube.com/watch?v=XpgsR5Jbj3w,youtube,왁뿌볼,canonical,1.0,2026-06-14T04:32:08.673355+00:00,4830,30,0,30,민하리튜브,,"{""kind"": ""youtube#video"", ""etag"": ""KDfH1xiU7hQm18tuJYF9cMlVM4M"", ""id"": ""XpgsR5Jbj3w"", ""snippet"": {""publishedAt"": ""2026-06-13T16:34:34Z"", ""channelId"": ""UCkViykIhINO1VIjquxXy2xg"", ""title"": ""왁뿌볼 asmr 1탄! 와구와구 뿌셔보자 #vlogs #릴스 #shortvideo #shots #왁뿌볼 #신상 #인기 #브이로그 #쇼츠 #핫템 #asmr #레시피 #vlog #일상"", ""description"": """", ""thumbnails"": {""default"": {""url"": ""https://i.ytimg.com/vi/XpgsR5Jbj3w/default.jpg"", ""width"": 120, ""height"": 90}, ""medium"": {""url"": ""https://i.ytimg.com/vi/XpgsR5Jbj3w/mqdefault.jpg"", ""width"": 320, ""height"": 180}, ""high"": {""url"": ""https://i.ytimg.com/vi/XpgsR5Jbj3w/hqdefault.jpg"", ""width"": 480, ""height"": 360}, ""standard"": {""url"": ""https://i.ytimg.com/vi/XpgsR5Jbj3w/sddefault.jpg"", ""width"": 640, ""height"": 480}, ""maxres"": {""url"": ""https://i.ytimg.com/vi/XpgsR5Jbj3w/maxresdefault.jpg"", ""width"": 1280, ""height"": 720}}, ""channelTitle"": ""민하리튜브"", ""categoryId"": ""24"", ""liveBroadcastContent"": ""none"", ""defaultLanguage"": ""ko"", ""localized"": {""title"": ""왁뿌볼 asmr 1탄! 와구와구 뿌셔보자 #vlogs #릴스 #shortvideo #shots #왁뿌볼 #신상 #인기 #브이로그 #쇼츠 #핫템 #asmr #레시피 #vlog #일상"", ""description"": """"}, ""defaultAudioLanguage"": ""ko""}, ""statistics"": {""viewCount"": ""4830"", ""likeCount"": ""30"", ""favoriteCount"": ""0"", ""commentCount"": ""0""}}"
왁뿌볼,preset,왁뿌볼,X_Q-eRU9tcM,청사과 왁뿌볼 부수기,2026-06-13T16:32:04Z,1033,3,0,https://www.youtube.com/watch?v=X_Q-eRU9tcM,youtube,왁뿌볼,canonical,1.0,2026-06-14T04:32:08.673355+00:00,1033,3,0,3,자 몽,,"{""kind"": ""youtube#video"", ""etag"": ""020kq0vgOWi7ASl4py2A1NDXo2M"", ""id"": ""X_Q-eRU9tcM"", ""snippet"": {""publishedAt"": ""2026-06-13T16:32:04Z"", ""channelId"": ""UCXwH6sqjLUITI6VrDiRUmxw"", ""title"": ""청사과 왁뿌볼 부수기"", ""description"": """", ""thumbnails"": {""default"": {""url"": ""https://i.ytimg.com/vi/X_Q-eRU9tcM/default.jpg"", ""width"": 120, ""height"": 90}, ""medium"": {""url"": ""https://i.ytimg.com/vi/X_Q-eRU9tcM/mqdefault.jpg"", ""width"": 320, ""height"": 180}, ""high"": {""url"": ""https://i.ytimg.com/vi/X_Q-eRU9tcM/hqdefault.jpg"", ""width"": 480, ""height"": 360}, ""standard"": {""url"": ""https://i.ytimg.com/vi/X_Q-eRU9tcM/sddefault.jpg"", ""width"": 640, ""height"": 480}, ""maxres"": {""url"": ""https://i.ytimg.com/vi/X_Q-eRU9tcM/maxresdefault.jpg"", ""width"": 1280, ""height"": 720}}, ""channelTitle"": ""자 몽"", ""categoryId"": ""22"", ""liveBroadcastContent"": ""none"", ""defaultLanguage"": ""ko"", ""localized"": {""title"": ""청사과 왁뿌볼 부수기"", ""description"": """"}, ""defaultAudioLanguage"": ""ko""}, ""statistics"": {""viewCount"": ""1033"", ""likeCount"": ""3"", ""favoriteCount"": ""0"", ""commentCount"": ""0""}}"
왁뿌볼,preset,왁뿌볼,nteWxOukWJU,❄️왁뿌볼 슬랑이 구하기 어려운 이유 납득 완료. #asmr #슬랑이,2026-06-13T14:40:02Z,1041,16,2,https://www.youtube.com/watch?v=nteWxOukWJU,youtube,왁뿌볼,canonical,1.0,2026-06-14T04:32:08.673355+00:00,1041,16,2,18,취미중독,이거 무조건 사세요. 미쳤어요. 완전강추👍,"{""kind"": ""youtube#video"", ""etag"": ""SZBeLOY9bKu7fF6S8rFWLhYx1z4"", ""id"": ""nteWxOukWJU"", ""snippet"": {""publishedAt"": ""2026-06-13T14:40:02Z"", ""channelId"": ""UCVDPHcBMoiXIwBhbG_GxBAg"", ""title"": ""❄️왁뿌볼 슬랑이 구하기 어려운 이유 납득 완료. #asmr #슬랑이"", ""description"": ""이거 무조건 사세요. 미쳤어요. 완전강추👍"", ""thumbnails"": {""default"": {""url"": ""https://i.ytimg.com/vi/nteWxOukWJU/default.jpg"", ""width"": 120, ""height"": 90}, ""medium"": {""url"": ""https://i.ytimg.com/vi/nteWxOukWJU/mqdefault.jpg"", ""width"": 320, ""height"": 180}, ""high"": {""url"": ""https://i.ytimg.com/vi/nteWxOukWJU/hqdefault.jpg"", ""width"": 480, ""height"": 360}, ""standard"": {""url"": ""https://i.ytimg.com/vi/nteWxOukWJU/sddefault.jpg"", ""width"": 640, ""height"": 480}, ""maxres"": {""url"": ""https://i.ytimg.com/vi/nteWxOukWJU/maxresdefault.jpg"", ""width"": 1280, ""height"": 720}}, ""channelTitle"": ""취미중독"", ""categoryId"": ""22"", ""liveBroadcastContent"": ""none"", ""defaultLanguage"": ""ko"", ""localized"": {""title"": ""❄️왁뿌볼 슬랑이 구하기 어려운 이유 납득 완료. #asmr #슬랑이"", ""description"": ""이거 무조건 사세요. 미쳤어요. 완전강추👍""}, ""defaultAudioLanguage"": ""en""}, ""statistics"": {""viewCount"": ""1041"", ""likeCount"": ""16"", ""favoriteCount"": ""0"", ""commentCount"": ""2""}}"
왁뿌볼,preset,왁뿌볼,9Of8ZbCbvVg,엄마앞에서 왁뿌볼 뿌셨는데 .....#shorts#왁뿌볼,2026-06-13T14:38:31Z,2298,17,0,https://www.youtube.com/watch?v=9Of8ZbCbvVg,youtube,왁뿌볼,canonical,1.0,2026-06-14T04:32:08.673355+00:00,2298,17,0,17,스덜,,"{""kind"": ""youtube#video"", ""etag"": ""1szcyYSWHtmNPX4Hh86ayIHC27w"", ""id"": ""9Of8ZbCbvVg"", ""snippet"": {""publishedAt"": ""2026-06-13T14:38:31Z"", ""channelId"": ""UCUWSFJOq6TwB_8bZFka-z_Q"", ""title"": ""엄마앞에서 왁뿌볼 뿌셨는데 .....#shorts#왁뿌볼"", ""description"": """", ""thumbnails"": {""default"": {""url"": ""https://i.ytimg.com/vi/9Of8ZbCbvVg/default.jpg"", ""width"": 120, ""height"": 90}, ""medium"": {""url"": ""https://i.ytimg.com/vi/9Of8ZbCbvVg/mqdefault.jpg"", ""width"": 320, ""height"": 180}, ""high"": {""url"": ""https://i.ytimg.com/vi/9Of8ZbCbvVg/hqdefault.jpg"", ""width"": 480, ""height"": 360}, ""standard"": {""url"": ""https://i.ytimg.com/vi/9Of8ZbCbvVg/sddefault.jpg"", ""width"": 640, ""height"": 480}, ""maxres"": {""url"": ""https://i.ytimg.com/vi/9Of8ZbCbvVg/maxresdefault.jpg"", ""width"": 1280, ""height"": 720}}, ""channelTitle"": ""스덜"", ""tags"": [""shorts"", ""숏츠"", ""엄마반응"", ""가족브이로그"", ""왁뿌볼"", ""왁뿌볼뿌시기"", ""웃긴영상""], ""categoryId"": ""22"", ""liveBroadcastContent"": ""none"", ""defaultLanguage"": ""ko"", ""localized"": {""title"": ""엄마앞에서 왁뿌볼 뿌셨는데 .....#shorts#왁뿌볼"", ""description"": """"}, ""defaultAudioLanguage"": ""ko""}, ""statistics"": {""viewCount"": ""2298"", ""likeCount"": ""17"", ""favoriteCount"": ""0"", ""commentCount"": ""0""}}"
왁뿌볼,preset,왁뿌볼,Fa_pYCHK0wg,[크래비티 막내즈] 💢 왁뿌볼도 터지고 막내즈도 터지고 💢 #shorts #CRAVITY #크래비티 #막내즈 #태영 #성민,2026-06-13T14:35:11Z,2091,26,1,https://www.youtube.com/watch?v=Fa_pYCHK0wg,youtube,왁뿌볼,canonical,1.0,2026-06-14T04:32:08.673355+00:00,2091,26,1,27,모냥,"˗ˏˋ 왁뿌볼을 만들고 부수는 거양 ˎˊ˗ l 막내즈의 왁뿌왁뿌 ASMR🐙🎧
🔗 https://youtu.be/WzLPcX-rz-A?si=YIXJ9Obz8_JhRdhQ","{""kind"": ""youtube#video"", ""etag"": ""o4k01EIt-ccfrBK4x0Qqe3xZKNs"", ""id"": ""Fa_pYCHK0wg"", ""snippet"": {""publishedAt"": ""2026-06-13T14:35:11Z"", ""channelId"": ""UCJlcZCiuNFr1B2IcK4d3SPQ"", ""title"": ""[크래비티 막내즈] 💢 왁뿌볼도 터지고 막내즈도 터지고 💢 #shorts #CRAVITY #크래비티 #막내즈 #태영 #성민"", ""description"": ""˗ˏˋ 왁뿌볼을 만들고 부수는 거양 ˎˊ˗ l 막내즈의 왁뿌왁뿌 ASMR🐙🎧\n🔗 https://youtu.be/WzLPcX-rz-A?si=YIXJ9Obz8_JhRdhQ"", ""thumbnails"": {""default"": {""url"": ""https://i.ytimg.com/vi/Fa_pYCHK0wg/default.jpg"", ""width"": 120, ""height"": 90}, ""medium"": {""url"": ""https://i.ytimg.com/vi/Fa_pYCHK0wg/mqdefault.jpg"", ""width"": 320, ""height"": 180}, ""high"": {""url"": ""https://i.ytimg.com/vi/Fa_pYCHK0wg/hqdefault.jpg"", ""width"": 480, ""height"": 360}, ""standard"": {""url"": ""https://i.ytimg.com/vi/Fa_pYCHK0wg/sddefault.jpg"", ""width"": 640, ""height"": 480}, ""maxres"": {""url"": ""https://i.ytimg.com/vi/Fa_pYCHK0wg/maxresdefault.jpg"", ""width"": 1280, ""height"": 720}}, ""channelTitle"": ""모냥"", ""categoryId"": ""22"", ""liveBroadcastContent"": ""none"", ""defaultLanguage"": ""ko"", ""localized"": {""title"": ""[크래비티 막내즈] 💢 왁뿌볼도 터지고 막내즈도 터지고 💢 #shorts #CRAVITY #크래비티 #막내즈 #태영 #성민"", ""description"": ""˗ˏˋ 왁뿌볼을 만들고 부수는 거양 ˎˊ˗ l 막내즈의 왁뿌왁뿌 ASMR🐙🎧\n🔗 https://youtu.be/WzLPcX-rz-A?si=YIXJ9Obz8_JhRdhQ""}, ""defaultAudioLanguage"": ""ko""}, ""statistics"": {""viewCount"": ""2091"", ""likeCount"": ""26"", ""favoriteCount"": ""0"", ""commentCount"": ""1""}}"
왁뿌볼,preset,왁뿌볼,B93YZ_8Qb6o,막내가 동묘에서 사다준 왁뿌볼이랑 비누슬랑이,2026-06-13T14:25:38Z,1,0,0,https://www.youtube.com/watch?v=B93YZ_8Qb6o,youtube,왁뿌볼,canonical,1.0,2026-06-14T04:32:08.673355+00:00,1,0,0,0,아라,,"{""kind"": ""youtube#video"", ""etag"": ""ExzUjpYkJ2zvaqeP5SssfRe8vvc"", ""id"": ""B93YZ_8Qb6o"", ""snippet"": {""publishedAt"": ""2026-06-13T14:25:38Z"", ""channelId"": ""UC4Pqx3_zA-noYFaLsCe-v6w"", ""title"": ""막내가 동묘에서 사다준 왁뿌볼이랑 비누슬랑이"", ""description"": """", ""thumbnails"": {""default"": {""url"": ""https://i.ytimg.com/vi/B93YZ_8Qb6o/default.jpg"", ""width"": 120, ""height"": 90}, ""medium"": {""url"": ""https://i.ytimg.com/vi/B93YZ_8Qb6o/mqdefault.jpg"", ""width"": 320, ""height"": 180}, ""high"": {""url"": ""https://i.ytimg.com/vi/B93YZ_8Qb6o/hqdefault.jpg"", ""width"": 480, ""height"": 360}, ""standard"": {""url"": ""https://i.ytimg.com/vi/B93YZ_8Qb6o/sddefault.jpg"", ""width"": 640, ""height"": 480}, ""maxres"": {""url"": ""https://i.ytimg.com/vi/B93YZ_8Qb6o/maxresdefault.jpg"", ""width"": 1280, ""height"": 720}}, ""channelTitle"": ""아라"", ""categoryId"": ""19"", ""liveBroadcastContent"": ""none"", ""defaultLanguage"": ""ko"", ""localized"": {""title"": ""막내가 동묘에서 사다준 왁뿌볼이랑 비누슬랑이"", ""description"": """"}, ""defaultAudioLanguage"": ""ko""}, ""statistics"": {""viewCount"": ""1"", ""likeCount"": ""0"", ""favoriteCount"": ""0"", ""commentCount"": ""0""}}"
왁뿌볼,preset,왁뿌볼,v2J_GuzDlvA,[크래비티 막내즈] ASMR도 왁뿌볼도 관심 없는데 재능이 있음 #shorts #CRAVITY #크래비티 #막내즈 #태영 #성민,2026-06-13T14:21:52Z,1777,43,1,https://www.youtube.com/watch?v=v2J_GuzDlvA,youtube,왁뿌볼,canonical,1.0,2026-06-14T04:32:08.673355+00:00,1777,43,1,44,모냥,"˗ˏˋ 왁뿌볼을 만들고 부수는 거양 ˎˊ˗ l 막내즈의 왁뿌왁뿌 ASMR🐙🎧
🔗 https://youtu.be/WzLPcX-rz-A?si=YIXJ9Obz8_JhRdhQ","{""kind"": ""youtube#video"", ""etag"": ""87QUMdQmS5KlBSGc8Y7x50SjjTQ"", ""id"": ""v2J_GuzDlvA"", ""snippet"": {""publishedAt"": ""2026-06-13T14:21:52Z"", ""channelId"": ""UCJlcZCiuNFr1B2IcK4d3SPQ"", ""title"": ""[크래비티 막내즈] ASMR도 왁뿌볼도 관심 없는데 재능이 있음 #shorts #CRAVITY #크래비티 #막내즈 #태영 #성민"", ""description"": ""˗ˏˋ 왁뿌볼을 만들고 부수는 거양 ˎˊ˗ l 막내즈의 왁뿌왁뿌 ASMR🐙🎧\n🔗 https://youtu.be/WzLPcX-rz-A?si=YIXJ9Obz8_JhRdhQ"", ""thumbnails"": {""default"": {""url"": ""https://i.ytimg.com/vi/v2J_GuzDlvA/default.jpg"", ""width"": 120, ""height"": 90}, ""medium"": {""url"": ""https://i.ytimg.com/vi/v2J_GuzDlvA/mqdefault.jpg"", ""width"": 320, ""height"": 180}, ""high"": {""url"": ""https://i.ytimg.com/vi/v2J_GuzDlvA/hqdefault.jpg"", ""width"": 480, ""height"": 360}, ""standard"": {""url"": ""https://i.ytimg.com/vi/v2J_GuzDlvA/sddefault.jpg"", ""width"": 640, ""height"": 480}, ""maxres"": {""url"": ""https://i.ytimg.com/vi/v2J_GuzDlvA/maxresdefault.jpg"", ""width"": 1280, ""height"": 720}}, ""channelTitle"": ""모냥"", ""categoryId"": ""22"", ""liveBroadcastContent"": ""none"", ""defaultLanguage"": ""ko"", ""localized"": {""title"": ""[크래비티 막내즈] ASMR도 왁뿌볼도 관심 없는데 재능이 있음 #shorts #CRAVITY #크래비티 #막내즈 #태영 #성민"", ""description"": ""˗ˏˋ 왁뿌볼을 만들고 부수는 거양 ˎˊ˗ l 막내즈의 왁뿌왁뿌 ASMR🐙🎧\n🔗 https://youtu.be/WzLPcX-rz-A?si=YIXJ9Obz8_JhRdhQ""}, ""defaultAudioLanguage"": ""ko""}, ""statistics"": {""viewCount"": ""1777"", ""likeCount"": ""43"", ""favoriteCount"": ""0"", ""commentCount"": ""1""}}"
왁뿌볼,preset,왁뿌볼,CNSd_HLzsFs,망한 왁뿌볼,2026-06-13T14:18:54Z,1047,5,0,https://www.youtube.com/watch?v=CNSd_HLzsFs,youtube,왁뿌볼,canonical,1.0,2026-06-14T04:32:08.673355+00:00,1047,5,0,5,siola 시올라,,"{""kind"": ""youtube#video"", ""etag"": ""DB7Rq2LTmGQopxmAcj0HnLDYnB8"", ""id"": ""CNSd_HLzsFs"", ""snippet"": {""publishedAt"": ""2026-06-13T14:18:54Z"", ""channelId"": ""UCB1nOPyUc4E-szXwA1oXhvQ"", ""title"": ""망한 왁뿌볼"", ""description"": """", ""thumbnails"": {""default"": {""url"": ""https://i.ytimg.com/vi/CNSd_HLzsFs/default.jpg"", ""width"": 120, ""height"": 90}, ""medium"": {""url"": ""https://i.ytimg.com/vi/CNSd_HLzsFs/mqdefault.jpg"", ""width"": 320, ""height"": 180}, ""high"": {""url"": ""https://i.ytimg.com/vi/CNSd_HLzsFs/hqdefault.jpg"", ""width"": 480, ""height"": 360}, ""standard"": {""url"": ""https://i.ytimg.com/vi/CNSd_HLzsFs/sddefault.jpg"", ""width"": 640, ""height"": 480}, ""maxres"": {""url"": ""https://i.ytimg.com/vi/CNSd_HLzsFs/maxresdefault.jpg"", ""width"": 1280, ""height"": 720}}, ""channelTitle"": ""siola 시올라"", ""categoryId"": ""22"", ""liveBroadcastContent"": ""none"", ""defaultLanguage"": ""ko"", ""localized"": {""title"": ""망한 왁뿌볼"", ""description"": """"}, ""defaultAudioLanguage"": ""ko""}, ""statistics"": {""viewCount"": ""1047"", ""likeCount"": ""5"", ""favoriteCount"": ""0"", ""commentCount"": ""0""}}"
왁뿌볼,preset,왁뿌볼,b_dffKYUR3c,드디어...왁뿌볼을 구했어요!,2026-06-13T13:58:25Z,525,4,0,https://www.youtube.com/watch?v=b_dffKYUR3c,youtube,왁뿌볼,canonical,1.0,2026-06-14T04:32:08.673355+00:00,525,4,0,4,채율TV,,"{""kind"": ""youtube#video"", ""etag"": ""N07Xeif0YMO0ZMb7VYiAn0vYW3U"", ""id"": ""b_dffKYUR3c"", ""snippet"": {""publishedAt"": ""2026-06-13T13:58:25Z"", ""channelId"": ""UCQo11LnwtFyhCBqvvcW_-vg"", ""title"": ""드디어...왁뿌볼을 구했어요!"", ""description"": """", ""thumbnails"": {""default"": {""url"": ""https://i.ytimg.com/vi/b_dffKYUR3c/default.jpg"", ""width"": 120, ""height"": 90}, ""medium"": {""url"": ""https://i.ytimg.com/vi/b_dffKYUR3c/mqdefault.jpg"", ""width"": 320, ""height"": 180}, ""high"": {""url"": ""https://i.ytimg.com/vi/b_dffKYUR3c/hqdefault.jpg"", ""width"": 480, ""height"": 360}, ""standard"": {""url"": ""https://i.ytimg.com/vi/b_dffKYUR3c/sddefault.jpg"", ""width"": 640, ""height"": 480}, ""maxres"": {""url"": ""https://i.ytimg.com/vi/b_dffKYUR3c/maxresdefault.jpg"", ""width"": 1280, ""height"": 720}}, ""channelTitle"": ""채율TV"", ""categoryId"": ""22"", ""liveBroadcastContent"": ""none"", ""defaultLanguage"": ""ko"", ""localized"": {""title"": ""드디어...왁뿌볼을 구했어요!"", ""description"": """"}, ""defaultAudioLanguage"": ""ko""}, ""statistics"": {""viewCount"": ""525"", ""likeCount"": ""4"", ""favoriteCount"": ""0""}}"
왁뿌볼,preset,왁뿌볼,e2JjHXPka78,오랜만이에효🥹#왁뿌볼 타워,2026-06-13T13:44:10Z,216,1,0,https://www.youtube.com/watch?v=e2JjHXPka78,youtube,왁뿌볼,canonical,1.0,2026-06-14T04:32:08.673355+00:00,216,1,0,1,설콩ﾂ,,"{""kind"": ""youtube#video"", ""etag"": ""fDf-Zzcd81BsGrKR6rQ4Q6wsMAE"", ""id"": ""e2JjHXPka78"", ""snippet"": {""publishedAt"": ""2026-06-13T13:44:10Z"", ""channelId"": ""UCaAc8nU_wDdaUoWDGuy6w-g"", ""title"": ""오랜만이에효🥹#왁뿌볼 타워"", ""description"": """", ""thumbnails"": {""default"": {""url"": ""https://i.ytimg.com/vi/e2JjHXPka78/default.jpg"", ""width"": 120, ""height"": 90}, ""medium"": {""url"": ""https://i.ytimg.com/vi/e2JjHXPka78/mqdefault.jpg"", ""width"": 320, ""height"": 180}, ""high"": {""url"": ""https://i.ytimg.com/vi/e2JjHXPka78/hqdefault.jpg"", ""width"": 480, ""height"": 360}, ""standard"": {""url"": ""https://i.ytimg.com/vi/e2JjHXPka78/sddefault.jpg"", ""width"": 640, ""height"": 480}, ""maxres"": {""url"": ""https://i.ytimg.com/vi/e2JjHXPka78/maxresdefault.jpg"", ""width"": 1280, ""height"": 720}}, ""channelTitle"": ""설콩ﾂ"", ""categoryId"": ""22"", ""liveBroadcastContent"": ""none"", ""defaultLanguage"": ""ko"", ""localized"": {""title"": ""오랜만이에효🥹#왁뿌볼 타워"", ""description"": """"}, ""defaultAudioLanguage"": ""ko""}, ""statistics"": {""viewCount"": ""216"", ""likeCount"": ""1"", ""favoriteCount"": ""0"", ""commentCount"": ""0""}}"
왁뿌볼,preset,왁뿌볼,ZEfmMOj_Gi4,직접 왁뿌볼 만들다???!!!소리 키우세여 #추천추천추천추천추천추천추천추천추천추천 #리즘아띄워줘 #눌러주세용 #구독부탁합니다,2026-06-13T13:36:18Z,1536,8,0,https://www.youtube.com/watch?v=ZEfmMOj_Gi4,youtube,왁뿌볼,canonical,1.0,2026-06-14T04:32:08.673355+00:00,1536,8,0,8,채원,,"{""kind"": ""youtube#video"", ""etag"": ""P7jZ7v33NY3n7d-3Nf9Whnit-UY"", ""id"": ""ZEfmMOj_Gi4"", ""snippet"": {""publishedAt"": ""2026-06-13T13:36:18Z"", ""channelId"": ""UCgrjadDYRTgTHjd5076uk3w"", ""title"": ""직접 왁뿌볼 만들다???!!!소리 키우세여 #추천추천추천추천추천추천추천추천추천추천 #리즘아띄워줘 #눌러주세용 #구독부탁합니다"", ""description"": """", ""thumbnails"": {""default"": {""url"": ""https://i.ytimg.com/vi/ZEfmMOj_Gi4/default.jpg"", ""width"": 120, ""height"": 90}, ""medium"": {""url"": ""https://i.ytimg.com/vi/ZEfmMOj_Gi4/mqdefault.jpg"", ""width"": 320, ""height"": 180}, ""high"": {""url"": ""https://i.ytimg.com/vi/ZEfmMOj_Gi4/hqdefault.jpg"", ""width"": 480, ""height"": 360}, ""standard"": {""url"": ""https://i.ytimg.com/vi/ZEfmMOj_Gi4/sddefault.jpg"", ""width"": 640, ""height"": 480}, ""maxres"": {""url"": ""https://i.ytimg.com/vi/ZEfmMOj_Gi4/maxresdefault.jpg"", ""width"": 1280, ""height"": 720}}, ""channelTitle"": ""채원"", ""categoryId"": ""22"", ""liveBroadcastContent"": ""none"", ""defaultLanguage"": ""ko"", ""localized"": {""title"": ""직접 왁뿌볼 만들다???!!!소리 키우세여 #추천추천추천추천추천추천추천추천추천추천 #리즘아띄워줘 #눌러주세용 #구독부탁합니다"", ""description"": """"}, ""defaultAudioLanguage"": ""ko""}, ""statistics"": {""viewCount"": ""1536"", ""likeCount"": ""8"", ""favoriteCount"": ""0""}}"
왁뿌볼,preset,왁뿌볼,UjE9r4EAEa0,뿌셔뿌셔! 왁뿌볼!,2026-06-13T13:28:07Z,26,4,0,https://www.youtube.com/watch?v=UjE9r4EAEa0,youtube,왁뿌볼,canonical,1.0,2026-06-14T04:32:08.673355+00:00,26,4,0,4,러브피치,,"{""kind"": ""youtube#video"", ""etag"": ""h8PCTL_kNI7qohV22XRUzhVhyvQ"", ""id"": ""UjE9r4EAEa0"", ""snippet"": {""publishedAt"": ""2026-06-13T13:28:07Z"", ""channelId"": ""UCeMh9WMGhDesJ2Apie97UZw"", ""title"": ""뿌셔뿌셔! 왁뿌볼!"", ""description"": """", ""thumbnails"": {""default"": {""url"": ""https://i.ytimg.com/vi/UjE9r4EAEa0/default.jpg"", ""width"": 120, ""height"": 90}, ""medium"": {""url"": ""https://i.ytimg.com/vi/UjE9r4EAEa0/mqdefault.jpg"", ""width"": 320, ""height"": 180}, ""high"": {""url"": ""https://i.ytimg.com/vi/UjE9r4EAEa0/hqdefault.jpg"", ""width"": 480, ""height"": 360}, ""standard"": {""url"": ""https://i.ytimg.com/vi/UjE9r4EAEa0/sddefault.jpg"", ""width"": 640, ""height"": 480}, ""maxres"": {""url"": ""https://i.ytimg.com/vi/UjE9r4EAEa0/maxresdefault.jpg"", ""width"": 1280, ""height"": 720}}, ""channelTitle"": ""러브피치"", ""categoryId"": ""22"", ""liveBroadcastContent"": ""none"", ""defaultLanguage"": ""ko"", ""localized"": {""title"": ""뿌셔뿌셔! 왁뿌볼!"", ""description"": """"}, ""defaultAudioLanguage"": ""ko""}, ""statistics"": {""viewCount"": ""26"", ""likeCount"": ""4"", ""favoriteCount"": ""0""}}"
왁뿌볼,preset,왁뿌볼,BHPFCypvIsw,청사가 왁뿌볼,2026-06-13T13:02:58Z,17,2,0,https://www.youtube.com/watch?v=BHPFCypvIsw,youtube,왁뿌볼,canonical,1.0,2026-06-14T04:32:08.673355+00:00,17,2,0,2,장만루피,,"{""kind"": ""youtube#video"", ""etag"": ""F-GZOSX5_Znew-SIRhhzu9g6fqY"", ""id"": ""BHPFCypvIsw"", ""snippet"": {""publishedAt"": ""2026-06-13T13:02:58Z"", ""channelId"": ""UCZjLmrc4efZ2-9zfKXMv1qw"", ""title"": ""청사가 왁뿌볼"", ""description"": """", ""thumbnails"": {""default"": {""url"": ""https://i.ytimg.com/vi/BHPFCypvIsw/default.jpg"", ""width"": 120, ""height"": 90}, ""medium"": {""url"": ""https://i.ytimg.com/vi/BHPFCypvIsw/mqdefault.jpg"", ""width"": 320, ""height"": 180}, ""high"": {""url"": ""https://i.ytimg.com/vi/BHPFCypvIsw/hqdefault.jpg"", ""width"": 480, ""height"": 360}, ""standard"": {""url"": ""https://i.ytimg.com/vi/BHPFCypvIsw/sddefault.jpg"", ""width"": 640, ""height"": 480}, ""maxres"": {""url"": ""https://i.ytimg.com/vi/BHPFCypvIsw/maxresdefault.jpg"", ""width"": 1280, ""height"": 720}}, ""channelTitle"": ""장만루피"", ""categoryId"": ""22"", ""liveBroadcastContent"": ""none"", ""defaultLanguage"": ""ko"", ""localized"": {""title"": ""청사가 왁뿌볼"", ""description"": """"}, ""defaultAudioLanguage"": ""ko""}, ""statistics"": {""viewCount"": ""17"", ""likeCount"": ""2"", ""favoriteCount"": ""0""}}"
왁뿌볼,preset,왁뿌볼,KeY-VZA6taA,밤티왁뿌볼 뿌시기 터졌어용가리치킨.. #구독부탁합니다 #좋아요댓글도(?),2026-06-13T12:57:35Z,1137,5,0,https://www.youtube.com/watch?v=KeY-VZA6taA,youtube,왁뿌볼,canonical,1.0,2026-06-14T04:32:08.673355+00:00,1137,5,0,5,🍑행복한 연둥🍑,,"{""kind"": ""youtube#video"", ""etag"": ""8RmNQuvfZqaToy6unYxeldSNum4"", ""id"": ""KeY-VZA6taA"", ""snippet"": {""publishedAt"": ""2026-06-13T12:57:35Z"", ""channelId"": ""UCA58A3WM6hDM5BiBP8L-uiQ"", ""title"": ""밤티왁뿌볼 뿌시기 터졌어용가리치킨.. #구독부탁합니다 #좋아요댓글도(?)"", ""description"": """", ""thumbnails"": {""default"": {""url"": ""https://i.ytimg.com/vi/KeY-VZA6taA/default.jpg"", ""width"": 120, ""height"": 90}, ""medium"": {""url"": ""https://i.ytimg.com/vi/KeY-VZA6taA/mqdefault.jpg"", ""width"": 320, ""height"": 180}, ""high"": {""url"": ""https://i.ytimg.com/vi/KeY-VZA6taA/hqdefault.jpg"", ""width"": 480, ""height"": 360}, ""standard"": {""url"": ""https://i.ytimg.com/vi/KeY-VZA6taA/sddefault.jpg"", ""width"": 640, ""height"": 480}, ""maxres"": {""url"": ""https://i.ytimg.com/vi/KeY-VZA6taA/maxresdefault.jpg"", ""width"": 1280, ""height"": 720}}, ""channelTitle"": ""🍑행복한 연둥🍑"", ""categoryId"": ""22"", ""liveBroadcastContent"": ""none"", ""defaultLanguage"": ""ko"", ""localized"": {""title"": ""밤티왁뿌볼 뿌시기 터졌어용가리치킨.. #구독부탁합니다 #좋아요댓글도(?)"", ""description"": """"}, ""defaultAudioLanguage"": ""ko""}, ""statistics"": {""viewCount"": ""1137"", ""likeCount"": ""5"", ""favoriteCount"": ""0""}}"
왁뿌볼,preset,왁뿌볼,ukHFxes69nI,슬랑이퍼티왁뿌볼 ASMR (slime asmr),2026-06-13T12:39:33Z,293,25,11,https://www.youtube.com/watch?v=ukHFxes69nI,youtube,왁뿌볼,canonical,1.0,2026-06-14T04:32:08.673355+00:00,293,25,11,36,수수,"유튜버 꿈나무의 영상을 보고 계십니다

제가 산 제품이랑 똑같은 제품 찾아서 넣었습니다-! 
이름 참고해주세요 (신기해서 해본거 비🤫밀)
저는 문구거리에서 샤베트 4,0 / 퍼티 5,0 / 왁뿌볼 3,0 주고 샀어요

00:00 시작
01:30 샤베트 슬랑이
09:00 박사퍼티슬라임
22:16 왁뿌볼 
30:49 마무리 인사

#말랑이 #왁뿌볼 #슬랑이 #slime #slimeasmr #수면ASMR #팅글ASMR #장난감ASMR #힐링ASMR #잠오는소리 #koreanasmr #불면증 #잠안올때 #한국유행 #촉감놀이","{""kind"": ""youtube#video"", ""etag"": ""qO0_wWoJVeEUpy3ZuNw_TByflHE"", ""id"": ""ukHFxes69nI"", ""snippet"": {""publishedAt"": ""2026-06-13T12:39:33Z"", ""channelId"": ""UC6qYo6nhMJ70uUYP-yXnnMg"", ""title"": ""슬랑이퍼티왁뿌볼 ASMR (slime asmr)"", ""description"": ""유튜버 꿈나무의 영상을 보고 계십니다\n\n제가 산 제품이랑 똑같은 제품 찾아서 넣었습니다-! \n이름 참고해주세요 (신기해서 해본거 비🤫밀)\n저는 문구거리에서 샤베트 4,0 / 퍼티 5,0 / 왁뿌볼 3,0 주고 샀어요\n\n00:00 시작\n01:30 샤베트 슬랑이\n09:00 박사퍼티슬라임\n22:16 왁뿌볼 \n30:49 마무리 인사\n\n#말랑이 #왁뿌볼 #슬랑이 #slime #slimeasmr #수면ASMR #팅글ASMR #장난감ASMR #힐링ASMR #잠오는소리 #koreanasmr #불면증 #잠안올때 #한국유행 #촉감놀이"", ""thumbnails"": {""default"": {""url"": ""https://i.ytimg.com/vi/ukHFxes69nI/default.jpg"", ""width"": 120, ""height"": 90}, ""medium"": {""url"": ""https://i.ytimg.com/vi/ukHFxes69nI/mqdefault.jpg"", ""width"": 320, ""height"": 180}, ""high"": {""url"": ""https://i.ytimg.com/vi/ukHFxes69nI/hqdefault.jpg"", ""width"": 480, ""height"": 360}, ""standard"": {""url"": ""https://i.ytimg.com/vi/ukHFxes69nI/sddefault.jpg"", ""width"": 640, ""height"": 480}, ""maxres"": {""url"": ""https://i.ytimg.com/vi/ukHFxes69nI/maxresdefault.jpg"", ""width"": 1280, ""height"": 720}}, ""channelTitle"": ""수수"", ""categoryId"": ""22"", ""liveBroadcastContent"": ""none"", ""defaultLanguage"": ""ko"", ""localized"": {""title"": ""슬랑이퍼티왁뿌볼 ASMR (slime asmr)"", ""description"": ""유튜버 꿈나무의 영상을 보고 계십니다\n\n제가 산 제품이랑 똑같은 제품 찾아서 넣었습니다-! \n이름 참고해주세요 (신기해서 해본거 비🤫밀)\n저는 문구거리에서 샤베트 4,0 / 퍼티 5,0 / 왁뿌볼 3,0 주고 샀어요\n\n00:00 시작\n01:30 샤베트 슬랑이\n09:00 박사퍼티슬라임\n22:16 왁뿌볼 \n30:49 마무리 인사\n\n#말랑이 #왁뿌볼 #슬랑이 #slime #slimeasmr #수면ASMR #팅글ASMR #장난감ASMR #힐링ASMR #잠오는소리 #koreanasmr #불면증 #잠안올때 #한국유행 #촉감놀이""}, ""defaultAudioLanguage"": ""ko""}, ""statistics"": {""viewCount"": ""293"", ""likeCount"": ""25"", ""favoriteCount"": ""0"", ""commentCount"": ""11""}}"
왁뿌볼,preset,왁뿌볼,QAwWPMFTqYE,토마토왁뿌볼이지롱~🍅🥫✌️ #왁뿌볼 #clay #말랑이도감 #asmr #슬랑이 #squishy #stressball,2026-06-13T12:23:43Z,578,7,0,https://www.youtube.com/watch?v=QAwWPMFTqYE,youtube,왁뿌볼,canonical,1.0,2026-06-14T04:32:08.673355+00:00,578,7,0,7,Ram_plasticspoon,,"{""kind"": ""youtube#video"", ""etag"": ""lM95MA388Zc5eN4qjiEmThWRIWw"", ""id"": ""QAwWPMFTqYE"", ""snippet"": {""publishedAt"": ""2026-06-13T12:23:43Z"", ""channelId"": ""UCuvTgDP6kyxPJxH_suBqjZA"", ""title"": ""토마토왁뿌볼이지롱~🍅🥫✌️ #왁뿌볼 #clay #말랑이도감 #asmr #슬랑이 #squishy #stressball"", ""description"": """", ""thumbnails"": {""default"": {""url"": ""https://i.ytimg.com/vi/QAwWPMFTqYE/default.jpg"", ""width"": 120, ""height"": 90}, ""medium"": {""url"": ""https://i.ytimg.com/vi/QAwWPMFTqYE/mqdefault.jpg"", ""width"": 320, ""height"": 180}, ""high"": {""url"": ""https://i.ytimg.com/vi/QAwWPMFTqYE/hqdefault.jpg"", ""width"": 480, ""height"": 360}, ""standard"": {""url"": ""https://i.ytimg.com/vi/QAwWPMFTqYE/sddefault.jpg"", ""width"": 640, ""height"": 480}, ""maxres"": {""url"": ""https://i.ytimg.com/vi/QAwWPMFTqYE/maxresdefault.jpg"", ""width"": 1280, ""height"": 720}}, ""channelTitle"": ""Ram_plasticspoon"", ""categoryId"": ""26"", ""liveBroadcastContent"": ""none"", ""defaultLanguage"": ""ko"", ""localized"": {""title"": ""토마토왁뿌볼이지롱~🍅🥫✌️ #왁뿌볼 #clay #말랑이도감 #asmr #슬랑이 #squishy #stressball"", ""description"": """"}, ""defaultAudioLanguage"": ""ko""}, ""statistics"": {""viewCount"": ""578"", ""likeCount"": ""7"", ""favoriteCount"": ""0"", ""commentCount"": ""0""}}"
왁뿌볼,preset,왁뿌볼,WzLPcX-rz-A,˗ˏˋ왁뿌볼을 만들고 부수는 거양ˎˊ˗ l 막내즈의 왁뿌왁뿌 ASMR🐙🎧,2026-06-13T12:00:01Z,13372,1294,111,https://www.youtube.com/watch?v=WzLPcX-rz-A,youtube,왁뿌볼,canonical,1.0,2026-06-14T04:32:08.673355+00:00,13372,1294,111,1405,CRAVITY,"▶More information

CRAVITY Official Berriz         : https://berriz.in/cravity/
CRAVITY Official X                 : http://twitter.com/CRAVITYstarship
                                                  : http://twitter.com/CRAVITY_twt
CRAVITY Official Instagram : https://www.instagram.com/cravity_official/
CRAVITY Official TikTok       : https://www.tiktok.com/@cravityofficial
CRAVITY Official Weibo        : http://weibo.com/cravity

#CRAVITY #크래비티 #ReDeFINE #AWAKE","{""kind"": ""youtube#video"", ""etag"": ""hmt25M-McLn77ED2WyW4C831VDE"", ""id"": ""WzLPcX-rz-A"", ""snippet"": {""publishedAt"": ""2026-06-13T12:00:01Z"", ""channelId"": ""UCRm-0JVuUFh5HV7NGG7qXlQ"", ""title"": ""˗ˏˋ왁뿌볼을 만들고 부수는 거양ˎˊ˗ l 막내즈의 왁뿌왁뿌 ASMR🐙🎧"", ""description"": ""▶More information\n\nCRAVITY Official Berriz         : https://berriz.in/cravity/\nCRAVITY Official X                 : http://twitter.com/CRAVITYstarship\n                                                  : http://twitter.com/CRAVITY_twt\nCRAVITY Official Instagram : https://www.instagram.com/cravity_official/\nCRAVITY Official TikTok       : https://www.tiktok.com/@cravityofficial\nCRAVITY Official Weibo        : http://weibo.com/cravity\n\n#CRAVITY #크래비티 #ReDeFINE #AWAKE"", ""thumbnails"": {""default"": {""url"": ""https://i.ytimg.com/vi/WzLPcX-rz-A/default.jpg"", ""width"": 120, ""height"": 90}, ""medium"": {""url"": ""https://i.ytimg.com/vi/WzLPcX-rz-A/mqdefault.jpg"", ""width"": 320, ""height"": 180}, ""high"": {""url"": ""https://i.ytimg.com/vi/WzLPcX-rz-A/hqdefault.jpg"", ""width"": 480, ""height"": 360}, ""standard"": {""url"": ""https://i.ytimg.com/vi/WzLPcX-rz-A/sddefault.jpg"", ""width"": 640, ""height"": 480}, ""maxres"": {""url"": ""https://i.ytimg.com/vi/WzLPcX-rz-A/maxresdefault.jpg"", ""width"": 1280, ""height"": 720}}, ""channelTitle"": ""CRAVITY"", ""tags"": [""Kpop"", ""1theK"", ""Starshiptv"", ""starship"", ""loen"", ""로엔"", ""뮤비"", ""티져"", ""MV"", ""Teaser"", ""신곡"", ""new"", ""song"", ""한류"", ""idol"", ""hallyu"", ""ロエン"", ""ミュージック"", ""ミュージックビデオ"", ""アイドル"", ""韓流"", ""韓国"", ""아이돌"", ""크래비티"", ""cravity"", ""세림"", ""앨런"", ""정모"", ""우빈"", ""원진"", ""민희"", ""형준"", ""태영"", ""성민"", ""serim"", ""allen"", ""jungmo"", ""woobin"", ""wonjin"", ""minhee"", ""hyeongjun"", ""taeyoung"", ""seongmin"", ""컨셉필름"", ""컨셉"", ""필름"", ""카카오"", ""kakao"", ""비하인드"", ""behind"", ""씨레코즈"", ""C-Record"", ""씨리얼"", ""C-real"", ""씨로그"", ""C-log"", ""concept film"", ""behind the scenes"", ""behind the scene"", ""씨레코드"", ""컴백"", ""comeback"", ""TikTok"", ""틱톡"", ""앨범"", ""Album"", ""미니 8집"", ""ReDeFINE"", ""AWAKE"", ""어웨이크""], ""categoryId"": ""22"", ""liveBroadcastContent"": ""none"", ""defaultLanguage"": ""ko"", ""localized"": {""title"": ""˗ˏˋ왁뿌볼을 만들고 부수는 거양ˎˊ˗ l 막내즈의 왁뿌왁뿌 ASMR🐙🎧"", ""description"": ""▶More information\n\nCRAVITY Official Berriz         : https://berriz.in/cravity/\nCRAVITY Official X                 : http://twitter.com/CRAVITYstarship\n                                                  : http://twitter.com/CRAVITY_twt\nCRAVITY Official Instagram : https://www.instagram.com/cravity_official/\nCRAVITY Official TikTok       : https://www.tiktok.com/@cravityofficial\nCRAVITY Official Weibo        : http://weibo.com/cravity\n\n#CRAVITY #크래비티 #ReDeFINE #AWAKE""}, ""defaultAudioLanguage"": ""ko""}, ""statistics"": {""viewCount"": ""13372"", ""likeCount"": ""1294"", ""favoriteCount"": ""0"", ""commentCount"": ""111""}}"
왁뿌볼,preset,왁뿌볼,38C571XDo0U,왁뿌볼 뿌수기,2026-06-13T11:42:16Z,786,10,3,https://www.youtube.com/watch?v=38C571XDo0U,youtube,왁뿌볼,canonical,1.0,2026-06-14T04:32:08.673355+00:00,786,10,3,13,꼬물딱쪼물딱_ggoddak,#slime #waxslime #왁뿌볼 #왁뿌,"{""kind"": ""youtube#video"", ""etag"": ""A35FnrZgFdCbZbUpNrGEi0NoWyY"", ""id"": ""38C571XDo0U"", ""snippet"": {""publishedAt"": ""2026-06-13T11:42:16Z"", ""channelId"": ""UCw3c4fyaCezK4nrnvycvdRg"", ""title"": ""왁뿌볼 뿌수기"", ""description"": ""#slime #waxslime #왁뿌볼 #왁뿌"", ""thumbnails"": {""default"": {""url"": ""https://i.ytimg.com/vi/38C571XDo0U/default.jpg"", ""width"": 120, ""height"": 90}, ""medium"": {""url"": ""https://i.ytimg.com/vi/38C571XDo0U/mqdefault.jpg"", ""width"": 320, ""height"": 180}, ""high"": {""url"": ""https://i.ytimg.com/vi/38C571XDo0U/hqdefault.jpg"", ""width"": 480, ""height"": 360}, ""standard"": {""url"": ""https://i.ytimg.com/vi/38C571XDo0U/sddefault.jpg"", ""width"": 640, ""height"": 480}, ""maxres"": {""url"": ""https://i.ytimg.com/vi/38C571XDo0U/maxresdefault.jpg"", ""width"": 1280, ""height"": 720}}, ""channelTitle"": ""꼬물딱쪼물딱_ggoddak"", ""tags"": [""슬라임"", ""왁뿌볼"", ""왁뿌""], ""categoryId"": ""22"", ""liveBroadcastContent"": ""none"", ""defaultLanguage"": ""ko"", ""localized"": {""title"": ""왁뿌볼 뿌수기"", ""description"": ""#slime #waxslime #왁뿌볼 #왁뿌""}, ""defaultAudioLanguage"": ""ko""}, ""statistics"": {""viewCount"": ""786"", ""likeCount"": ""10"", ""favoriteCount"": ""0"", ""commentCount"": ""3""}}"
왁뿌볼,preset,왁뿌볼,wMNPoLV-liY,왁뿌볼 언박싱,2026-06-13T11:42:37Z,787,11,0,https://www.youtube.com/watch?v=wMNPoLV-liY,youtube,왁뿌볼,canonical,1.0,2026-06-14T04:32:08.673355+00:00,787,11,0,11,뻥튀기소녀,,"{""kind"": ""youtube#video"", ""etag"": ""H0hClkuSdYVSYmjE7Pw7NDjfC8Y"", ""id"": ""wMNPoLV-liY"", ""snippet"": {""publishedAt"": ""2026-06-13T11:42:37Z"", ""channelId"": ""UC0-AougaGIFRpxj38O1BWGw"", ""title"": ""왁뿌볼 언박싱"", ""description"": """", ""thumbnails"": {""default"": {""url"": ""https://i.ytimg.com/vi/wMNPoLV-liY/default.jpg"", ""width"": 120, ""height"": 90}, ""medium"": {""url"": ""https://i.ytimg.com/vi/wMNPoLV-liY/mqdefault.jpg"", ""width"": 320, ""height"": 180}, ""high"": {""url"": ""https://i.ytimg.com/vi/wMNPoLV-liY/hqdefault.jpg"", ""width"": 480, ""height"": 360}, ""standard"": {""url"": ""https://i.ytimg.com/vi/wMNPoLV-liY/sddefault.jpg"", ""width"": 640, ""height"": 480}, ""maxres"": {""url"": ""https://i.ytimg.com/vi/wMNPoLV-liY/maxresdefault.jpg"", ""width"": 1280, ""height"": 720}}, ""channelTitle"": ""뻥튀기소녀"", ""categoryId"": ""22"", ""liveBroadcastContent"": ""none"", ""defaultLanguage"": ""ko"", ""localized"": {""title"": ""왁뿌볼 언박싱"", ""description"": """"}, ""defaultAudioLanguage"": ""ko""}, ""statistics"": {""viewCount"": ""787"", ""likeCount"": ""11"", ""favoriteCount"": ""0""}}"
왁뿌볼,preset,왁뿌볼,y1eBFhylCm0,왁뿌볼 만들었는데 결과가...😅🤣 #asmr #유행 #왁뿌볼 #diy,2026-06-13T10:55:15Z,2629,17,5,https://www.youtube.com/watch?v=y1eBFhylCm0,youtube,왁뿌볼,canonical,1.0,2026-06-14T04:32:08.673355+00:00,2629,17,5,22,혜하다hyehada,,"{""kind"": ""youtube#video"", ""etag"": ""bgjaYYdZDaB9ZEWMMV6Zzupdg9w"", ""id"": ""y1eBFhylCm0"", ""snippet"": {""publishedAt"": ""2026-06-13T10:55:15Z"", ""channelId"": ""UCL0GGQsSMbpzOfFfQ7Ed4UQ"", ""title"": ""왁뿌볼 만들었는데 결과가...😅🤣 #asmr #유행 #왁뿌볼 #diy"", ""description"": """", ""thumbnails"": {""default"": {""url"": ""https://i.ytimg.com/vi/y1eBFhylCm0/default.jpg"", ""width"": 120, ""height"": 90}, ""medium"": {""url"": ""https://i.ytimg.com/vi/y1eBFhylCm0/mqdefault.jpg"", ""width"": 320, ""height"": 180}, ""high"": {""url"": ""https://i.ytimg.com/vi/y1eBFhylCm0/hqdefault.jpg"", ""width"": 480, ""height"": 360}, ""standard"": {""url"": ""https://i.ytimg.com/vi/y1eBFhylCm0/sddefault.jpg"", ""width"": 640, ""height"": 480}, ""maxres"": {""url"": ""https://i.ytimg.com/vi/y1eBFhylCm0/maxresdefault.jpg"", ""width"": 1280, ""height"": 720}}, ""channelTitle"": ""혜하다hyehada"", ""categoryId"": ""22"", ""liveBroadcastContent"": ""none"", ""defaultLanguage"": ""ko"", ""localized"": {""title"": ""왁뿌볼 만들었는데 결과가...😅🤣 #asmr #유행 #왁뿌볼 #diy"", ""description"": """"}, ""defaultAudioLanguage"": ""ko""}, ""statistics"": {""viewCount"": ""2629"", ""likeCount"": ""17"", ""favoriteCount"": ""0"", ""commentCount"": ""5""}}"
왁뿌볼,preset,왁뿌볼,MH2YSaVxGGk,#왁뿌 #왁뿌볼 #왁뿌볼asmr #dly #asmr #셀프 #왁뿌볼만들기 #왁뿌소리 #왁뿌볼소리,2026-06-13T10:26:06Z,35,4,0,https://www.youtube.com/watch?v=MH2YSaVxGGk,youtube,왁뿌볼,canonical,1.0,2026-06-14T04:32:08.673355+00:00,35,4,0,4,서아이러브유TV,,"{""kind"": ""youtube#video"", ""etag"": ""OzIJqOIIl4Fsqn432_YI0avhr4c"", ""id"": ""MH2YSaVxGGk"", ""snippet"": {""publishedAt"": ""2026-06-13T10:26:06Z"", ""channelId"": ""UCFKTuu1hkt2GLK6z-VcDwNA"", ""title"": ""#왁뿌 #왁뿌볼 #왁뿌볼asmr #dly #asmr #셀프 #왁뿌볼만들기 #왁뿌소리 #왁뿌볼소리"", ""description"": """", ""thumbnails"": {""default"": {""url"": ""https://i.ytimg.com/vi/MH2YSaVxGGk/default.jpg"", ""width"": 120, ""height"": 90}, ""medium"": {""url"": ""https://i.ytimg.com/vi/MH2YSaVxGGk/mqdefault.jpg"", ""width"": 320, ""height"": 180}, ""high"": {""url"": ""https://i.ytimg.com/vi/MH2YSaVxGGk/hqdefault.jpg"", ""width"": 480, ""height"": 360}, ""standard"": {""url"": ""https://i.ytimg.com/vi/MH2YSaVxGGk/sddefault.jpg"", ""width"": 640, ""height"": 480}, ""maxres"": {""url"": ""https://i.ytimg.com/vi/MH2YSaVxGGk/maxresdefault.jpg"", ""width"": 1280, ""height"": 720}}, ""channelTitle"": ""서아이러브유TV"", ""categoryId"": ""22"", ""liveBroadcastContent"": ""none"", ""defaultLanguage"": ""ko"", ""localized"": {""title"": ""#왁뿌 #왁뿌볼 #왁뿌볼asmr #dly #asmr #셀프 #왁뿌볼만들기 #왁뿌소리 #왁뿌볼소리"", ""description"": """"}, ""defaultAudioLanguage"": ""ko""}, ""statistics"": {""viewCount"": ""35"", ""likeCount"": ""4"", ""favoriteCount"": ""0""}}"
왁뿌볼,preset,왁뿌볼,BZ9ODiwsMJ8,오로라왁뿌볼 소리 미쳤다  #세노 #밈,2026-06-13T10:17:19Z,1076,12,0,https://www.youtube.com/watch?v=BZ9ODiwsMJ8,youtube,왁뿌볼,canonical,1.0,2026-06-14T04:32:08.673355+00:00,1076,12,0,12,루세이아 밀수업자,#세노  #세노팬클립 #vtuber #미츄 #버튜버 #shorts,"{""kind"": ""youtube#video"", ""etag"": ""bMj-5nBR16Rvvi5oRNHVCuFwUbw"", ""id"": ""BZ9ODiwsMJ8"", ""snippet"": {""publishedAt"": ""2026-06-13T10:17:19Z"", ""channelId"": ""UCB61ZBxt__9dwkVt-WJ0XqQ"", ""title"": ""오로라왁뿌볼 소리 미쳤다  #세노 #밈"", ""description"": ""#세노  #세노팬클립 #vtuber #미츄 #버튜버 #shorts"", ""thumbnails"": {""default"": {""url"": ""https://i.ytimg.com/vi/BZ9ODiwsMJ8/default.jpg"", ""width"": 120, ""height"": 90}, ""medium"": {""url"": ""https://i.ytimg.com/vi/BZ9ODiwsMJ8/mqdefault.jpg"", ""width"": 320, ""height"": 180}, ""high"": {""url"": ""https://i.ytimg.com/vi/BZ9ODiwsMJ8/hqdefault.jpg"", ""width"": 480, ""height"": 360}, ""standard"": {""url"": ""https://i.ytimg.com/vi/BZ9ODiwsMJ8/sddefault.jpg"", ""width"": 640, ""height"": 480}, ""maxres"": {""url"": ""https://i.ytimg.com/vi/BZ9ODiwsMJ8/maxresdefault.jpg"", ""width"": 1280, ""height"": 720}}, ""channelTitle"": ""루세이아 밀수업자"", ""categoryId"": ""22"", ""liveBroadcastContent"": ""none"", ""defaultLanguage"": ""ko"", ""localized"": {""title"": ""오로라왁뿌볼 소리 미쳤다  #세노 #밈"", ""description"": ""#세노  #세노팬클립 #vtuber #미츄 #버튜버 #shorts""}, ""defaultAudioLanguage"": ""ko""}, ""statistics"": {""viewCount"": ""1076"", ""likeCount"": ""12"", ""favoriteCount"": ""0""}}"
왁뿌볼,preset,왁뿌볼,ao7glQ72yV8,왁뿌볼 뿌시기,2026-06-13T10:11:12Z,1178,0,0,https://www.youtube.com/watch?v=ao7glQ72yV8,youtube,왁뿌볼,canonical,1.0,2026-06-14T04:32:08.673355+00:00,1178,0,0,0,댕댕이,,"{""kind"": ""youtube#video"", ""etag"": ""Y9GAiXRfapaYpEEu00vOd7d2q4g"", ""id"": ""ao7glQ72yV8"", ""snippet"": {""publishedAt"": ""2026-06-13T10:11:12Z"", ""channelId"": ""UCN25BJXacFixA8QL5J5SMMg"", ""title"": ""왁뿌볼 뿌시기"", ""description"": """", ""thumbnails"": {""default"": {""url"": ""https://i.ytimg.com/vi/ao7glQ72yV8/default.jpg"", ""width"": 120, ""height"": 90}, ""medium"": {""url"": ""https://i.ytimg.com/vi/ao7glQ72yV8/mqdefault.jpg"", ""width"": 320, ""height"": 180}, ""high"": {""url"": ""https://i.ytimg.com/vi/ao7glQ72yV8/hqdefault.jpg"", ""width"": 480, ""height"": 360}, ""standard"": {""url"": ""https://i.ytimg.com/vi/ao7glQ72yV8/sddefault.jpg"", ""width"": 640, ""height"": 480}, ""maxres"": {""url"": ""https://i.ytimg.com/vi/ao7glQ72yV8/maxresdefault.jpg"", ""width"": 1280, ""height"": 720}}, ""channelTitle"": ""댕댕이"", ""categoryId"": ""22"", ""liveBroadcastContent"": ""none"", ""defaultLanguage"": ""ko"", ""localized"": {""title"": ""왁뿌볼 뿌시기"", ""description"": """"}, ""defaultAudioLanguage"": ""ko""}, ""statistics"": {""viewCount"": ""1178"", ""favoriteCount"": ""0""}}"
왁뿌볼,preset,왁뿌볼,0VZmGKUFQeg,뽀글이의 🍏청사과 왁뿌볼🍏뿌시깅 #asmr #asmrsounds #왁뿌볼#슬랑이,2026-06-13T10:08:26Z,1457,11,2,https://www.youtube.com/watch?v=0VZmGKUFQeg,youtube,왁뿌볼,canonical,1.0,2026-06-14T04:32:08.673355+00:00,1457,11,2,13,뽀글이의하루,,"{""kind"": ""youtube#video"", ""etag"": ""F7Vk_NCdL_dq0Is8BkowL0AJcfw"", ""id"": ""0VZmGKUFQeg"", ""snippet"": {""publishedAt"": ""2026-06-13T10:08:26Z"", ""channelId"": ""UCFG3SJphxaZlPGcNsycUy_Q"", ""title"": ""뽀글이의 🍏청사과 왁뿌볼🍏뿌시깅 #asmr #asmrsounds #왁뿌볼#슬랑이"", ""description"": """", ""thumbnails"": {""default"": {""url"": ""https://i.ytimg.com/vi/0VZmGKUFQeg/default.jpg"", ""width"": 120, ""height"": 90}, ""medium"": {""url"": ""https://i.ytimg.com/vi/0VZmGKUFQeg/mqdefault.jpg"", ""width"": 320, ""height"": 180}, ""high"": {""url"": ""https://i.ytimg.com/vi/0VZmGKUFQeg/hqdefault.jpg"", ""width"": 480, ""height"": 360}, ""standard"": {""url"": ""https://i.ytimg.com/vi/0VZmGKUFQeg/sddefault.jpg"", ""width"": 640, ""height"": 480}, ""maxres"": {""url"": ""https://i.ytimg.com/vi/0VZmGKUFQeg/maxresdefault.jpg"", ""width"": 1280, ""height"": 720}}, ""channelTitle"": ""뽀글이의하루"", ""categoryId"": ""22"", ""liveBroadcastContent"": ""none"", ""defaultLanguage"": ""ko"", ""localized"": {""title"": ""뽀글이의 🍏청사과 왁뿌볼🍏뿌시깅 #asmr #asmrsounds #왁뿌볼#슬랑이"", ""description"": """"}, ""defaultAudioLanguage"": ""ko""}, ""statistics"": {""viewCount"": ""1457"", ""likeCount"": ""11"", ""favoriteCount"": ""0"", ""commentCount"": ""2""}}"
왁뿌볼,preset,왁뿌볼,Vvk0QP72uzk,[ASMR] 왁뿌볼 8개 순삭🫪🫪 ,2026-06-13T10:02:54Z,9,3,1,https://www.youtube.com/watch?v=Vvk0QP72uzk,youtube,왁뿌볼,canonical,1.0,2026-06-14T04:32:08.673355+00:00,9,3,1,4,쑤야 SOOYA,"안녕하세요!! 오늘은 저번에 Ansieos 님이 신청해 주셔서 찍어봤어요! 비록 동묘를 가지는 않았지만.. 제가 직접 만들었어요
아니 근데 왜 이렇게 재밌죠..?? 저 찍으면서 계속 와.. 와…이러면서 찍었어요.. 아 그리고 영상이 좀 짧게 느껴질 수도 있는데..! 부수는 모습을 빨리 보고 싶어 하실 것 같아 빨리빨리 했어요! 사실 저도 빨리 부수고 싶었거든요
오늘도 재밌게 봐주시고 굿나잇이에요❤❤","{""kind"": ""youtube#video"", ""etag"": ""aXz-kcIsARMBdiKLfBN-urh2g_E"", ""id"": ""Vvk0QP72uzk"", ""snippet"": {""publishedAt"": ""2026-06-13T10:02:54Z"", ""channelId"": ""UCNyonhlH1uxHwjlj6qRxRjw"", ""title"": ""[ASMR] 왁뿌볼 8개 순삭🫪🫪 "", ""description"": ""안녕하세요!! 오늘은 저번에 Ansieos 님이 신청해 주셔서 찍어봤어요! 비록 동묘를 가지는 않았지만.. 제가 직접 만들었어요\n아니 근데 왜 이렇게 재밌죠..?? 저 찍으면서 계속 와.. 와…이러면서 찍었어요.. 아 그리고 영상이 좀 짧게 느껴질 수도 있는데..! 부수는 모습을 빨리 보고 싶어 하실 것 같아 빨리빨리 했어요! 사실 저도 빨리 부수고 싶었거든요\n오늘도 재밌게 봐주시고 굿나잇이에요❤❤"", ""thumbnails"": {""default"": {""url"": ""https://i.ytimg.com/vi/Vvk0QP72uzk/default.jpg"", ""width"": 120, ""height"": 90}, ""medium"": {""url"": ""https://i.ytimg.com/vi/Vvk0QP72uzk/mqdefault.jpg"", ""width"": 320, ""height"": 180}, ""high"": {""url"": ""https://i.ytimg.com/vi/Vvk0QP72uzk/hqdefault.jpg"", ""width"": 480, ""height"": 360}, ""standard"": {""url"": ""https://i.ytimg.com/vi/Vvk0QP72uzk/sddefault.jpg"", ""width"": 640, ""height"": 480}, ""maxres"": {""url"": ""https://i.ytimg.com/vi/Vvk0QP72uzk/maxresdefault.jpg"", ""width"": 1280, ""height"": 720}}, ""channelTitle"": ""쑤야 SOOYA"", ""tags"": [""#asmr"", ""#ASMR"", ""#왁뿌볼"", ""#말랑이"", ""#슬라임"", ""#액괴""], ""categoryId"": ""22"", ""liveBroadcastContent"": ""none"", ""defaultLanguage"": ""ko"", ""localized"": {""title"": ""[ASMR] 왁뿌볼 8개 순삭🫪🫪 "", ""description"": ""안녕하세요!! 오늘은 저번에 Ansieos 님이 신청해 주셔서 찍어봤어요! 비록 동묘를 가지는 않았지만.. 제가 직접 만들었어요\n아니 근데 왜 이렇게 재밌죠..?? 저 찍으면서 계속 와.. 와…이러면서 찍었어요.. 아 그리고 영상이 좀 짧게 느껴질 수도 있는데..! 부수는 모습을 빨리 보고 싶어 하실 것 같아 빨리빨리 했어요! 사실 저도 빨리 부수고 싶었거든요\n오늘도 재밌게 봐주시고 굿나잇이에요❤❤""}, ""defaultAudioLanguage"": ""ko""}, ""statistics"": {""viewCount"": ""9"", ""likeCount"": ""3"", ""favoriteCount"": ""0"", ""commentCount"": ""1""}}"
왁뿌볼,preset,왁뿌볼,DNItFeSoZ-I,ASMR 고민상담 나이트루틴 왁뿌볼 스트레스볼,2026-06-13T10:00:39Z,818,39,4,https://www.youtube.com/watch?v=DNItFeSoZ-I,youtube,왁뿌볼,canonical,1.0,2026-06-14T04:32:08.673355+00:00,818,39,4,43,권스타,"#권스타 #ASRM #고민상담 #관리

00:00 인트로
01:06 고민상담
07:49 왁뿌볼","{""kind"": ""youtube#video"", ""etag"": ""RfTQ0FakSOFp1PcIV22guobYAcg"", ""id"": ""DNItFeSoZ-I"", ""snippet"": {""publishedAt"": ""2026-06-13T10:00:39Z"", ""channelId"": ""UC4FOp3HQPh71lCASwu2vh1g"", ""title"": ""ASMR 고민상담 나이트루틴 왁뿌볼 스트레스볼"", ""description"": ""#권스타 #ASRM #고민상담 #관리\n\n00:00 인트로\n01:06 고민상담\n07:49 왁뿌볼"", ""thumbnails"": {""default"": {""url"": ""https://i.ytimg.com/vi/DNItFeSoZ-I/default.jpg"", ""width"": 120, ""height"": 90}, ""medium"": {""url"": ""https://i.ytimg.com/vi/DNItFeSoZ-I/mqdefault.jpg"", ""width"": 320, ""height"": 180}, ""high"": {""url"": ""https://i.ytimg.com/vi/DNItFeSoZ-I/hqdefault.jpg"", ""width"": 480, ""height"": 360}, ""standard"": {""url"": ""https://i.ytimg.com/vi/DNItFeSoZ-I/sddefault.jpg"", ""width"": 640, ""height"": 480}, ""maxres"": {""url"": ""https://i.ytimg.com/vi/DNItFeSoZ-I/maxresdefault.jpg"", ""width"": 1280, ""height"": 720}}, ""channelTitle"": ""권스타"", ""categoryId"": ""26"", ""liveBroadcastContent"": ""none"", ""defaultLanguage"": ""ko"", ""localized"": {""title"": ""ASMR 고민상담 나이트루틴 왁뿌볼 스트레스볼"", ""description"": ""#권스타 #ASRM #고민상담 #관리\n\n00:00 인트로\n01:06 고민상담\n07:49 왁뿌볼""}, ""defaultAudioLanguage"": ""ko""}, ""statistics"": {""viewCount"": ""818"", ""likeCount"": ""39"", ""favoriteCount"": ""0"", ""commentCount"": ""4""}}"
왁뿌볼,preset,왁뿌볼,yYNazHoWJz0,"BOYNEXTDOOR 리우 ""왁뿌볼과 사는 남자"" | #순간뽀짝세상에이런아이돌이",2026-06-13T10:00:06Z,54848,6407,444,https://www.youtube.com/watch?v=yYNazHoWJz0,youtube,왁뿌볼,canonical,1.0,2026-06-14T04:32:08.673355+00:00,54848,6407,444,6851,SBSKPOP X INKIGAYO,"BOYNEXTDOOR 리우 ""왁뿌볼과 사는 남자"" | #순간뽀짝세상에이런아이돌이

#리우 #RIWOO #보이넥스트도어 #BOYNEXTDOOR #BND #VIRAL #HOME  #순간뽀짝_세상에_이런_아이돌이 #순간뽀짝 #순뽀 

💼 비즈니스 문의: prismcontent@sbs.co.kr

Copyright Ⓒ 스튜디오 프리즘. All rights reserved. 무단 전재, 재배포 및 AI학습 이용 금지


---------------------------------------------------------------------------------------------------

☞ MORE ＂SBS KPOP＂

- Twitter : https://twitter.com/kpop_sbs
- Facebook : https://www.facebook.com/sbskpop
- Instagram : https://instagram.com/sbskpop_official","{""kind"": ""youtube#video"", ""etag"": ""39folEUk0_3sxGgQXTH_LnE_PDE"", ""id"": ""yYNazHoWJz0"", ""snippet"": {""publishedAt"": ""2026-06-13T10:00:06Z"", ""channelId"": ""UCS_hnpJLQTvBkqALgapi_4g"", ""title"": ""BOYNEXTDOOR 리우 \""왁뿌볼과 사는 남자\"" | #순간뽀짝세상에이런아이돌이"", ""description"": ""BOYNEXTDOOR 리우 \""왁뿌볼과 사는 남자\"" | #순간뽀짝세상에이런아이돌이\n\n#리우 #RIWOO #보이넥스트도어 #BOYNEXTDOOR #BND #VIRAL #HOME  #순간뽀짝_세상에_이런_아이돌이 #순간뽀짝 #순뽀 \n\n💼 비즈니스 문의: prismcontent@sbs.co.kr\n\nCopyright Ⓒ 스튜디오 프리즘. All rights reserved. 무단 전재, 재배포 및 AI학습 이용 금지\n\n\n---------------------------------------------------------------------------------------------------\n\n☞ MORE ＂SBS KPOP＂\n\n- Twitter : https://twitter.com/kpop_sbs\n- Facebook : https://www.facebook.com/sbskpop\n- Instagram : https://instagram.com/sbskpop_official"", ""thumbnails"": {""default"": {""url"": ""https://i.ytimg.com/vi/yYNazHoWJz0/default.jpg"", ""width"": 120, ""height"": 90}, ""medium"": {""url"": ""https://i.ytimg.com/vi/yYNazHoWJz0/mqdefault.jpg"", ""width"": 320, ""height"": 180}, ""high"": {""url"": ""https://i.ytimg.com/vi/yYNazHoWJz0/hqdefault.jpg"", ""width"": 480, ""height"": 360}, ""standard"": {""url"": ""https://i.ytimg.com/vi/yYNazHoWJz0/sddefault.jpg"", ""width"": 640, ""height"": 480}, ""maxres"": {""url"": ""https://i.ytimg.com/vi/yYNazHoWJz0/maxresdefault.jpg"", ""width"": 1280, ""height"": 720}}, ""channelTitle"": ""SBSKPOP X INKIGAYO"", ""tags"": [""Inkigayo"", ""인기가요직캠"", ""SBSKPOP"", ""스브스케이팝"", ""인기가요"", ""인가직캠"", ""안방1열직캠"", ""페이스캠"", ""fancam"", ""보이넥스트도어"", ""BOYNEXTDOOR"", ""보이넥스트도어 컴백"", ""보이넥스트도어 신곡"", ""보이넥스트도어 노래"", ""보이넥스트도어 인가"", ""보이넥스트도어 인기가요"", ""보이넥스트도어 음방"", ""보이넥스트도어 음악방송"", ""보이넥스트도어 무대"", ""보이넥스트도어 뮤비"", ""보이넥스트도어 페이스캠"", ""보이넥스트도어 직캠"", ""성호"", ""SUNGHO"", ""리우"", ""RIWOO"", ""명재현"", ""JAEHYUN"", ""태산"", ""TAESAN"", ""이한"", ""LEEHAN"", ""운학"", ""WOONHAK"", ""똑똑똑"", ""ddok ddok ddok"", ""HOME"", ""VIRAL"", ""BND"", ""바이럴"", ""왁뿌볼"", ""왁뿌"", ""이상해씨"", ""포켓몬"", ""포켓몬스터"", ""키캡"", ""바이럴템"", ""유행"", ""유행템"", ""280개"", ""역조공"", ""팬사랑"", ""왁뿌볼 만들기"", ""asmr"", ""왁뿌볼 asmr"", ""링뿌볼""], ""categoryId"": ""10"", ""liveBroadcastContent"": ""none"", ""defaultLanguage"": ""ko"", ""localized"": {""title"": ""BOYNEXTDOOR 리우 \""왁뿌볼과 사는 남자\"" | #순간뽀짝세상에이런아이돌이"", ""description"": ""BOYNEXTDOOR 리우 \""왁뿌볼과 사는 남자\"" | #순간뽀짝세상에이런아이돌이\n\n#리우 #RIWOO #보이넥스트도어 #BOYNEXTDOOR #BND #VIRAL #HOME  #순간뽀짝_세상에_이런_아이돌이 #순간뽀짝 #순뽀 \n\n💼 비즈니스 문의: prismcontent@sbs.co.kr\n\nCopyright Ⓒ 스튜디오 프리즘. All rights reserved. 무단 전재, 재배포 및 AI학습 이용 금지\n\n\n---------------------------------------------------------------------------------------------------\n\n☞ MORE ＂SBS KPOP＂\n\n- Twitter : https://twitter.com/kpop_sbs\n- Facebook : https://www.facebook.com/sbskpop\n- Instagram : https://instagram.com/sbskpop_official""}, ""defaultAudioLanguage"": ""en-US""}, ""statistics"": {""viewCount"": ""54848"", ""likeCount"": ""6407"", ""favoriteCount"": ""0"", ""commentCount"": ""444""}}"
왁뿌볼,preset,왁뿌볼,M0tLLqBN30U,우리가만든 종이컵왁뿌볼,2026-06-13T09:41:29Z,809,3,0,https://www.youtube.com/watch?v=M0tLLqBN30U,youtube,왁뿌볼,canonical,1.0,2026-06-14T04:32:08.673355+00:00,809,3,0,3,우리오리,,"{""kind"": ""youtube#video"", ""etag"": ""VvhHoxYXdIKlrshNLtE3k_c9ZtE"", ""id"": ""M0tLLqBN30U"", ""snippet"": {""publishedAt"": ""2026-06-13T09:41:29Z"", ""channelId"": ""UCyUXt9Bku8FaBx3Uw6aH5XA"", ""title"": ""우리가만든 종이컵왁뿌볼"", ""description"": """", ""thumbnails"": {""default"": {""url"": ""https://i.ytimg.com/vi/M0tLLqBN30U/default.jpg"", ""width"": 120, ""height"": 90}, ""medium"": {""url"": ""https://i.ytimg.com/vi/M0tLLqBN30U/mqdefault.jpg"", ""width"": 320, ""height"": 180}, ""high"": {""url"": ""https://i.ytimg.com/vi/M0tLLqBN30U/hqdefault.jpg"", ""width"": 480, ""height"": 360}, ""standard"": {""url"": ""https://i.ytimg.com/vi/M0tLLqBN30U/sddefault.jpg"", ""width"": 640, ""height"": 480}, ""maxres"": {""url"": ""https://i.ytimg.com/vi/M0tLLqBN30U/maxresdefault.jpg"", ""width"": 1280, ""height"": 720}}, ""channelTitle"": ""우리오리"", ""categoryId"": ""22"", ""liveBroadcastContent"": ""none"", ""defaultLanguage"": ""ko"", ""localized"": {""title"": ""우리가만든 종이컵왁뿌볼"", ""description"": """"}, ""defaultAudioLanguage"": ""vi""}, ""statistics"": {""viewCount"": ""809"", ""likeCount"": ""3"", ""favoriteCount"": ""0""}}"
왁뿌볼,preset,왁뿌볼,nVxcCHq9cQU,왁뿌볼 👍 👍 👍 👍 👍 👍 👍 👍 👍 👍 👍 👍 👍 👍 👍 👍 👍 👍,2026-06-13T09:31:03Z,603,7,0,https://www.youtube.com/watch?v=nVxcCHq9cQU,youtube,왁뿌볼,canonical,1.0,2026-06-14T04:32:08.673355+00:00,603,7,0,7,별이 방,,"{""kind"": ""youtube#video"", ""etag"": ""_bU_3srAL54-I79n8YfzahWcp90"", ""id"": ""nVxcCHq9cQU"", ""snippet"": {""publishedAt"": ""2026-06-13T09:31:03Z"", ""channelId"": ""UCtPOlSysjzdzZahL48KsHcA"", ""title"": ""왁뿌볼 👍 👍 👍 👍 👍 👍 👍 👍 👍 👍 👍 👍 👍 👍 👍 👍 👍 👍"", ""description"": """", ""thumbnails"": {""default"": {""url"": ""https://i.ytimg.com/vi/nVxcCHq9cQU/default.jpg"", ""width"": 120, ""height"": 90}, ""medium"": {""url"": ""https://i.ytimg.com/vi/nVxcCHq9cQU/mqdefault.jpg"", ""width"": 320, ""height"": 180}, ""high"": {""url"": ""https://i.ytimg.com/vi/nVxcCHq9cQU/hqdefault.jpg"", ""width"": 480, ""height"": 360}, ""standard"": {""url"": ""https://i.ytimg.com/vi/nVxcCHq9cQU/sddefault.jpg"", ""width"": 640, ""height"": 480}, ""maxres"": {""url"": ""https://i.ytimg.com/vi/nVxcCHq9cQU/maxresdefault.jpg"", ""width"": 1280, ""height"": 720}}, ""channelTitle"": ""별이 방"", ""categoryId"": ""22"", ""liveBroadcastContent"": ""none"", ""defaultLanguage"": ""ko"", ""localized"": {""title"": ""왁뿌볼 👍 👍 👍 👍 👍 👍 👍 👍 👍 👍 👍 👍 👍 👍 👍 👍 👍 👍"", ""description"": """"}, ""defaultAudioLanguage"": ""ko""}, ""statistics"": {""viewCount"": ""603"", ""likeCount"": ""7"", ""favoriteCount"": ""0""}}"
